URL,Version,Status,OIDs,Name,Title,Description,Used
http://helsenorge.no/fhir/CodeSystem/henvisningsstatus,1.2.0,active,,HnHenvisningsstatus,Henvisningsstatus (HIS 1206),"Koder som angir status for henvisning i henhold til HIS 1206:2018.","ValueSet/henvisningsstatus-vs"
http://helsenorge.no/fhir/CodeSystem/hn-schedule-type-cs,1.2.0,draft,,HnScheduleTypeCS,Codes that should be used for schedule type,"Codes that should be used for schedule type.","ValueSet/hn-schedule-type-vs"
http://helsenorge.no/fhir/CodeSystem/hn-scheduleAndSlot-type-cs,1.2.0,draft,,HnScheduleAndSlotTypeCS,Codes that should be used for schedule and SlotType.,"Codes that should be used for schedule and SlotType.","ValueSet/hn-scheduleandslot-type-vs"
http://hl7.org/fhir/request-status,4.0.1,draft,"2.16.840.1.113883.4.642.4.112",RequestStatus,RequestStatus,"Codes identifying the lifecycle stage of a request.","ValueSet/hn-extended-servicerequest-status"
http://snomed.info/sct,null,active,"2.16.840.1.113883.6.96",SNOMED_CT,SNOMED CT (all versions),"SNOMED CT is the most comprehensive and precise clinical health terminology product in the world, owned and distributed around the world by The International Health Terminology Standards Development Organisation (IHTSDO).","ValueSet/serviceRequest-category-vs,ValueSet/serviceRequest-performerType-vs"
http://terminology.hl7.org/CodeSystem/service-category,1.1.1,active,"2.16.840.1.113883.4.642.1.1144",ServiceCategory,Service category,"This value set defines an example set of codes that can be used to classify groupings of service-types/specialties.","ValueSet/service-category"
