URL,Version,Status,OIDs,Name,Title,Descriptino,Uses,Used,Sources
http://helsenorge.no/fhir/ValueSet/cs-8116-Dnr-Fnr-vs,1.1.0,active,,CS8116DnrFnrVS,DNR og FNR fra Volven 8116,"ValueSet basert på 8116 som inkluderer kun FNR og DNR","StructureDefinition/hn-extension-representant","Other"
http://helsenorge.no/fhir/ValueSet/hn-schedule-type-vs,1.1.0,draft,,HnScheduleTypeVS,hn-schedule-type-vs,"Value set for schedule type","StructureDefinition/hn-basis-schedule","Internal"
http://helsenorge.no/fhir/ValueSet/hn-scheduleandslot-type-vs,1.1.0,draft,,HnScheduleAndSlotTypeVS,hn-scheduleandslot-type-vs,"Value set for schedule and slot type","StructureDefinition/hn-basis-slot","Internal,Other"
http://helsenorge.no/fhir/ValueSet/serviceRequest-category-vs,1.1.0,active,,ServiceRequestCategoryVS,ServiceRequest Category Value Set,"Kode som klassifiserer tjenesten for søk, sortering og visningsformål. (flere koder vil leggest til senere)","StructureDefinition/hn-basis-serviceRequest","SCT"
http://helsenorge.no/fhir/ValueSet/serviceRequest-performerType-vs,1.1.0,active,,ServiceRequestPerformerTypeVS,ServiceRequest PerformerType Value Set,"Koder for valgte profesjonstyper.","StructureDefinition/hn-basis-serviceRequest","SCT,Other"
http://hl7.org/fhir/ValueSet/data-absent-reason,4.0.1,active,"2.16.840.1.113883.4.642.3.5",DataAbsentReason,DataAbsentReason,"Used to specify why the normally expected content of the data element is missing.","StructureDefinition/no-basis-Observation-Bodytemp","THO"
http://hl7.org/fhir/ValueSet/service-category,4.0.1,draft,"2.16.840.1.113883.4.642.3.516",ServiceCategory,Service category,"This value set defines an example set of codes that can be used to classify groupings of service-types/specialties.","StructureDefinition/hn-basis-schedule,StructureDefinition/hn-basis-slot","THO"
http://hl7.org/fhir/ValueSet/ucum-bodytemp,4.0.1,draft,"2.16.840.1.113883.4.642.3.957",BodyTemperatureUnits,Body Temperature Units,"UCUM units for recording Body Temperature","StructureDefinition/no-basis-Observation-Bodytemp","UCUM"
