URL,Version,Status,OIDs,Name,Title,Descriptino,Uses,Used,Sources
http://helsenorge.no/fhir/ValueSet/cs-8116-Dnr-Fnr-vs,0.2.0,draft,,CS8116DnrFnrVS,DNR og FNR fra Volven 8116,"ValueSet basert på 8116 som inkluderer kun FNR og DNR","StructureDefinition/hn-extension-representant","Other"
http://helsenorge.no/fhir/ValueSet/serviceRequest-category-vs,0.2.0,draft,,ServiceRequestCategoryVS,ServiceRequest Category Value Set,"Kode som klassifiserer tjenesten for søk, sortering og visningsformål.","StructureDefinition/hn-basis-serviceRequest","SCT"
http://helsenorge.no/fhir/ValueSet/serviceRequest-code-vs,0.2.0,draft,,ServiceRequestCodeVS,ServiceRequest code Value Set,"Kode for tjenesten for søkt om.","StructureDefinition/hn-basis-serviceRequest","SCT"
http://helsenorge.no/fhir/ValueSet/serviceRequest-performerType-vs,0.2.0,draft,,ServiceRequestPerformerTypeVS,ServiceRequest PerformerType Value Set,"Koder for valgte profesjonstyper.","StructureDefinition/hn-basis-serviceRequest","SCT,Other"
