<?xml version="1.0" encoding="UTF-8"?>

<CodeSystem xmlns="http://hl7.org/fhir">
  <id value="no-kodeverk-8624.codesystem"/>
  <text>
    <status value="generated"/><div xmlns="http://www.w3.org/1999/xhtml"><p>This case-sensitive code system <code>http://helsenorge.no/fhir/CodeSystem/no-kodeverk-8624.codesystem</code> defines the following codes:</p><table class="codes"><tr><td style="white-space:nowrap"><b>Code</b></td><td><b>Display</b></td></tr><tr><td style="white-space:nowrap">01<a name="no-kodeverk-8624.codesystem-01"> </a></td><td>Sykehus</td></tr><tr><td style="white-space:nowrap">02<a name="no-kodeverk-8624.codesystem-02"> </a></td><td>Klinikk</td></tr><tr><td style="white-space:nowrap">03<a name="no-kodeverk-8624.codesystem-03"> </a></td><td>Senter</td></tr><tr><td style="white-space:nowrap">04<a name="no-kodeverk-8624.codesystem-04"> </a></td><td>Divisjon</td></tr><tr><td style="white-space:nowrap">05<a name="no-kodeverk-8624.codesystem-05"> </a></td><td>Avdeling</td></tr><tr><td style="white-space:nowrap">06<a name="no-kodeverk-8624.codesystem-06"> </a></td><td>Seksjon</td></tr><tr><td style="white-space:nowrap">07<a name="no-kodeverk-8624.codesystem-07"> </a></td><td>Fagenhet</td></tr><tr><td style="white-space:nowrap">08<a name="no-kodeverk-8624.codesystem-08"> </a></td><td>Post</td></tr><tr><td style="white-space:nowrap">09<a name="no-kodeverk-8624.codesystem-09"> </a></td><td>Team</td></tr><tr><td style="white-space:nowrap">10<a name="no-kodeverk-8624.codesystem-10"> </a></td><td>Avsnitt</td></tr><tr><td style="white-space:nowrap">11<a name="no-kodeverk-8624.codesystem-11"> </a></td><td>Poliklinikk</td></tr><tr><td style="white-space:nowrap">12<a name="no-kodeverk-8624.codesystem-12"> </a></td><td>Institusjon</td></tr><tr><td style="white-space:nowrap">13<a name="no-kodeverk-8624.codesystem-13"> </a></td><td>Område</td></tr><tr><td style="white-space:nowrap">14<a name="no-kodeverk-8624.codesystem-14"> </a></td><td>Laboratorium</td></tr><tr><td style="white-space:nowrap">21<a name="no-kodeverk-8624.codesystem-21"> </a></td><td>Hotell</td></tr><tr><td style="white-space:nowrap">31<a name="no-kodeverk-8624.codesystem-31"> </a></td><td>DPS</td></tr><tr><td style="white-space:nowrap">41<a name="no-kodeverk-8624.codesystem-41"> </a></td><td>Tun</td></tr><tr><td style="white-space:nowrap">51<a name="no-kodeverk-8624.codesystem-51"> </a></td><td>Skole</td></tr><tr><td style="white-space:nowrap">61<a name="no-kodeverk-8624.codesystem-61"> </a></td><td>Privat avtalespesialist</td></tr><tr><td style="white-space:nowrap">71<a name="no-kodeverk-8624.codesystem-71"> </a></td><td>Kontor</td></tr><tr><td style="white-space:nowrap">72<a name="no-kodeverk-8624.codesystem-72"> </a></td><td>Ressurspool</td></tr><tr><td style="white-space:nowrap">73<a name="no-kodeverk-8624.codesystem-73"> </a></td><td>Stab</td></tr><tr><td style="white-space:nowrap">88<a name="no-kodeverk-8624.codesystem-88"> </a></td><td>Annet</td></tr></table></div>
  </text>
  <url value="http://helsenorge.no/fhir/CodeSystem/no-kodeverk-8624.codesystem"/>
  <identifier>
    <system value="urn:ietf:rfc:3986"/>
    <value value="urn:oid:2.16.578.1.12.4.1.1.8624"/>
  </identifier>
  <version value="1.0.0"/>
  <name value="NoKodeverk8624"/>
  <title value="8624 Organisatorisk betegnelse"/>
  <status value="active"/>
  <experimental value="false"/>
  <date value="2020-12-04"/>
  <publisher value="Direktoratet for e-helse"/>
  <description value="Hvilken type enheten er, hva enheten kalles lokalt. Valg av term har ingen betydning for bestemmelse av nivå eller hierarkisk plassering. Betydningen av slike ord varierer mye fra organisasjon til organisasjon."/>
  <jurisdiction>
    <coding>
      <system value="urn:iso:std:iso:3166"/>
      <code value="NO"/>
      <display value="Norway"/>
    </coding>
  </jurisdiction>
  <caseSensitive value="true"/>
  <content value="complete"/>
  <count value="23"/>
  <concept>
    <code value="01"/>
    <display value="Sykehus"/>
  </concept>
  <concept>
    <code value="02"/>
    <display value="Klinikk"/>
  </concept>
  <concept>
    <code value="03"/>
    <display value="Senter"/>
  </concept>
  <concept>
    <code value="04"/>
    <display value="Divisjon"/>
  </concept>
  <concept>
    <code value="05"/>
    <display value="Avdeling"/>
  </concept>
  <concept>
    <code value="06"/>
    <display value="Seksjon"/>
  </concept>
  <concept>
    <code value="07"/>
    <display value="Fagenhet"/>
  </concept>
  <concept>
    <code value="08"/>
    <display value="Post"/>
  </concept>
  <concept>
    <code value="09"/>
    <display value="Team"/>
  </concept>
  <concept>
    <code value="10"/>
    <display value="Avsnitt"/>
  </concept>
  <concept>
    <code value="11"/>
    <display value="Poliklinikk"/>
  </concept>
  <concept>
    <code value="12"/>
    <display value="Institusjon"/>
  </concept>
  <concept>
    <code value="13"/>
    <display value="Område"/>
  </concept>
  <concept>
    <code value="14"/>
    <display value="Laboratorium"/>
  </concept>
  <concept>
    <code value="21"/>
    <display value="Hotell"/>
  </concept>
  <concept>
    <code value="31"/>
    <display value="DPS"/>
  </concept>
  <concept>
    <code value="41"/>
    <display value="Tun"/>
  </concept>
  <concept>
    <code value="51"/>
    <display value="Skole"/>
  </concept>
  <concept>
    <code value="61"/>
    <display value="Privat avtalespesialist"/>
  </concept>
  <concept>
    <code value="71"/>
    <display value="Kontor"/>
  </concept>
  <concept>
    <code value="72"/>
    <display value="Ressurspool"/>
  </concept>
  <concept>
    <code value="73"/>
    <display value="Stab"/>
  </concept>
  <concept>
    <code value="88"/>
    <display value="Annet"/>
  </concept>
</CodeSystem>