<?xml version="1.0" encoding="UTF-8"?>

<CodeSystem xmlns="http://hl7.org/fhir">
  <id value="no-kodeverk-8216.codesystem"/>
  <text>
    <status value="generated"/><div xmlns="http://www.w3.org/1999/xhtml"><p>This case-sensitive code system <code>http://helsenorge.no/fhir/CodeSystem/no-kodeverk-8216.codesystem</code> defines the following codes:</p><table class="codes"><tr><td style="white-space:nowrap"><b>Code</b></td><td><b>Display</b></td></tr><tr><td style="white-space:nowrap">VAG<a name="no-kodeverk-8216.codesystem-VAG"> </a></td><td>Vagina</td></tr><tr><td style="white-space:nowrap">VUL<a name="no-kodeverk-8216.codesystem-VUL"> </a></td><td>Vulva</td></tr><tr><td style="white-space:nowrap">ASC<a name="no-kodeverk-8216.codesystem-ASC"> </a></td><td>Ascites</td></tr><tr><td style="white-space:nowrap">CVX<a name="no-kodeverk-8216.codesystem-CVX"> </a></td><td>Cervix</td></tr><tr><td style="white-space:nowrap">ENDM<a name="no-kodeverk-8216.codesystem-ENDM"> </a></td><td>Endometrium</td></tr><tr><td style="white-space:nowrap">AN<a name="no-kodeverk-8216.codesystem-AN"> </a></td><td>Annet materiale</td></tr><tr><td style="white-space:nowrap">FIN<a name="no-kodeverk-8216.codesystem-FIN"> </a></td><td>Finnålsaspirasjon</td></tr><tr><td style="white-space:nowrap">BRO<a name="no-kodeverk-8216.codesystem-BRO"> </a></td><td>Bronchialutstryk</td></tr><tr><td style="white-space:nowrap">PLR<a name="no-kodeverk-8216.codesystem-PLR"> </a></td><td>Plevravæske</td></tr><tr><td style="white-space:nowrap">PLRH<a name="no-kodeverk-8216.codesystem-PLRH"> </a></td><td>Plevravæske Høyre</td></tr><tr><td style="white-space:nowrap">PLRV<a name="no-kodeverk-8216.codesystem-PLRV"> </a></td><td>Plevravæske Venstre</td></tr><tr><td style="white-space:nowrap">UR<a name="no-kodeverk-8216.codesystem-UR"> </a></td><td>Urin (spontan)</td></tr><tr><td style="white-space:nowrap">UR1<a name="no-kodeverk-8216.codesystem-UR1"> </a></td><td>Urin Prøve 1</td></tr><tr><td style="white-space:nowrap">UR2<a name="no-kodeverk-8216.codesystem-UR2"> </a></td><td>Urin Prøve 2</td></tr><tr><td style="white-space:nowrap">UR3<a name="no-kodeverk-8216.codesystem-UR3"> </a></td><td>Urin Prøve 3</td></tr><tr><td style="white-space:nowrap">EKSP<a name="no-kodeverk-8216.codesystem-EKSP"> </a></td><td>Ekspektorat</td></tr><tr><td style="white-space:nowrap">EKSP1<a name="no-kodeverk-8216.codesystem-EKSP1"> </a></td><td>Ekspektorat Prøve 1</td></tr><tr><td style="white-space:nowrap">EKSP2<a name="no-kodeverk-8216.codesystem-EKSP2"> </a></td><td>Ekspektorat Prøve 2</td></tr><tr><td style="white-space:nowrap">EKSP3<a name="no-kodeverk-8216.codesystem-EKSP3"> </a></td><td>Ekspektorat Prøve 3</td></tr></table></div>
  </text>
  <url value="http://helsenorge.no/fhir/CodeSystem/no-kodeverk-8216.codesystem"/>
  <identifier>
    <system value="urn:ietf:rfc:3986"/>
    <value value="urn:oid:2.16.578.1.12.4.1.1.8216"/>
  </identifier>
  <version value="0.2.0"/>
  <name value="NoKodeverk8216"/>
  <title value="8216 Kodeverk for cytologisk materiale"/>
  <status value="active"/>
  <experimental value="false"/>
  <date value="2023-12-12T23:44:27+01:00"/>
  <publisher value="Direktoratet for e-helse"/>
  <description value="Gynekologisk materiale eller annet cytologisk materiale som er tatt for cytologiske undersøkelser. Kodene dekker opp valgmuligheter fra standard rekvisisjonsskjema for cytologiske undersøkelser."/>
  <jurisdiction>
    <coding>
      <system value="urn:iso:std:iso:3166"/>
      <code value="NO"/>
      <display value="Norway"/>
    </coding>
  </jurisdiction>
  <caseSensitive value="true"/>
  <content value="complete"/>
  <count value="19"/>
  <concept>
    <code value="VAG"/>
    <display value="Vagina"/>
  </concept>
  <concept>
    <code value="VUL"/>
    <display value="Vulva"/>
  </concept>
  <concept>
    <code value="ASC"/>
    <display value="Ascites"/>
  </concept>
  <concept>
    <code value="CVX"/>
    <display value="Cervix"/>
  </concept>
  <concept>
    <code value="ENDM"/>
    <display value="Endometrium"/>
  </concept>
  <concept>
    <code value="AN"/>
    <display value="Annet materiale"/>
  </concept>
  <concept>
    <code value="FIN"/>
    <display value="Finnålsaspirasjon"/>
  </concept>
  <concept>
    <code value="BRO"/>
    <display value="Bronchialutstryk"/>
  </concept>
  <concept>
    <code value="PLR"/>
    <display value="Plevravæske"/>
  </concept>
  <concept>
    <code value="PLRH"/>
    <display value="Plevravæske Høyre"/>
  </concept>
  <concept>
    <code value="PLRV"/>
    <display value="Plevravæske Venstre"/>
  </concept>
  <concept>
    <code value="UR"/>
    <display value="Urin (spontan)"/>
  </concept>
  <concept>
    <code value="UR1"/>
    <display value="Urin Prøve 1"/>
  </concept>
  <concept>
    <code value="UR2"/>
    <display value="Urin Prøve 2"/>
  </concept>
  <concept>
    <code value="UR3"/>
    <display value="Urin Prøve 3"/>
  </concept>
  <concept>
    <code value="EKSP"/>
    <display value="Ekspektorat"/>
  </concept>
  <concept>
    <code value="EKSP1"/>
    <display value="Ekspektorat Prøve 1"/>
  </concept>
  <concept>
    <code value="EKSP2"/>
    <display value="Ekspektorat Prøve 2"/>
  </concept>
  <concept>
    <code value="EKSP3"/>
    <display value="Ekspektorat Prøve 3"/>
  </concept>
</CodeSystem>