<?xml version="1.0" encoding="UTF-8"?>

<CodeSystem xmlns="http://hl7.org/fhir">
  <id value="no-kodeverk-8272.codesystem"/>
  <text>
    <status value="generated"/><div xmlns="http://www.w3.org/1999/xhtml"><p class="res-header-id"><b>Generated Narrative: CodeSystem no-kodeverk-8272.codesystem</b></p><a name="no-kodeverk-8272.codesystem"> </a><a name="hcno-kodeverk-8272.codesystem"> </a><a name="no-kodeverk-8272.codesystem-no-NO"> </a><p>This case-sensitive code system <code>http://helsenorge.no/fhir/CodeSystem/no-kodeverk-8272.codesystem</code> defines the following codes:</p><table class="codes"><tr><td style="white-space:nowrap"><b>Code</b></td><td><b>Display</b></td><td><b>Definition</b></td></tr><tr><td style="white-space:nowrap">CYT<a name="no-kodeverk-8272.codesystem-CYT"> </a></td><td>Cytologiprøve</td><td>Ny cytologiprøve anbefales</td></tr><tr><td style="white-space:nowrap">HIST<a name="no-kodeverk-8272.codesystem-HIST"> </a></td><td>Histologisk undersøkelse</td><td>Histologisk undersøkelse anbefales</td></tr><tr><td style="white-space:nowrap">HPV<a name="no-kodeverk-8272.codesystem-HPV"> </a></td><td>HPV-test</td><td>HPV-test anbefales</td></tr></table></div>
  </text>
  <url value="http://helsenorge.no/fhir/CodeSystem/no-kodeverk-8272.codesystem"/>
  <identifier>
    <system value="urn:ietf:rfc:3986"/>
    <value value="urn:oid:2.16.578.1.12.4.1.1.8272"/>
  </identifier>
  <version value="1.1.0"/>
  <name value="NoKodeverk8272"/>
  <title value="8272 Anbefaling om ny undersøkelse"/>
  <status value="active"/>
  <experimental value="false"/>
  <date value="2025-03-16T11:47:10+01:00"/>
  <description value="Anbefaling om ny undersøkelse."/>
  <jurisdiction>
    <coding>
      <system value="urn:iso:std:iso:3166"/>
      <code value="NO"/>
      <display value="Norway"/>
    </coding>
  </jurisdiction>
  <caseSensitive value="true"/>
  <content value="complete"/>
  <count value="3"/>
  <concept>
    <code value="CYT"/>
    <display value="Cytologiprøve"/>
    <definition value="Ny cytologiprøve anbefales"/>
  </concept>
  <concept>
    <code value="HIST"/>
    <display value="Histologisk undersøkelse"/>
    <definition value="Histologisk undersøkelse anbefales"/>
  </concept>
  <concept>
    <code value="HPV"/>
    <display value="HPV-test"/>
    <definition value="HPV-test anbefales"/>
  </concept>
</CodeSystem>