<?xml version="1.0" encoding="UTF-8"?>

<CodeSystem xmlns="http://hl7.org/fhir">
  <id value="no-kodeverk-4101.codesystem"/>
  <text>
    <status value="generated"/><div xmlns="http://www.w3.org/1999/xhtml"><p class="res-header-id"><b>Generated Narrative: CodeSystem no-kodeverk-4101.codesystem</b></p><a name="no-kodeverk-4101.codesystem"> </a><a name="hcno-kodeverk-4101.codesystem"> </a><a name="no-kodeverk-4101.codesystem-no-NO"> </a><p>This case-sensitive code system <code>http://helsenorge.no/fhir/CodeSystem/no-kodeverk-4101.codesystem</code> defines codes, but no codes are represented here</p></div>
  </text>
  <url value="http://helsenorge.no/fhir/CodeSystem/no-kodeverk-4101.codesystem"/>
  <identifier>
    <system value="urn:ietf:rfc:3986"/>
    <value value="urn:oid:2.16.578.1.12.4.1.1.4101"/>
  </identifier>
  <version value="1.2.1"/>
  <name value="NoKodeverk4101"/>
  <title value="4101 Betalingskategori"/>
  <status value="active"/>
  <experimental value="false"/>
  <date value="2025-09-29T11:54:59+02:00"/>
  <description value="Dette kodeverket inneholder koder som benyttes for å angi hvem som er betalingsansvarlig."/>
  <jurisdiction>
    <coding>
      <system value="urn:iso:std:iso:3166"/>
      <code value="NO"/>
      <display value="Norway"/>
    </coding>
  </jurisdiction>
  <caseSensitive value="true"/>
  <content value="not-present"/>
</CodeSystem>