<?xml version="1.0" encoding="UTF-8"?>

<CodeSystem xmlns="http://hl7.org/fhir">
  <id value="no-kodeverk-7010-norpat.codesystem"/>
  <text>
    <status value="generated"/><div xmlns="http://www.w3.org/1999/xhtml"><p class="res-header-id"><b>Generated Narrative: CodeSystem no-kodeverk-7010-norpat.codesystem</b></p><a name="no-kodeverk-7010-norpat.codesystem"> </a><a name="hcno-kodeverk-7010-norpat.codesystem"> </a><a name="no-kodeverk-7010-norpat.codesystem-no-NO"> </a><p>This case-sensitive code system <code>http://helsenorge.no/fhir/CodeSystem/no-kodeverk-7010-norpat.codesystem</code> defines codes, but no codes are represented here</p></div>
  </text>
  <url value="http://helsenorge.no/fhir/CodeSystem/no-kodeverk-7010-norpat.codesystem"/>
  <identifier>
    <system value="urn:ietf:rfc:3986"/>
    <value value="urn:oid:2.16.578.1.12.4.1.1.7010"/>
  </identifier>
  <version value="1.3.1"/>
  <name value="NoKodeverk7010NORPAT"/>
  <title value="Norsk patologikodeverk (NORPAT)"/>
  <status value="active"/>
  <experimental value="false"/>
  <date value="2025-10-01T13:36:52+02:00"/>
  <description value="Norsk patologikodeverk er et kodeverk som benyttes ved norske patologiavdelinger. Kodeverket ble utarbeidet av Den norske patologforenings kode- og nomenklaturutvalg i samarbeid med KITH på grunnlag av The Systematized Nomenclature of Medicine (SNOMED, 1984). Endret navn fra Den norske SNOMED til Norsk patologikodeverk 3. november 2015."/>
  <jurisdiction>
    <coding>
      <system value="urn:iso:std:iso:3166"/>
      <code value="NO"/>
      <display value="Norway"/>
    </coding>
  </jurisdiction>
  <caseSensitive value="true"/>
  <content value="not-present"/>
</CodeSystem>