<?xml version="1.0" encoding="UTF-8"?>

<CodeSystem xmlns="http://hl7.org/fhir">
  <id value="no-kodeverk-8445.codesystem"/>
  <text>
    <status value="generated"/><div xmlns="http://www.w3.org/1999/xhtml"><p>This case-sensitive code system <code>http://helsenorge.no/fhir/CodeSystem/no-kodeverk-8445.codesystem</code> defines the following codes:</p><table class="codes"><tr><td style="white-space:nowrap"><b>Code</b></td><td><b>Display</b></td></tr><tr><td style="white-space:nowrap">1<a name="no-kodeverk-8445.codesystem-1"> </a></td><td>Helsehjelp er påbegynt</td></tr><tr><td style="white-space:nowrap">2<a name="no-kodeverk-8445.codesystem-2"> </a></td><td>Pasienten ønsker ikke helsehjelp</td></tr><tr><td style="white-space:nowrap">3<a name="no-kodeverk-8445.codesystem-3"> </a></td><td>Pasienten er henvist til et annet sykehus/institusjon (unntatt fritt behandlingsvalg)</td></tr><tr><td style="white-space:nowrap">4<a name="no-kodeverk-8445.codesystem-4"> </a></td><td>Pasienten har valgt annet sykehus/institusjon</td></tr><tr><td style="white-space:nowrap">5<a name="no-kodeverk-8445.codesystem-5"> </a></td><td>Pasienten mottar helsehjelp ved annet sykehus/institusjon rekvirert av HELFO</td></tr><tr><td style="white-space:nowrap">7<a name="no-kodeverk-8445.codesystem-7"> </a></td><td>Pasienten er henvist til avtalespesialist</td></tr><tr><td style="white-space:nowrap">9<a name="no-kodeverk-8445.codesystem-9"> </a></td><td>Annen årsak til ventetid slutt/helsehjelp uaktuelt</td></tr></table></div>
  </text>
  <url value="http://helsenorge.no/fhir/CodeSystem/no-kodeverk-8445.codesystem"/>
  <identifier>
    <system value="urn:ietf:rfc:3986"/>
    <value value="urn:oid:2.16.578.1.12.4.1.1.8445"/>
  </identifier>
  <version value="0.1.0"/>
  <name value="NoKodeverk8445"/>
  <title value="8445 Ventetid sluttkode"/>
  <status value="active"/>
  <experimental value="false"/>
  <date value="2022-03-17"/>
  <publisher value="Direktoratet for e-helse"/>
  <description value="Dette kodeverket inneholder koder for avvikling."/>
  <jurisdiction>
    <coding>
      <system value="urn:iso:std:iso:3166"/>
      <code value="NO"/>
      <display value="Norway"/>
    </coding>
  </jurisdiction>
  <caseSensitive value="true"/>
  <content value="complete"/>
  <count value="7"/>
  <concept>
    <code value="1"/>
    <display value="Helsehjelp er påbegynt"/>
  </concept>
  <concept>
    <code value="2"/>
    <display value="Pasienten ønsker ikke helsehjelp"/>
  </concept>
  <concept>
    <code value="3"/>
    <display value="Pasienten er henvist til et annet sykehus/institusjon (unntatt fritt behandlingsvalg)"/>
  </concept>
  <concept>
    <code value="4"/>
    <display value="Pasienten har valgt annet sykehus/institusjon"/>
  </concept>
  <concept>
    <code value="5"/>
    <display value="Pasienten mottar helsehjelp ved annet sykehus/institusjon rekvirert av HELFO"/>
  </concept>
  <concept>
    <code value="7"/>
    <display value="Pasienten er henvist til avtalespesialist"/>
  </concept>
  <concept>
    <code value="9"/>
    <display value="Annen årsak til ventetid slutt/helsehjelp uaktuelt"/>
  </concept>
</CodeSystem>