<?xml version="1.0" encoding="UTF-8"?>

<NamingSystem xmlns="http://hl7.org/fhir">
  <id value="no-basis-foedselsnummer"/>
  <meta>
    <versionId value="1.0"/>
  </meta>
  <text>
    <status value="generated"/><div xmlns="http://www.w3.org/1999/xhtml"><p class="res-header-id"><b>Generated Narrative: NamingSystem no-basis-foedselsnummer</b></p><a name="no-basis-foedselsnummer"> </a><a name="hcno-basis-foedselsnummer"> </a><a name="no-basis-foedselsnummer-no-NO"> </a><div style="display: inline-block; background-color: #d9e0e7; padding: 6px; margin: 4px; border: 1px solid #8da1b4; border-radius: 5px; line-height: 60%"><p style="margin-bottom: 0px">version: 1.0</p></div><h3>Summary</h3><table class="grid"><tr><td>Defining URL</td><td>http://helsenorge.no/fhir/NamingSystem/no-basis-foedselsnummer</td></tr><tr><td>Version</td><td>1.1.0</td></tr><tr><td>Name</td><td>Foedselsnummer</td></tr><tr><td>Status</td><td>active</td></tr><tr><td>Definition</td><td><div><p>Fødselsnummer is the official identification of a Norwegian citizen and is registered in the repository called folkeregisteret. Fødselsnummer is a 11-digit number containing 2 control digits.</p>
</div></td></tr></table><h3>Identifiers</h3><table class="grid"><tr><td><b>Type</b></td><td><b>Value</b></td><td><b>Preferred</b></td></tr><tr><td>URI</td><td>http://hl7.no/fhir/NamingSystem/FNR</td><td>false</td></tr><tr><td>OID</td><td>2.16.578.1.12.4.1.4.1</td><td>true</td></tr></table></div>
  </text>
  <extension url="http://hl7.org/fhir/5.0/StructureDefinition/extension-NamingSystem.url">
    <valueUri value="http://helsenorge.no/fhir/NamingSystem/no-basis-foedselsnummer"/>
  </extension>
  <extension url="http://hl7.org/fhir/5.0/StructureDefinition/extension-NamingSystem.version">
    <valueString value="1.1.0"/>
  </extension>
  <name value="Foedselsnummer"/>
  <status value="active"/>
  <kind value="identifier"/>
  <date value="2018-08-13"/>
  <responsible value="Skatteetaten"/>
  <description value="Fødselsnummer is the official identification of a Norwegian citizen and is registered in the repository called folkeregisteret. Fødselsnummer is a 11-digit number containing 2 control digits."/>
  <jurisdiction>
    <coding>
      <system value="urn:iso:std:iso:3166"/>
      <code value="NO"/>
      <display value="Norway"/>
    </coding>
  </jurisdiction>
  <uniqueId>
    <type value="uri"/>
    <value value="http://hl7.no/fhir/NamingSystem/FNR"/>
    <preferred value="false"/>
  </uniqueId>
  <uniqueId>
    <type value="oid"/>
    <value value="2.16.578.1.12.4.1.4.1"/>
    <preferred value="true"/>
  </uniqueId>
</NamingSystem>