<?xml version="1.0" encoding="UTF-8"?>

<Schedule xmlns="http://hl7.org/fhir">
  <id value="Schedule-Koronavaksine"/>
  <meta>
    <profile value="http://helsenorge.no/fhir/StructureDefinition/hn-basis-schedule"/>
  </meta>
  <text>
    <status value="extensions"/><div xmlns="http://www.w3.org/1999/xhtml"><p class="res-header-id"><b>Generated Narrative: Schedule Schedule-Koronavaksine</b></p><a name="Schedule-Koronavaksine"> </a><a name="hcSchedule-Koronavaksine"> </a><a name="Schedule-Koronavaksine-no-NO"> </a><blockquote><p><b>Periode for første og siste ledige slot i timebok</b></p><ul><li>freePlanningHorizon: 2024-06-05 09:00:00+0000 --&gt; 2024-06-09 15:30:00+0000</li></ul></blockquote><p><b>identifier</b>: <a href="http://terminology.hl7.org/6.0.2/NamingSystem-uri.html" title="As defined by RFC 3986 (http://www.ietf.org/rfc/rfc3986.txt)(with many schemes defined in many RFCs). For OIDs and UUIDs, use the URN form (urn:oid:(note: lowercase) and urn:uuid:). See http://www.ietf.org/rfc/rfc3001.txt and http://www.ietf.org/rfc/rfc4122.txt 

This oid is used as an identifier II.root to indicate the the extension is an absolute URI (technically, an IRI). Typically, this is used for OIDs and GUIDs. Note that when this OID is used with OIDs and GUIDs, the II.extension should start with urn:oid or urn:uuid: 

Note that this OID is created to aid with interconversion between CDA and FHIR - FHIR uses urn:ietf:rfc:3986 as equivalent to this OID. URIs as identifiers appear more commonly in FHIR.

This OID may also be used in CD.codeSystem.">Uniform Resource Identifier (URI)</a>/urn:uuid:03b4a6cf-7c8b-4171-a171-8b7abbec2eaf</p><p><b>serviceType</b>: <span title="Codes:{urn:oid:2.16.578.1.12.4.1.1.7617 Koronavaksine}">Koronavaksine</span></p><p><b>actor</b>: Koronavaksine (Identifier: <code>urn:oid:2.16.578.1.12.4.1.1.9051</code>/ABCDEF123456)</p><p><b>comment</b>: Koronavaksine tilbys til risikopasienter i henhold til retningslinjer fra FHI</p></div>
  </text>
  <extension url="http://helsenorge.no/fhir/StructureDefinition/hn-extension-free-slot-planningHorizon">
    <extension url="freePlanningHorizon">
      <valuePeriod>
        <start value="2024-06-05T09:00:00Z"/>
        <end value="2024-06-09T15:30:00Z"/>
      </valuePeriod>
    </extension>
  </extension>
  <identifier>
    <system value="urn:ietf:rfc:3986"/>
    <value value="urn:uuid:03b4a6cf-7c8b-4171-a171-8b7abbec2eaf"/>
  </identifier>
  <serviceType>
    <coding>
      <system value="urn:oid:2.16.578.1.12.4.1.1.7617"/>
      <code value="Koronavaksine"/>
    </coding>
  </serviceType>
  <actor>
    <type value="HealthcareService"/>
    <identifier>
      <system value="urn:oid:2.16.578.1.12.4.1.1.9051"/>
      <value value="ABCDEF123456"/>
    </identifier>
    <display value="Koronavaksine"/>
  </actor>
  <comment value="Koronavaksine tilbys til risikopasienter i henhold til retningslinjer fra FHI"/>
</Schedule>