<?xml version="1.0" encoding="UTF-8"?>

<Schedule xmlns="http://hl7.org/fhir">
  <id value="Schedule-Vikar-September-August"/>
  <meta>
    <profile value="http://helsenorge.no/fhir/StructureDefinition/hn-basis-schedule"/>
  </meta>
  <text>
    <status value="extensions"/><div xmlns="http://www.w3.org/1999/xhtml"><p><b>Generated Narrative: Schedule</b><a name="Schedule-Vikar-September-August"> </a></p><div style="display: inline-block; background-color: #d9e0e7; padding: 6px; margin: 4px; border: 1px solid #8da1b4; border-radius: 5px; line-height: 60%"><p style="margin-bottom: 0px">Resource Schedule &quot;Schedule-Vikar-September-August&quot; </p><p style="margin-bottom: 0px">Profile: <a href="StructureDefinition-hn-basis-schedule.html">HnBasisSchedule</a></p></div><blockquote><p><b>Periode for første og siste ledige slot i timebok</b></p><blockquote><p><b>url</b></p><code>freePlanningHorizon</code></blockquote><p><b>value</b>: 2024-06-07 09:00:00+0000 --&gt; 2024-09-20 15:30:00+0000</p></blockquote><p><b>identifier</b>: id: urn:uuid:0cd7fe84-94c3-41b8-83f6-3c64451447bc</p><p><b>serviceType</b>: Personlig <span style="background: LightGoldenRodYellow; margin: 4px; border: 1px solid khaki"> (<a href="CodeSystem-hn-scheduleAndSlot-type-cs.html">Codes that should be used for schedule and SlotType.</a>#Personlig)</span></p><p><b>actor</b>: <span>: Vikar September August</span></p><p><b>comment</b>: Jobber tirsdag og torsdag</p></div>
  </text>
  <extension url="http://helsenorge.no/fhir/StructureDefinition/hn-extension-free-slot-planningHorizon">
    <extension url="freePlanningHorizon">
      <valuePeriod>
        <start value="2024-06-07T09:00:00Z"/>
        <end value="2024-09-20T15:30:00Z"/>
      </valuePeriod>
    </extension>
  </extension>
  <identifier>
    <system value="urn:ietf:rfc:3986"/>
    <value value="urn:uuid:0cd7fe84-94c3-41b8-83f6-3c64451447bc"/>
  </identifier>
  <serviceType>
    <coding>
      <system value="http://helsenorge.no/fhir/CodeSystem/hn-scheduleAndSlot-type-cs"/>
      <code value="Personlig"/>
    </coding>
  </serviceType>
  <actor>
    <type value="Practitioner"/>
    <identifier>
      <system value="urn:oid:2.16.578.1.12.4.1.4.4"/>
      <value value="431001875"/>
    </identifier>
    <display value="Vikar September August"/>
  </actor>
  <comment value="Jobber tirsdag og torsdag"/>
</Schedule>