<?xml version="1.0" encoding="UTF-8"?>

<ServiceRequest xmlns="http://hl7.org/fhir">
  <id value="hn-basis-serviceRequest-example"/>
  <meta>
    <profile value="http://helsenorge.no/fhir/StructureDefinition/hn-basis-serviceRequest"/>
  </meta>
  <text>
    <status value="generated"/><div xmlns="http://www.w3.org/1999/xhtml"><p><b>Generated Narrative: ServiceRequest</b><a name="hn-basis-serviceRequest-example"> </a></p><div style="display: inline-block; background-color: #d9e0e7; padding: 6px; margin: 4px; border: 1px solid #8da1b4; border-radius: 5px; line-height: 60%"><p style="margin-bottom: 0px">Resource ServiceRequest &quot;hn-basis-serviceRequest-example&quot; </p><p style="margin-bottom: 0px">Profile: <a href="StructureDefinition-hn-basis-serviceRequest.html">HnBasisServiceRequest</a></p></div><p><b>identifier</b>: id: cdeaceeb-4119-42c6-8a3a-b8d495970cb9</p><p><b>status</b>: active</p><p><b>intent</b>: order</p><p><b>category</b>: Face to face consultation with patient <span style="background: LightGoldenRodYellow; margin: 4px; border: 1px solid khaki"> (<a href="https://browser.ihtsdotools.org/">SNOMED CT</a>#1269515004; <a href="https://browser.ihtsdotools.org/">SNOMED CT</a>#719410009 &quot;Consultation via video conference&quot;)</span></p><p><b>priority</b>: routine</p><p><b>subject</b>: <span>id: 12345678901</span></p><p><b>occurrence</b>: 2023-11-15 09:00:00+0000 --&gt; 2023-11-20 15:30:00+0000</p><p><b>performerType</b>: Lege <span style="background: LightGoldenRodYellow; margin: 4px; border: 1px solid khaki"> (unknown#LE)</span></p><p><b>reasonCode</b>: Atrial fibrillation <span style="background: LightGoldenRodYellow; margin: 4px; border: 1px solid khaki"> (<a href="https://browser.ihtsdotools.org/">SNOMED CT</a>#49436004)</span></p><p><b>note</b>: Jeg har fått beskjed om at jeg trenger regelmessig oppfølging på grunn av hjertetilstanden min og ønsker meg time på legesenteret eller via vidoe konultasjon</p></div>
  </text>
  <identifier>
    <system value="http://helsenorge.no/fhir/identifiers/uuid"/>
    <value value="cdeaceeb-4119-42c6-8a3a-b8d495970cb9"/>
  </identifier>
  <status value="active"/>
  <intent value="order"/>
  <category>
    <coding>
      <system value="http://snomed.info/sct"/>
      <code value="1269515004"/>
      <display value="Face to face consultation with patient"/>
    </coding>
    <coding>
      <system value="http://snomed.info/sct"/>
      <code value="719410009"/>
      <display value="Consultation via video conference"/>
    </coding>
  </category>
  <priority value="routine"/>
  <subject>
    <type value="Patient"/>
    <identifier>
      <system value="urn:oid:2.16.578.1.12.4.1.4.1"/>
      <value value="12345678901"/>
    </identifier>
  </subject>
  <occurrencePeriod>
    <start value="2023-11-15T09:00:00Z"/>
    <end value="2023-11-20T15:30:00Z"/>
  </occurrencePeriod>
  <performerType>
    <coding>
      <system value="urn:oid:2.16.578.1.12.4.1.1.9060"/>
      <code value="LE"/>
      <display value="Lege"/>
    </coding>
  </performerType>
  <reasonCode>
    <coding>
      <system value="http://snomed.info/sct"/>
      <code value="49436004"/>
      <display value="Atrial fibrillation"/>
    </coding>
  </reasonCode>
  <note>
    <text value="Jeg har fått beskjed om at jeg trenger regelmessig oppfølging på grunn av hjertetilstanden min og ønsker meg time på legesenteret eller via vidoe konultasjon"/>
  </note>
</ServiceRequest>