<?xml version="1.0" encoding="UTF-8"?>

<ValueSet xmlns="http://hl7.org/fhir">
  <id value="hn-scheduleandslot-type-vs"/>
  <text>
    <status value="generated"/><div xmlns="http://www.w3.org/1999/xhtml"><p class="res-header-id"><b>Generated Narrative: ValueSet hn-scheduleandslot-type-vs</b></p><a name="hn-scheduleandslot-type-vs"> </a><a name="hchn-scheduleandslot-type-vs"> </a><a name="hn-scheduleandslot-type-vs-no-NO"> </a><p>This value set includes codes based on the following rules:</p><ul><li>Include these codes as defined in <code>urn:oid:2.16.578.1.12.4.1.1.7617</code><table class="none"><tr><td style="white-space:nowrap"><b>Code</b></td><td><b>Display</b></td></tr><tr><td>Vaksine</td><td>Time for vaksine</td></tr><tr><td>Lab</td><td>Time på lab</td></tr><tr><td>Koronatest</td><td>Innført for håndtering av pandemien</td></tr><tr><td>Koronavaksine</td><td>Innført for håndtering av pandemien</td></tr></table></li><li>Include all codes defined in <a href="CodeSystem-hn-scheduleAndSlot-type-cs.html"><code>http://helsenorge.no/fhir/CodeSystem/hn-scheduleAndSlot-type-cs</code></a></li></ul></div>
  </text>
  <url value="http://helsenorge.no/fhir/ValueSet/hn-scheduleandslot-type-vs"/>
  <version value="1.0.0"/>
  <name value="HnScheduleAndSlotTypeVS"/>
  <title value="hn-scheduleandslot-type-vs"/>
  <status value="draft"/>
  <experimental value="true"/>
  <date value="2024-11-07T10:34:59+01:00"/>
  <description value="Value set for schedule and slot type"/>
  <jurisdiction>
    <coding>
      <system value="urn:iso:std:iso:3166"/>
      <code value="NO"/>
      <display value="Norway"/>
    </coding>
  </jurisdiction>
  <compose>
    <include>
      <system value="urn:oid:2.16.578.1.12.4.1.1.7617"/>
      <concept>
        <code value="Vaksine"/>
        <display value="Time for vaksine"/>
      </concept>
      <concept>
        <code value="Lab"/>
        <display value="Time på lab"/>
      </concept>
      <concept>
        <code value="Koronatest"/>
        <display value="Innført for håndtering av pandemien"/>
      </concept>
      <concept>
        <code value="Koronavaksine"/>
        <display value="Innført for håndtering av pandemien"/>
      </concept>
    </include>
    <include>
      <system value="http://helsenorge.no/fhir/CodeSystem/hn-scheduleAndSlot-type-cs"/>
    </include>
  </compose>
</ValueSet>