{
  "resourceType" : "CodeSystem",
  "id" : "no-kodeverk-8231.codesystem",
  "text" : {
    "status" : "generated",
    "div" : "<div xmlns=\"http://www.w3.org/1999/xhtml\"><p class=\"res-header-id\"><b>Generated Narrative: CodeSystem no-kodeverk-8231.codesystem</b></p><a name=\"no-kodeverk-8231.codesystem\"> </a><a name=\"hcno-kodeverk-8231.codesystem\"> </a><a name=\"no-kodeverk-8231.codesystem-no-NO\"> </a><p>This case-sensitive code system <code>http://helsenorge.no/fhir/CodeSystem/no-kodeverk-8231.codesystem</code> defines the following codes:</p><table class=\"codes\"><tr><td style=\"white-space:nowrap\"><b>Code</b></td><td><b>Display</b></td><td><b>Definition</b></td></tr><tr><td style=\"white-space:nowrap\">BG<a name=\"no-kodeverk-8231.codesystem-BG\"> </a></td><td>Begrunnelse</td><td>Uspesifisert</td></tr><tr><td style=\"white-space:nowrap\">BUP-BM<a name=\"no-kodeverk-8231.codesystem-BUP-BM\"> </a></td><td>Henvisningsgrunn barnets miljø</td><td/></tr><tr><td style=\"white-space:nowrap\">BUP-HG<a name=\"no-kodeverk-8231.codesystem-BUP-HG\"> </a></td><td>Henvisningsgrunn barnet</td><td/></tr><tr><td style=\"white-space:nowrap\">DIAG<a name=\"no-kodeverk-8231.codesystem-DIAG\"> </a></td><td>Diagnose</td><td>Når den ikke oppgis strukturert</td></tr><tr><td style=\"white-space:nowrap\">FA<a name=\"no-kodeverk-8231.codesystem-FA\"> </a></td><td>Familie/sosialt</td><td/></tr><tr><td style=\"white-space:nowrap\">FO<a name=\"no-kodeverk-8231.codesystem-FO\"> </a></td><td>Forløp og behandling</td><td/></tr><tr><td style=\"white-space:nowrap\">FU<a name=\"no-kodeverk-8231.codesystem-FU\"> </a></td><td>Funn og undersøkelsesresultater</td><td/></tr><tr><td style=\"white-space:nowrap\">HJ<a name=\"no-kodeverk-8231.codesystem-HJ\"> </a></td><td>Funksjonsnivå/hjelpetiltak</td><td/></tr><tr><td style=\"white-space:nowrap\">IP<a name=\"no-kodeverk-8231.codesystem-IP\"> </a></td><td>Informasjon til pasient/pårørende</td><td/></tr><tr><td style=\"white-space:nowrap\">KF<a name=\"no-kodeverk-8231.codesystem-KF\"> </a></td><td>Kontroll pga. tidligere funn</td><td/></tr><tr><td style=\"white-space:nowrap\">MAAL<a name=\"no-kodeverk-8231.codesystem-MAAL\"> </a></td><td>Mål for oppholdet</td><td/></tr><tr><td style=\"white-space:nowrap\">MU<a name=\"no-kodeverk-8231.codesystem-MU\"> </a></td><td>Innkalt til masseundersøkelse</td><td/></tr><tr><td style=\"white-space:nowrap\">PROB<a name=\"no-kodeverk-8231.codesystem-PROB\"> </a></td><td>Aktuell problemstilling</td><td/></tr><tr><td style=\"white-space:nowrap\">RU<a name=\"no-kodeverk-8231.codesystem-RU\"> </a></td><td>Rutineundersøkelse utenom masseundersøkelse</td><td/></tr><tr><td style=\"white-space:nowrap\">SVU<a name=\"no-kodeverk-8231.codesystem-SVU\"> </a></td><td>Spesialistvurdering</td><td>Dersom henvisningen har blitt vurdert av en spesialist skal det finnes en forekomst av ReasonAsText med SVU som kodeverdi. Relevant epikriseinformasjon kan legges i TectResultValue feltet.</td></tr><tr><td style=\"white-space:nowrap\">UP<a name=\"no-kodeverk-8231.codesystem-UP\"> </a></td><td>Ubesvarte prøver</td><td/></tr><tr><td style=\"white-space:nowrap\">UTRED<a name=\"no-kodeverk-8231.codesystem-UTRED\"> </a></td><td>Forventet utredning/behandling</td><td/></tr><tr><td style=\"white-space:nowrap\">VU<a name=\"no-kodeverk-8231.codesystem-VU\"> </a></td><td>Vurdering</td><td/></tr></table></div>"
  },
  "url" : "http://helsenorge.no/fhir/CodeSystem/no-kodeverk-8231.codesystem",
  "identifier" : [{
    "system" : "urn:ietf:rfc:3986",
    "value" : "urn:oid:2.16.578.1.12.4.1.1.8231"
  }],
  "version" : "1.0.0",
  "name" : "NoKodeverk8231",
  "title" : "8231 Type tekstsvar",
  "status" : "active",
  "experimental" : false,
  "date" : "2025-02-07T15:58:52+01:00",
  "description" : "Begrunnelse for rekvisisjon/henvisning",
  "jurisdiction" : [{
    "coding" : [{
      "system" : "urn:iso:std:iso:3166",
      "code" : "NO",
      "display" : "Norway"
    }]
  }],
  "caseSensitive" : true,
  "content" : "complete",
  "count" : 18,
  "concept" : [{
    "code" : "BG",
    "display" : "Begrunnelse",
    "definition" : "Uspesifisert"
  },
  {
    "code" : "BUP-BM",
    "display" : "Henvisningsgrunn barnets miljø"
  },
  {
    "code" : "BUP-HG",
    "display" : "Henvisningsgrunn barnet"
  },
  {
    "code" : "DIAG",
    "display" : "Diagnose",
    "definition" : "Når den ikke oppgis strukturert"
  },
  {
    "code" : "FA",
    "display" : "Familie/sosialt"
  },
  {
    "code" : "FO",
    "display" : "Forløp og behandling"
  },
  {
    "code" : "FU",
    "display" : "Funn og undersøkelsesresultater"
  },
  {
    "code" : "HJ",
    "display" : "Funksjonsnivå/hjelpetiltak"
  },
  {
    "code" : "IP",
    "display" : "Informasjon til pasient/pårørende"
  },
  {
    "code" : "KF",
    "display" : "Kontroll pga. tidligere funn"
  },
  {
    "code" : "MAAL",
    "display" : "Mål for oppholdet"
  },
  {
    "code" : "MU",
    "display" : "Innkalt til masseundersøkelse"
  },
  {
    "code" : "PROB",
    "display" : "Aktuell problemstilling"
  },
  {
    "code" : "RU",
    "display" : "Rutineundersøkelse utenom masseundersøkelse"
  },
  {
    "code" : "SVU",
    "display" : "Spesialistvurdering",
    "definition" : "Dersom henvisningen har blitt vurdert av en spesialist skal det finnes en forekomst av ReasonAsText med SVU som kodeverdi. Relevant epikriseinformasjon kan legges i TectResultValue feltet."
  },
  {
    "code" : "UP",
    "display" : "Ubesvarte prøver"
  },
  {
    "code" : "UTRED",
    "display" : "Forventet utredning/behandling"
  },
  {
    "code" : "VU",
    "display" : "Vurdering"
  }]
}