{
  "resourceType" : "CodeSystem",
  "id" : "no-kodeverk-7280-nlk.codesystem",
  "text" : {
    "status" : "generated",
    "div" : "<div xmlns=\"http://www.w3.org/1999/xhtml\"><p>This case-sensitive code system <code>http://helsenorge.no/fhir/CodeSystem/no-kodeverk-7280-nlk.codesystem</code> defines codes, but no codes are represented here</p></div>"
  },
  "url" : "http://helsenorge.no/fhir/CodeSystem/no-kodeverk-7280-nlk.codesystem",
  "identifier" : [{
    "system" : "urn:ietf:rfc:3986",
    "value" : "urn:oid:2.16.578.1.12.4.1.1.7280"
  }],
  "version" : "0.2.0",
  "name" : "NoKodeverk7280NLK",
  "title" : "Norsk laboratoriekodeverk",
  "status" : "active",
  "experimental" : false,
  "date" : "2023-12-14T15:10:19+01:00",
  "publisher" : "Direktoratet for e-helse",
  "description" : "Norsk laboratoriekodverk er et felles kodeverk for laboratorieanalyser utarbeidet i samarbeid med de laboratoriefaglige miljøene fordelt på 6 spesialiteter: Immunologi og transfusjonsmedisin, Klinisk farmakologi, Medisinsk biokjemi, Medisinsk genetikk, Medisinsk mikrobiologi og Patologi.",
  "jurisdiction" : [{
    "coding" : [{
      "system" : "urn:iso:std:iso:3166",
      "code" : "NO",
      "display" : "Norway"
    }]
  }],
  "caseSensitive" : true,
  "content" : "not-present"
}