{
  "resourceType" : "CodeSystem",
  "id" : "no-kodeverk-7303.codesystem",
  "text" : {
    "status" : "generated",
    "div" : "<div xmlns=\"http://www.w3.org/1999/xhtml\"><p>This case-sensitive code system <code>http://helsenorge.no/fhir/CodeSystem/no-kodeverk-7303.codesystem</code> defines codes, but no codes are represented here</p></div>"
  },
  "url" : "http://helsenorge.no/fhir/CodeSystem/no-kodeverk-7303.codesystem",
  "identifier" : [{
    "system" : "urn:ietf:rfc:3986",
    "value" : "urn:oid:2.16.578.1.12.4.1.1.7303"
  }],
  "version" : "0.2.0",
  "name" : "NoKodeverk7303",
  "title" : "7303 Svarrapporteringsprioritet",
  "status" : "active",
  "experimental" : false,
  "date" : "2023-12-13T16:08:28+01:00",
  "publisher" : "Direktoratet for e-helse",
  "description" : "Svarrapporteringsprioritet. Kodeverket har ikke noen beskrivelse.",
  "jurisdiction" : [{
    "coding" : [{
      "system" : "urn:iso:std:iso:3166",
      "code" : "NO",
      "display" : "Norway"
    }]
  }],
  "caseSensitive" : true,
  "content" : "not-present"
}