{
  "resourceType" : "CodeSystem",
  "id" : "no-kodeverk-8624.codesystem",
  "text" : {
    "status" : "generated",
    "div" : "<div xmlns=\"http://www.w3.org/1999/xhtml\"><p>This case-sensitive code system <code>http://helsenorge.no/fhir/CodeSystem/no-kodeverk-8624.codesystem</code> defines the following codes:</p><table class=\"codes\"><tr><td style=\"white-space:nowrap\"><b>Code</b></td><td><b>Display</b></td></tr><tr><td style=\"white-space:nowrap\">01<a name=\"no-kodeverk-8624.codesystem-01\"> </a></td><td>Sykehus</td></tr><tr><td style=\"white-space:nowrap\">02<a name=\"no-kodeverk-8624.codesystem-02\"> </a></td><td>Klinikk</td></tr><tr><td style=\"white-space:nowrap\">03<a name=\"no-kodeverk-8624.codesystem-03\"> </a></td><td>Senter</td></tr><tr><td style=\"white-space:nowrap\">04<a name=\"no-kodeverk-8624.codesystem-04\"> </a></td><td>Divisjon</td></tr><tr><td style=\"white-space:nowrap\">05<a name=\"no-kodeverk-8624.codesystem-05\"> </a></td><td>Avdeling</td></tr><tr><td style=\"white-space:nowrap\">06<a name=\"no-kodeverk-8624.codesystem-06\"> </a></td><td>Seksjon</td></tr><tr><td style=\"white-space:nowrap\">07<a name=\"no-kodeverk-8624.codesystem-07\"> </a></td><td>Fagenhet</td></tr><tr><td style=\"white-space:nowrap\">08<a name=\"no-kodeverk-8624.codesystem-08\"> </a></td><td>Post</td></tr><tr><td style=\"white-space:nowrap\">09<a name=\"no-kodeverk-8624.codesystem-09\"> </a></td><td>Team</td></tr><tr><td style=\"white-space:nowrap\">10<a name=\"no-kodeverk-8624.codesystem-10\"> </a></td><td>Avsnitt</td></tr><tr><td style=\"white-space:nowrap\">11<a name=\"no-kodeverk-8624.codesystem-11\"> </a></td><td>Poliklinikk</td></tr><tr><td style=\"white-space:nowrap\">12<a name=\"no-kodeverk-8624.codesystem-12\"> </a></td><td>Institusjon</td></tr><tr><td style=\"white-space:nowrap\">13<a name=\"no-kodeverk-8624.codesystem-13\"> </a></td><td>Område</td></tr><tr><td style=\"white-space:nowrap\">14<a name=\"no-kodeverk-8624.codesystem-14\"> </a></td><td>Laboratorium</td></tr><tr><td style=\"white-space:nowrap\">21<a name=\"no-kodeverk-8624.codesystem-21\"> </a></td><td>Hotell</td></tr><tr><td style=\"white-space:nowrap\">31<a name=\"no-kodeverk-8624.codesystem-31\"> </a></td><td>DPS</td></tr><tr><td style=\"white-space:nowrap\">41<a name=\"no-kodeverk-8624.codesystem-41\"> </a></td><td>Tun</td></tr><tr><td style=\"white-space:nowrap\">51<a name=\"no-kodeverk-8624.codesystem-51\"> </a></td><td>Skole</td></tr><tr><td style=\"white-space:nowrap\">61<a name=\"no-kodeverk-8624.codesystem-61\"> </a></td><td>Privat avtalespesialist</td></tr><tr><td style=\"white-space:nowrap\">71<a name=\"no-kodeverk-8624.codesystem-71\"> </a></td><td>Kontor</td></tr><tr><td style=\"white-space:nowrap\">72<a name=\"no-kodeverk-8624.codesystem-72\"> </a></td><td>Ressurspool</td></tr><tr><td style=\"white-space:nowrap\">73<a name=\"no-kodeverk-8624.codesystem-73\"> </a></td><td>Stab</td></tr><tr><td style=\"white-space:nowrap\">88<a name=\"no-kodeverk-8624.codesystem-88\"> </a></td><td>Annet</td></tr></table></div>"
  },
  "url" : "http://helsenorge.no/fhir/CodeSystem/no-kodeverk-8624.codesystem",
  "identifier" : [{
    "system" : "urn:ietf:rfc:3986",
    "value" : "urn:oid:2.16.578.1.12.4.1.1.8624"
  }],
  "version" : "0.1.0",
  "name" : "NoKodeverk8624",
  "title" : "8624 Organisatorisk betegnelse",
  "status" : "active",
  "experimental" : false,
  "date" : "2020-12-04",
  "publisher" : "Direktoratet for e-helse",
  "description" : "Hvilken type enheten er, hva enheten kalles lokalt. Valg av term har ingen betydning for bestemmelse av nivå eller hierarkisk plassering. Betydningen av slike ord varierer mye fra organisasjon til organisasjon.",
  "jurisdiction" : [{
    "coding" : [{
      "system" : "urn:iso:std:iso:3166",
      "code" : "NO",
      "display" : "Norway"
    }]
  }],
  "caseSensitive" : true,
  "content" : "complete",
  "count" : 23,
  "concept" : [{
    "code" : "01",
    "display" : "Sykehus"
  },
  {
    "code" : "02",
    "display" : "Klinikk"
  },
  {
    "code" : "03",
    "display" : "Senter"
  },
  {
    "code" : "04",
    "display" : "Divisjon"
  },
  {
    "code" : "05",
    "display" : "Avdeling"
  },
  {
    "code" : "06",
    "display" : "Seksjon"
  },
  {
    "code" : "07",
    "display" : "Fagenhet"
  },
  {
    "code" : "08",
    "display" : "Post"
  },
  {
    "code" : "09",
    "display" : "Team"
  },
  {
    "code" : "10",
    "display" : "Avsnitt"
  },
  {
    "code" : "11",
    "display" : "Poliklinikk"
  },
  {
    "code" : "12",
    "display" : "Institusjon"
  },
  {
    "code" : "13",
    "display" : "Område"
  },
  {
    "code" : "14",
    "display" : "Laboratorium"
  },
  {
    "code" : "21",
    "display" : "Hotell"
  },
  {
    "code" : "31",
    "display" : "DPS"
  },
  {
    "code" : "41",
    "display" : "Tun"
  },
  {
    "code" : "51",
    "display" : "Skole"
  },
  {
    "code" : "61",
    "display" : "Privat avtalespesialist"
  },
  {
    "code" : "71",
    "display" : "Kontor"
  },
  {
    "code" : "72",
    "display" : "Ressurspool"
  },
  {
    "code" : "73",
    "display" : "Stab"
  },
  {
    "code" : "88",
    "display" : "Annet"
  }]
}