{
  "resourceType" : "CodeSystem",
  "id" : "no-kodeverk-7617.codesystem",
  "text" : {
    "status" : "generated",
    "div" : "<div xmlns=\"http://www.w3.org/1999/xhtml\"><p class=\"res-header-id\"><b>Generated Narrative: CodeSystem no-kodeverk-7617.codesystem</b></p><a name=\"no-kodeverk-7617.codesystem\"> </a><a name=\"hcno-kodeverk-7617.codesystem\"> </a><a name=\"no-kodeverk-7617.codesystem-no-NO\"> </a><p>This case-sensitive code system <code>http://helsenorge.no/fhir/CodeSystem/no-kodeverk-7617.codesystem</code> defines the following codes:</p><table class=\"codes\"><tr><td style=\"white-space:nowrap\"><b>Code</b></td><td><b>Display</b></td></tr><tr><td style=\"white-space:nowrap\">Ordinær<a name=\"no-kodeverk-7617.codesystem-Ordin.230r\"> </a></td><td>Ordinær time</td></tr><tr><td style=\"white-space:nowrap\">Hastetime<a name=\"no-kodeverk-7617.codesystem-Hastetime\"> </a></td><td>Hastetime</td></tr><tr><td style=\"white-space:nowrap\">Video<a name=\"no-kodeverk-7617.codesystem-Video\"> </a></td><td>Videotime</td></tr><tr><td style=\"white-space:nowrap\">Tidsvindu<a name=\"no-kodeverk-7617.codesystem-Tidsvindu\"> </a></td><td>Tidsvindu</td></tr><tr><td style=\"white-space:nowrap\">Gruppe<a name=\"no-kodeverk-7617.codesystem-Gruppe\"> </a></td><td>Gruppetime</td></tr><tr><td style=\"white-space:nowrap\">Vaksine<a name=\"no-kodeverk-7617.codesystem-Vaksine\"> </a></td><td>Time for vaksine</td></tr><tr><td style=\"white-space:nowrap\">Lab<a name=\"no-kodeverk-7617.codesystem-Lab\"> </a></td><td>Time på lab</td></tr><tr><td style=\"white-space:nowrap\">Koronatest<a name=\"no-kodeverk-7617.codesystem-Koronatest\"> </a></td><td>Innført for håndtering av pandemien</td></tr><tr><td style=\"white-space:nowrap\">Koronavaksine<a name=\"no-kodeverk-7617.codesystem-Koronavaksine\"> </a></td><td>Innført for håndtering av pandemien</td></tr></table></div>"
  },
  "url" : "http://helsenorge.no/fhir/CodeSystem/no-kodeverk-7617.codesystem",
  "identifier" : [{
    "system" : "urn:ietf:rfc:3986",
    "value" : "urn:oid:2.16.578.1.12.4.1.1.7617"
  }],
  "version" : "1.2.0",
  "name" : "NoKodeverk7617",
  "title" : "7617 Timetype innbyggerportal",
  "status" : "active",
  "experimental" : false,
  "date" : "2023-03-29",
  "description" : "Tilleggsopplysning til diagnose.",
  "jurisdiction" : [{
    "coding" : [{
      "system" : "urn:iso:std:iso:3166",
      "code" : "NO",
      "display" : "Norway"
    }]
  }],
  "caseSensitive" : true,
  "content" : "complete",
  "count" : 9,
  "concept" : [{
    "code" : "Ordinær",
    "display" : "Ordinær time"
  },
  {
    "code" : "Hastetime",
    "display" : "Hastetime"
  },
  {
    "code" : "Video",
    "display" : "Videotime"
  },
  {
    "code" : "Tidsvindu",
    "display" : "Tidsvindu"
  },
  {
    "code" : "Gruppe",
    "display" : "Gruppetime"
  },
  {
    "code" : "Vaksine",
    "display" : "Time for vaksine"
  },
  {
    "code" : "Lab",
    "display" : "Time på lab"
  },
  {
    "code" : "Koronatest",
    "display" : "Innført for håndtering av pandemien"
  },
  {
    "code" : "Koronavaksine",
    "display" : "Innført for håndtering av pandemien"
  }]
}