{
  "resourceType" : "CodeSystem",
  "id" : "no-kodeverk-8216.codesystem",
  "text" : {
    "status" : "generated",
    "div" : "<div xmlns=\"http://www.w3.org/1999/xhtml\"><p>This case-sensitive code system <code>http://helsenorge.no/fhir/CodeSystem/no-kodeverk-8216.codesystem</code> defines the following codes:</p><table class=\"codes\"><tr><td style=\"white-space:nowrap\"><b>Code</b></td><td><b>Display</b></td></tr><tr><td style=\"white-space:nowrap\">VAG<a name=\"no-kodeverk-8216.codesystem-VAG\"> </a></td><td>Vagina</td></tr><tr><td style=\"white-space:nowrap\">VUL<a name=\"no-kodeverk-8216.codesystem-VUL\"> </a></td><td>Vulva</td></tr><tr><td style=\"white-space:nowrap\">ASC<a name=\"no-kodeverk-8216.codesystem-ASC\"> </a></td><td>Ascites</td></tr><tr><td style=\"white-space:nowrap\">CVX<a name=\"no-kodeverk-8216.codesystem-CVX\"> </a></td><td>Cervix</td></tr><tr><td style=\"white-space:nowrap\">ENDM<a name=\"no-kodeverk-8216.codesystem-ENDM\"> </a></td><td>Endometrium</td></tr><tr><td style=\"white-space:nowrap\">AN<a name=\"no-kodeverk-8216.codesystem-AN\"> </a></td><td>Annet materiale</td></tr><tr><td style=\"white-space:nowrap\">FIN<a name=\"no-kodeverk-8216.codesystem-FIN\"> </a></td><td>Finnålsaspirasjon</td></tr><tr><td style=\"white-space:nowrap\">BRO<a name=\"no-kodeverk-8216.codesystem-BRO\"> </a></td><td>Bronchialutstryk</td></tr><tr><td style=\"white-space:nowrap\">PLR<a name=\"no-kodeverk-8216.codesystem-PLR\"> </a></td><td>Plevravæske</td></tr><tr><td style=\"white-space:nowrap\">PLRH<a name=\"no-kodeverk-8216.codesystem-PLRH\"> </a></td><td>Plevravæske Høyre</td></tr><tr><td style=\"white-space:nowrap\">PLRV<a name=\"no-kodeverk-8216.codesystem-PLRV\"> </a></td><td>Plevravæske Venstre</td></tr><tr><td style=\"white-space:nowrap\">UR<a name=\"no-kodeverk-8216.codesystem-UR\"> </a></td><td>Urin (spontan)</td></tr><tr><td style=\"white-space:nowrap\">UR1<a name=\"no-kodeverk-8216.codesystem-UR1\"> </a></td><td>Urin Prøve 1</td></tr><tr><td style=\"white-space:nowrap\">UR2<a name=\"no-kodeverk-8216.codesystem-UR2\"> </a></td><td>Urin Prøve 2</td></tr><tr><td style=\"white-space:nowrap\">UR3<a name=\"no-kodeverk-8216.codesystem-UR3\"> </a></td><td>Urin Prøve 3</td></tr><tr><td style=\"white-space:nowrap\">EKSP<a name=\"no-kodeverk-8216.codesystem-EKSP\"> </a></td><td>Ekspektorat</td></tr><tr><td style=\"white-space:nowrap\">EKSP1<a name=\"no-kodeverk-8216.codesystem-EKSP1\"> </a></td><td>Ekspektorat Prøve 1</td></tr><tr><td style=\"white-space:nowrap\">EKSP2<a name=\"no-kodeverk-8216.codesystem-EKSP2\"> </a></td><td>Ekspektorat Prøve 2</td></tr><tr><td style=\"white-space:nowrap\">EKSP3<a name=\"no-kodeverk-8216.codesystem-EKSP3\"> </a></td><td>Ekspektorat Prøve 3</td></tr></table></div>"
  },
  "url" : "http://helsenorge.no/fhir/CodeSystem/no-kodeverk-8216.codesystem",
  "identifier" : [{
    "system" : "urn:ietf:rfc:3986",
    "value" : "urn:oid:2.16.578.1.12.4.1.1.8216"
  }],
  "version" : "0.1.0",
  "name" : "NoKodeverk8216",
  "title" : "8216 Kodeverk for cytologisk materiale",
  "status" : "active",
  "experimental" : false,
  "date" : "2023-11-05T00:35:42+01:00",
  "publisher" : "Direktoratet for e-helse",
  "description" : "Gynekologisk materiale eller annet cytologisk materiale som er tatt for cytologiske undersøkelser. Kodene dekker opp valgmuligheter fra standard rekvisisjonsskjema for cytologiske undersøkelser.",
  "jurisdiction" : [{
    "coding" : [{
      "system" : "urn:iso:std:iso:3166",
      "code" : "NO",
      "display" : "Norway"
    }]
  }],
  "caseSensitive" : true,
  "content" : "complete",
  "count" : 19,
  "concept" : [{
    "code" : "VAG",
    "display" : "Vagina"
  },
  {
    "code" : "VUL",
    "display" : "Vulva"
  },
  {
    "code" : "ASC",
    "display" : "Ascites"
  },
  {
    "code" : "CVX",
    "display" : "Cervix"
  },
  {
    "code" : "ENDM",
    "display" : "Endometrium"
  },
  {
    "code" : "AN",
    "display" : "Annet materiale"
  },
  {
    "code" : "FIN",
    "display" : "Finnålsaspirasjon"
  },
  {
    "code" : "BRO",
    "display" : "Bronchialutstryk"
  },
  {
    "code" : "PLR",
    "display" : "Plevravæske"
  },
  {
    "code" : "PLRH",
    "display" : "Plevravæske Høyre"
  },
  {
    "code" : "PLRV",
    "display" : "Plevravæske Venstre"
  },
  {
    "code" : "UR",
    "display" : "Urin (spontan)"
  },
  {
    "code" : "UR1",
    "display" : "Urin Prøve 1"
  },
  {
    "code" : "UR2",
    "display" : "Urin Prøve 2"
  },
  {
    "code" : "UR3",
    "display" : "Urin Prøve 3"
  },
  {
    "code" : "EKSP",
    "display" : "Ekspektorat"
  },
  {
    "code" : "EKSP1",
    "display" : "Ekspektorat Prøve 1"
  },
  {
    "code" : "EKSP2",
    "display" : "Ekspektorat Prøve 2"
  },
  {
    "code" : "EKSP3",
    "display" : "Ekspektorat Prøve 3"
  }]
}