{
  "resourceType" : "CodeSystem",
  "id" : "no-kodeverk-8272.codesystem",
  "text" : {
    "status" : "generated",
    "div" : "<div xmlns=\"http://www.w3.org/1999/xhtml\"><p>This case-sensitive code system <code>http://helsenorge.no/fhir/CodeSystem/no-kodeverk-8272.codesystem</code> defines the following codes:</p><table class=\"codes\"><tr><td style=\"white-space:nowrap\"><b>Code</b></td><td><b>Display</b></td><td><b>Definition</b></td></tr><tr><td style=\"white-space:nowrap\">CYT<a name=\"no-kodeverk-8272.codesystem-CYT\"> </a></td><td>Cytologiprøve</td><td>Ny cytologiprøve anbefales</td></tr><tr><td style=\"white-space:nowrap\">HIST<a name=\"no-kodeverk-8272.codesystem-HIST\"> </a></td><td>Histologisk undersøkelse</td><td>Histologisk undersøkelse anbefales</td></tr><tr><td style=\"white-space:nowrap\">HPV<a name=\"no-kodeverk-8272.codesystem-HPV\"> </a></td><td>HPV-test</td><td>HPV-test anbefales</td></tr></table></div>"
  },
  "url" : "http://helsenorge.no/fhir/CodeSystem/no-kodeverk-8272.codesystem",
  "identifier" : [{
    "system" : "urn:ietf:rfc:3986",
    "value" : "urn:oid:2.16.578.1.12.4.1.1.8272"
  }],
  "version" : "0.2.0",
  "name" : "NoKodeverk8272",
  "title" : "8272 Anbefaling om ny undersøkelse",
  "status" : "active",
  "experimental" : false,
  "date" : "2023-12-13T00:38:53+01:00",
  "publisher" : "Helsedirektoratet",
  "description" : "Anbefaling om ny undersøkelse.",
  "jurisdiction" : [{
    "coding" : [{
      "system" : "urn:iso:std:iso:3166",
      "code" : "NO",
      "display" : "Norway"
    }]
  }],
  "caseSensitive" : true,
  "content" : "complete",
  "count" : 3,
  "concept" : [{
    "code" : "CYT",
    "display" : "Cytologiprøve",
    "definition" : "Ny cytologiprøve anbefales"
  },
  {
    "code" : "HIST",
    "display" : "Histologisk undersøkelse",
    "definition" : "Histologisk undersøkelse anbefales"
  },
  {
    "code" : "HPV",
    "display" : "HPV-test",
    "definition" : "HPV-test anbefales"
  }]
}