{
  "resourceType" : "CodeSystem",
  "id" : "no-kodeverk-8268.codesystem",
  "text" : {
    "status" : "generated",
    "div" : "<div xmlns=\"http://www.w3.org/1999/xhtml\"><p class=\"res-header-id\"><b>Generated Narrative: CodeSystem no-kodeverk-8268.codesystem</b></p><a name=\"no-kodeverk-8268.codesystem\"> </a><a name=\"hcno-kodeverk-8268.codesystem\"> </a><a name=\"no-kodeverk-8268.codesystem-no-NO\"> </a><p>This case-sensitive code system <code>http://helsenorge.no/fhir/CodeSystem/no-kodeverk-8268.codesystem</code> defines the following codes:</p><table class=\"codes\"><tr><td style=\"white-space:nowrap\"><b>Code</b></td><td><b>Display</b></td><td><b>Definition</b></td></tr><tr><td style=\"white-space:nowrap\">ENH<a name=\"no-kodeverk-8268.codesystem-ENH\"> </a></td><td>Organisasjonsnummeret i Enhetsregister</td><td>Brønnøysund</td></tr><tr><td style=\"white-space:nowrap\">RSH<a name=\"no-kodeverk-8268.codesystem-RSH\"> </a></td><td>Nasjonalt register over enheter i spesialisthelsetjenesten (RESH-ID)</td><td>Innføres fra og med 2007 for spesialisthelsetjenesten</td></tr><tr><td style=\"white-space:nowrap\">HER<a name=\"no-kodeverk-8268.codesystem-HER\"> </a></td><td>HER-id</td><td>Identifikator som unikt identifiserer en  kommunikasjonspart i Adresseregisteret</td></tr><tr><td style=\"white-space:nowrap\">NPR<a name=\"no-kodeverk-8268.codesystem-NPR\"> </a></td><td>NPR avdelingsnummer</td><td/></tr><tr><td style=\"white-space:nowrap\">SYS<a name=\"no-kodeverk-8268.codesystem-SYS\"> </a></td><td>SYSVAK institusjonsnummer</td><td/></tr><tr><td style=\"white-space:nowrap\">AVD<a name=\"no-kodeverk-8268.codesystem-AVD\"> </a></td><td>Off. identifikator for avdelinger</td><td/></tr><tr><td style=\"white-space:nowrap\">APO<a name=\"no-kodeverk-8268.codesystem-APO\"> </a></td><td>Apotekenes identifikasjonsnummer</td><td/></tr><tr><td style=\"white-space:nowrap\">AKO<a name=\"no-kodeverk-8268.codesystem-AKO\"> </a></td><td>Apotekenes konsesjonsnummer</td><td/></tr><tr><td style=\"white-space:nowrap\">LIN<a name=\"no-kodeverk-8268.codesystem-LIN\"> </a></td><td>Lokal identifikator for institusjoner</td><td/></tr><tr><td style=\"white-space:nowrap\">LAV<a name=\"no-kodeverk-8268.codesystem-LAV\"> </a></td><td>Lokal identifikator for avdelinger</td><td/></tr><tr><td style=\"white-space:nowrap\">LOK<a name=\"no-kodeverk-8268.codesystem-LOK\"> </a></td><td>Lokal identifikator uten nærmere angivelse</td><td/></tr><tr><td style=\"white-space:nowrap\">HPR<a name=\"no-kodeverk-8268.codesystem-HPR\"> </a></td><td>HPR-nummer</td><td>Tildeles av Statens autorisasjonskontor for helsepersonell</td></tr><tr><td style=\"white-space:nowrap\">LOP<a name=\"no-kodeverk-8268.codesystem-LOP\"> </a></td><td>Lokal identifikator for helsepersonell</td><td/></tr><tr><td style=\"white-space:nowrap\">FHN<a name=\"no-kodeverk-8268.codesystem-FHN\"> </a></td><td>Felles hjelpenummer (FH-nummer)</td><td/></tr><tr><td style=\"white-space:nowrap\">FNR<a name=\"no-kodeverk-8268.codesystem-FNR\"> </a></td><td>Norsk fødselsnummer</td><td/></tr><tr><td style=\"white-space:nowrap\">DNR<a name=\"no-kodeverk-8268.codesystem-DNR\"> </a></td><td>D-nummer</td><td>Personer i kontakt med norske myndigheter uten norsk fødselsnummer</td></tr><tr><td style=\"white-space:nowrap\">HNR<a name=\"no-kodeverk-8268.codesystem-HNR\"> </a></td><td>H-nummer</td><td>Virksomhetsinternt hjelpenummer</td></tr><tr><td style=\"white-space:nowrap\">PNR<a name=\"no-kodeverk-8268.codesystem-PNR\"> </a></td><td>Passnummer</td><td/></tr><tr><td style=\"white-space:nowrap\">SEF<a name=\"no-kodeverk-8268.codesystem-SEF\"> </a></td><td>Svensk personnummer</td><td/></tr><tr><td style=\"white-space:nowrap\">DKF<a name=\"no-kodeverk-8268.codesystem-DKF\"> </a></td><td>Dansk personnummer</td><td/></tr><tr><td style=\"white-space:nowrap\">SSN<a name=\"no-kodeverk-8268.codesystem-SSN\"> </a></td><td>Sosial security number</td><td/></tr><tr><td style=\"white-space:nowrap\">EHK<a name=\"no-kodeverk-8268.codesystem-EHK\"> </a></td><td>Europeisk helsetrygdkortnummer</td><td/></tr><tr><td style=\"white-space:nowrap\">FPN<a name=\"no-kodeverk-8268.codesystem-FPN\"> </a></td><td>Forsikringspolise nummer</td><td/></tr><tr><td style=\"white-space:nowrap\">DUF<a name=\"no-kodeverk-8268.codesystem-DUF\"> </a></td><td>DUF-nummer</td><td>Registreringsnummeret i Utlendingsdirektoratets datasystem</td></tr><tr><td style=\"white-space:nowrap\">XXX<a name=\"no-kodeverk-8268.codesystem-XXX\"> </a></td><td>Annet</td><td/></tr></table></div>"
  },
  "url" : "http://helsenorge.no/fhir/CodeSystem/no-kodeverk-8268.codesystem",
  "identifier" : [{
    "system" : "urn:ietf:rfc:3986",
    "value" : "urn:oid:2.16.578.1.12.4.1.1.8268"
  }],
  "version" : "1.1.0",
  "name" : "NoKodeverk8268",
  "title" : "8268 Type identifikator",
  "status" : "active",
  "experimental" : false,
  "date" : "2025-03-26T11:34:28+01:00",
  "description" : "Angir type identifikator for person og virksomhet.",
  "jurisdiction" : [{
    "coding" : [{
      "system" : "urn:iso:std:iso:3166",
      "code" : "NO",
      "display" : "Norway"
    }]
  }],
  "caseSensitive" : true,
  "content" : "complete",
  "count" : 25,
  "concept" : [{
    "code" : "ENH",
    "display" : "Organisasjonsnummeret i Enhetsregister",
    "definition" : "Brønnøysund"
  },
  {
    "code" : "RSH",
    "display" : "Nasjonalt register over enheter i spesialisthelsetjenesten (RESH-ID)",
    "definition" : "Innføres fra og med 2007 for spesialisthelsetjenesten"
  },
  {
    "code" : "HER",
    "display" : "HER-id",
    "definition" : "Identifikator som unikt identifiserer en  kommunikasjonspart i Adresseregisteret"
  },
  {
    "code" : "NPR",
    "display" : "NPR avdelingsnummer"
  },
  {
    "code" : "SYS",
    "display" : "SYSVAK institusjonsnummer"
  },
  {
    "code" : "AVD",
    "display" : "Off. identifikator for avdelinger"
  },
  {
    "code" : "APO",
    "display" : "Apotekenes identifikasjonsnummer"
  },
  {
    "code" : "AKO",
    "display" : "Apotekenes konsesjonsnummer"
  },
  {
    "code" : "LIN",
    "display" : "Lokal identifikator for institusjoner"
  },
  {
    "code" : "LAV",
    "display" : "Lokal identifikator for avdelinger"
  },
  {
    "code" : "LOK",
    "display" : "Lokal identifikator uten nærmere angivelse"
  },
  {
    "code" : "HPR",
    "display" : "HPR-nummer",
    "definition" : "Tildeles av Statens autorisasjonskontor for helsepersonell"
  },
  {
    "code" : "LOP",
    "display" : "Lokal identifikator for helsepersonell"
  },
  {
    "code" : "FHN",
    "display" : "Felles hjelpenummer (FH-nummer)"
  },
  {
    "code" : "FNR",
    "display" : "Norsk fødselsnummer"
  },
  {
    "code" : "DNR",
    "display" : "D-nummer",
    "definition" : "Personer i kontakt med norske myndigheter uten norsk fødselsnummer"
  },
  {
    "code" : "HNR",
    "display" : "H-nummer",
    "definition" : "Virksomhetsinternt hjelpenummer"
  },
  {
    "code" : "PNR",
    "display" : "Passnummer"
  },
  {
    "code" : "SEF",
    "display" : "Svensk personnummer"
  },
  {
    "code" : "DKF",
    "display" : "Dansk personnummer"
  },
  {
    "code" : "SSN",
    "display" : "Sosial security number"
  },
  {
    "code" : "EHK",
    "display" : "Europeisk helsetrygdkortnummer"
  },
  {
    "code" : "FPN",
    "display" : "Forsikringspolise nummer"
  },
  {
    "code" : "DUF",
    "display" : "DUF-nummer",
    "definition" : "Registreringsnummeret i Utlendingsdirektoratets datasystem"
  },
  {
    "code" : "XXX",
    "display" : "Annet"
  }]
}