{
  "resourceType" : "ValueSet",
  "id" : "hn-schedule-type-vs",
  "text" : {
    "status" : "generated",
    "div" : "<div xmlns=\"http://www.w3.org/1999/xhtml\"><p class=\"res-header-id\"><b>Generated Narrative: ValueSet hn-schedule-type-vs</b></p><a name=\"hn-schedule-type-vs\"> </a><a name=\"hchn-schedule-type-vs\"> </a><a name=\"hn-schedule-type-vs-no-NO\"> </a><ul><li>Include all codes defined in <a href=\"CodeSystem-hn-schedule-type-cs.html\"><code>http://helsenorge.no/fhir/CodeSystem/hn-schedule-type-cs</code></a></li></ul></div>"
  },
  "url" : "http://helsenorge.no/fhir/ValueSet/hn-schedule-type-vs",
  "version" : "1.2.1",
  "name" : "HnScheduleTypeVS",
  "title" : "hn-schedule-type-vs",
  "status" : "draft",
  "experimental" : true,
  "date" : "2025-07-07T00:15:54+02:00",
  "description" : "Value set for schedule type",
  "jurisdiction" : [{
    "coding" : [{
      "system" : "urn:iso:std:iso:3166",
      "code" : "NO",
      "display" : "Norway"
    }]
  }],
  "compose" : {
    "include" : [{
      "system" : "http://helsenorge.no/fhir/CodeSystem/hn-schedule-type-cs"
    }]
  }
}