{"resourceType":"CodeSystem","id":"no-kodeverk-9060.codesystem","text":{"status":"generated","div":"<div xmlns=\"http://www.w3.org/1999/xhtml\"><p>This case-sensitive code system <code>http://helsenorge.no/fhir/CodeSystem/no-kodeverk-9060.codesystem</code> defines the following codes:</p><table class=\"codes\"><tr><td style=\"white-space:nowrap\"><b>Code</b></td><td><b>Display</b></td><td><b>Definition</b></td></tr><tr><td style=\"white-space:nowrap\">AA<a name=\"no-kodeverk-9060.codesystem-AA\"> </a></td><td>Ambulansearbeider</td><td/></tr><tr><td style=\"white-space:nowrap\">AT<a name=\"no-kodeverk-9060.codesystem-AT\"> </a></td><td>Apotektekniker</td><td/></tr><tr><td style=\"white-space:nowrap\">AU<a name=\"no-kodeverk-9060.codesystem-AU\"> </a></td><td>Audiograf</td><td/></tr><tr><td style=\"white-space:nowrap\">BI<a name=\"no-kodeverk-9060.codesystem-BI\"> </a></td><td>Bioingeniør</td><td/></tr><tr><td style=\"white-space:nowrap\">ET<a name=\"no-kodeverk-9060.codesystem-ET\"> </a></td><td>Ergoterapeut</td><td/></tr><tr><td style=\"white-space:nowrap\">FA1<a name=\"no-kodeverk-9060.codesystem-FA1\"> </a></td><td>Provisorfarmasøyt</td><td/></tr><tr><td style=\"white-space:nowrap\">FA2<a name=\"no-kodeverk-9060.codesystem-FA2\"> </a></td><td>Reseptarfarmasøyt</td><td/></tr><tr><td style=\"white-space:nowrap\">FB<a name=\"no-kodeverk-9060.codesystem-FB\"> </a></td><td>Fiskehelsebiolog</td><td/></tr><tr><td style=\"white-space:nowrap\">FO<a name=\"no-kodeverk-9060.codesystem-FO\"> </a></td><td>Fotterapeut</td><td/></tr><tr><td style=\"white-space:nowrap\">FT<a name=\"no-kodeverk-9060.codesystem-FT\"> </a></td><td>Fysioterapeut</td><td/></tr><tr><td style=\"white-space:nowrap\">HE<a name=\"no-kodeverk-9060.codesystem-HE\"> </a></td><td>Helsesekretær</td><td/></tr><tr><td style=\"white-space:nowrap\">HF<a name=\"no-kodeverk-9060.codesystem-HF\"> </a></td><td>Helsefagarbeider</td><td/></tr><tr><td style=\"white-space:nowrap\">HP<a name=\"no-kodeverk-9060.codesystem-HP\"> </a></td><td>Hjelpepleier</td><td/></tr><tr><td style=\"white-space:nowrap\">JO<a name=\"no-kodeverk-9060.codesystem-JO\"> </a></td><td>Jordmor</td><td/></tr><tr><td style=\"white-space:nowrap\">KE<a name=\"no-kodeverk-9060.codesystem-KE\"> </a></td><td>Klinisk ernæringsfysiolog</td><td/></tr><tr><td style=\"white-space:nowrap\">KI<a name=\"no-kodeverk-9060.codesystem-KI\"> </a></td><td>Kiropraktor</td><td/></tr><tr><td style=\"white-space:nowrap\">LE<a name=\"no-kodeverk-9060.codesystem-LE\"> </a></td><td>Lege</td><td/></tr><tr><td style=\"white-space:nowrap\">NP<a name=\"no-kodeverk-9060.codesystem-NP\"> </a></td><td>Naprapat</td><td/></tr><tr><td style=\"white-space:nowrap\">OA<a name=\"no-kodeverk-9060.codesystem-OA\"> </a></td><td>Omsorgsarbeider</td><td/></tr><tr><td style=\"white-space:nowrap\">OI<a name=\"no-kodeverk-9060.codesystem-OI\"> </a></td><td>Ortopediingeniør</td><td/></tr><tr><td style=\"white-space:nowrap\">OP<a name=\"no-kodeverk-9060.codesystem-OP\"> </a></td><td>Optiker</td><td/></tr><tr><td style=\"white-space:nowrap\">OR<a name=\"no-kodeverk-9060.codesystem-OR\"> </a></td><td>Ortoptist</td><td/></tr><tr><td style=\"white-space:nowrap\">OS<a name=\"no-kodeverk-9060.codesystem-OS\"> </a></td><td>Osteopat</td><td/></tr><tr><td style=\"white-space:nowrap\">PE<a name=\"no-kodeverk-9060.codesystem-PE\"> </a></td><td>Perfusjonist</td><td/></tr><tr><td style=\"white-space:nowrap\">PM<a name=\"no-kodeverk-9060.codesystem-PM\"> </a></td><td>Paramedisiner</td><td/></tr><tr><td style=\"white-space:nowrap\">PS<a name=\"no-kodeverk-9060.codesystem-PS\"> </a></td><td>Psykolog</td><td/></tr><tr><td style=\"white-space:nowrap\">RA<a name=\"no-kodeverk-9060.codesystem-RA\"> </a></td><td>Radiograf</td><td/></tr><tr><td style=\"white-space:nowrap\">SP<a name=\"no-kodeverk-9060.codesystem-SP\"> </a></td><td>Sykepleier</td><td/></tr><tr><td style=\"white-space:nowrap\">TH<a name=\"no-kodeverk-9060.codesystem-TH\"> </a></td><td>Tannhelsesekretær</td><td/></tr><tr><td style=\"white-space:nowrap\">TL<a name=\"no-kodeverk-9060.codesystem-TL\"> </a></td><td>Tannlege</td><td/></tr><tr><td style=\"white-space:nowrap\">TP<a name=\"no-kodeverk-9060.codesystem-TP\"> </a></td><td>Tannpleier</td><td/></tr><tr><td style=\"white-space:nowrap\">TT<a name=\"no-kodeverk-9060.codesystem-TT\"> </a></td><td>Tanntekniker</td><td/></tr><tr><td style=\"white-space:nowrap\">VE<a name=\"no-kodeverk-9060.codesystem-VE\"> </a></td><td>Veterinær</td><td/></tr><tr><td style=\"white-space:nowrap\">VP<a name=\"no-kodeverk-9060.codesystem-VP\"> </a></td><td>Vernepleier</td><td/></tr><tr><td style=\"white-space:nowrap\">XX<a name=\"no-kodeverk-9060.codesystem-XX\"> </a></td><td>Ukjent/uspesifisert</td><td/></tr><tr><td style=\"white-space:nowrap\">MT<a name=\"no-kodeverk-9060.codesystem-MT\"> </a></td><td>Manuellterapeut</td><td>Utgått</td></tr></table></div>"},"url":"http://helsenorge.no/fhir/CodeSystem/no-kodeverk-9060.codesystem","identifier":[{"system":"urn:ietf:rfc:3986","value":"urn:oid:2.16.578.1.12.4.1.1.9060"}],"version":"0.1.0","name":"NoKodeverk9060","title":"9060 Kategori helsepersonell","status":"active","experimental":false,"date":"2023-11-02T22:29:48+01:00","publisher":"Helsedirektoratet","description":"Kodeverket inneholder koder som benyttes for å kategorisere helsepersonell med autorisasjon etter Helsepersonelloven § 48, og dyrehelsepersonell med autorisasjon etter Dyrehelsepersonelloven § 4.","jurisdiction":[{"coding":[{"system":"urn:iso:std:iso:3166","code":"NO","display":"Norway"}]}],"caseSensitive":true,"content":"complete","count":36,"concept":[{"code":"AA","display":"Ambulansearbeider"},{"code":"AT","display":"Apotektekniker"},{"code":"AU","display":"Audiograf"},{"code":"BI","display":"Bioingeniør"},{"code":"ET","display":"Ergoterapeut"},{"code":"FA1","display":"Provisorfarmasøyt"},{"code":"FA2","display":"Reseptarfarmasøyt"},{"code":"FB","display":"Fiskehelsebiolog"},{"code":"FO","display":"Fotterapeut"},{"code":"FT","display":"Fysioterapeut"},{"code":"HE","display":"Helsesekretær"},{"code":"HF","display":"Helsefagarbeider"},{"code":"HP","display":"Hjelpepleier"},{"code":"JO","display":"Jordmor"},{"code":"KE","display":"Klinisk ernæringsfysiolog"},{"code":"KI","display":"Kiropraktor"},{"code":"LE","display":"Lege"},{"code":"NP","display":"Naprapat"},{"code":"OA","display":"Omsorgsarbeider"},{"code":"OI","display":"Ortopediingeniør"},{"code":"OP","display":"Optiker"},{"code":"OR","display":"Ortoptist"},{"code":"OS","display":"Osteopat"},{"code":"PE","display":"Perfusjonist"},{"code":"PM","display":"Paramedisiner"},{"code":"PS","display":"Psykolog"},{"code":"RA","display":"Radiograf"},{"code":"SP","display":"Sykepleier"},{"code":"TH","display":"Tannhelsesekretær"},{"code":"TL","display":"Tannlege"},{"code":"TP","display":"Tannpleier"},{"code":"TT","display":"Tanntekniker"},{"code":"VE","display":"Veterinær"},{"code":"VP","display":"Vernepleier"},{"code":"XX","display":"Ukjent/uspesifisert"},{"code":"MT","display":"Manuellterapeut","definition":"Utgått"}]}