{"resourceType":"CodeSystem","id":"no-kodeverk-8275.codesystem","text":{"status":"generated","div":"<div xmlns=\"http://www.w3.org/1999/xhtml\"><p>This case-sensitive code system <code>http://helsenorge.no/fhir/CodeSystem/no-kodeverk-8275.codesystem</code> defines the following codes:</p><table class=\"codes\"><tr><td style=\"white-space:nowrap\"><b>Code</b></td><td><b>Display</b></td></tr><tr><td style=\"white-space:nowrap\">BS<a name=\"no-kodeverk-8275.codesystem-BS\"> </a></td><td>Børste og spatel</td></tr><tr><td style=\"white-space:nowrap\">S<a name=\"no-kodeverk-8275.codesystem-S\"> </a></td><td>Spatel</td></tr><tr><td style=\"white-space:nowrap\">A<a name=\"no-kodeverk-8275.codesystem-A\"> </a></td><td>Annet</td></tr></table></div>"},"url":"http://helsenorge.no/fhir/CodeSystem/no-kodeverk-8275.codesystem","identifier":[{"system":"urn:ietf:rfc:3986","value":"urn:oid:2.16.578.1.12.4.1.1.8275"}],"version":"0.2.0","name":"NoKodeverk8275","title":"8275 Cytologisk materiale tatt med","status":"active","experimental":false,"date":"2023-12-14T00:31:44+01:00","publisher":"Direktoratet for e-helse","description":"Cytologisk materiale tatt med.","jurisdiction":[{"coding":[{"system":"urn:iso:std:iso:3166","code":"NO","display":"Norway"}]}],"caseSensitive":true,"content":"complete","count":3,"concept":[{"code":"BS","display":"Børste og spatel"},{"code":"S","display":"Spatel"},{"code":"A","display":"Annet"}]}