{"resourceType":"CodeSystem","id":"no-kodeverk-8212.codesystem","text":{"status":"generated","div":"<div xmlns=\"http://www.w3.org/1999/xhtml\"><p class=\"res-header-id\"><b>Generated Narrative: CodeSystem no-kodeverk-8212.codesystem</b></p><a name=\"no-kodeverk-8212.codesystem\"> </a><a name=\"hcno-kodeverk-8212.codesystem\"> </a><a name=\"no-kodeverk-8212.codesystem-no-NO\"> </a><p>This case-sensitive code system <code>http://helsenorge.no/fhir/CodeSystem/no-kodeverk-8212.codesystem</code> defines codes, but no codes are represented here</p></div>"},"url":"http://helsenorge.no/fhir/CodeSystem/no-kodeverk-8212.codesystem","identifier":[{"system":"urn:ietf:rfc:3986","value":"urn:oid:2.16.578.1.12.4.1.1.8212"}],"version":"1.1.0","name":"NoKodeverk8212","title":"8212 Uspesifisert laboratoriekodeverk","status":"active","experimental":false,"date":"2025-03-26T11:34:28+01:00","description":"Dette kodeverk skal benyttes i tilfeller der det er uavklart hvilket type koder som skal være med i en melding. Kodeverket inneholder ingen koder","jurisdiction":[{"coding":[{"system":"urn:iso:std:iso:3166","code":"NO","display":"Norway"}]}],"caseSensitive":true,"content":"not-present"}