{"resourceType":"CodeSystem","id":"no-kodeverk-3108.codesystem","text":{"status":"generated","div":"<div xmlns=\"http://www.w3.org/1999/xhtml\"><p>This case-sensitive code system <code>http://helsenorge.no/fhir/CodeSystem/no-kodeverk-3108.codesystem</code> defines codes, but no codes are represented here</p></div>"},"url":"http://helsenorge.no/fhir/CodeSystem/no-kodeverk-3108.codesystem","identifier":[{"system":"urn:ietf:rfc:3986","value":"urn:oid:2.16.578.1.12.4.1.1.3108"}],"version":"0.1.0","name":"NoKodeverk3108","title":"3108 Reservasjon mot registrering","status":"active","experimental":false,"date":"2023-11-05T00:35:42+01:00","publisher":"Direktoratet for e-helse","description":"Opplysning om pasienten holdning til registrering av informasjon i register","jurisdiction":[{"coding":[{"system":"urn:iso:std:iso:3166","code":"NO","display":"Norway"}]}],"caseSensitive":true,"content":"not-present"}