{"resourceType":"CodeSystem","id":"no-kodeverk-8269.codesystem","text":{"status":"generated","div":"<div xmlns=\"http://www.w3.org/1999/xhtml\"><p class=\"res-header-id\"><b>Generated Narrative: CodeSystem no-kodeverk-8269.codesystem</b></p><a name=\"no-kodeverk-8269.codesystem\"> </a><a name=\"hcno-kodeverk-8269.codesystem\"> </a><a name=\"no-kodeverk-8269.codesystem-no-NO\"> </a><p>This case-sensitive code system <code>http://helsenorge.no/fhir/CodeSystem/no-kodeverk-8269.codesystem</code> defines the following codes:</p><table class=\"codes\"><tr><td style=\"white-space:nowrap\"><b>Code</b></td><td><b>Display</b></td><td><b>Definition</b></td></tr><tr><td style=\"white-space:nowrap\">TA<a name=\"no-kodeverk-8269.codesystem-TA\"> </a></td><td>Telefonsvar avgitt</td><td/></tr><tr><td style=\"white-space:nowrap\">MSIS-N<a name=\"no-kodeverk-8269.codesystem-MSIS-N\"> </a></td><td>Nominativ MSIS-melding</td><td>Dette svaret krever at nominativ rapport sendes til MSIS</td></tr><tr><td style=\"white-space:nowrap\">MSIS-A<a name=\"no-kodeverk-8269.codesystem-MSIS-A\"> </a></td><td>Anonym MSIS-melding</td><td>Dette svaret krever innrapportering til MSIS, men svaret skal sendes anonymt</td></tr><tr><td style=\"white-space:nowrap\">VA<a name=\"no-kodeverk-8269.codesystem-VA\"> </a></td><td>Vesentlig avvik fra tidligere svar</td><td>F.eks. ved vesentlig avvik fra preliminært svar til endelig svar</td></tr></table></div>"},"url":"http://helsenorge.no/fhir/CodeSystem/no-kodeverk-8269.codesystem","identifier":[{"system":"urn:ietf:rfc:3986","value":"urn:oid:2.16.578.1.12.4.1.1.8269"}],"version":"1.1.0","name":"NoKodeverk8269","title":"8269 Kommentar til svarrapport","status":"active","experimental":false,"date":"2025-02-22T02:39:46+01:00","description":"Kodet kommentar til svarrapport","jurisdiction":[{"coding":[{"system":"urn:iso:std:iso:3166","code":"NO","display":"Norway"}]}],"caseSensitive":true,"content":"complete","count":4,"concept":[{"code":"TA","display":"Telefonsvar avgitt"},{"code":"MSIS-N","display":"Nominativ MSIS-melding","definition":"Dette svaret krever at nominativ rapport sendes til MSIS"},{"code":"MSIS-A","display":"Anonym MSIS-melding","definition":"Dette svaret krever innrapportering til MSIS, men svaret skal sendes anonymt"},{"code":"VA","display":"Vesentlig avvik fra tidligere svar","definition":"F.eks. ved vesentlig avvik fra preliminært svar til endelig svar"}]}