{"resourceType":"CodeSystem","id":"no-kodeverk-8351.codesystem","text":{"status":"generated","div":"<div xmlns=\"http://www.w3.org/1999/xhtml\"><p>This case-sensitive code system <code>http://helsenorge.no/fhir/CodeSystem/no-kodeverk-8351.codesystem</code> defines codes, but no codes are represented here</p></div>"},"url":"http://helsenorge.no/fhir/CodeSystem/no-kodeverk-8351.codesystem","identifier":[{"system":"urn:ietf:rfc:3986","value":"urn:oid:2.16.578.1.12.4.1.1.8351"}],"version":"0.2.0","name":"NoKodeverk8351","title":"8351 Prøvemateriale","status":"active","experimental":false,"date":"2023-12-13T00:44:24+01:00","publisher":"Direktoratet for e-helse","description":"Kodeverk for prøvemateriale til bruk i rekvisisjon og svar av laboratorieundersøkelser.","jurisdiction":[{"coding":[{"system":"urn:iso:std:iso:3166","code":"NO","display":"Norway"}]}],"caseSensitive":true,"content":"not-present"}