{"resourceType":"CodeSystem","id":"no-kodeverk-ICD-10.codesystem","text":{"status":"generated","div":"<div xmlns=\"http://www.w3.org/1999/xhtml\"><p>This case-sensitive code system <code>http://helsenorge.no/fhir/CodeSystem/no-kodeverk-ICD-10.codesystem</code> defines codes, but no codes are represented here</p></div>"},"url":"http://helsenorge.no/fhir/CodeSystem/no-kodeverk-ICD-10.codesystem","identifier":[{"use":"official","system":"urn:ietf:rfc:3986","value":"urn:oid:2.16.578.1.12.4.1.1.7110"}],"version":"0.1.0","name":"NoKodeverkICD10","title":"ICD-10","status":"active","experimental":false,"date":"2023-11-02T22:29:48+01:00","publisher":"Direktoratet for e-helse","description":"Klassifikasjon av sykdommer og beslektede helseproblemer.","jurisdiction":[{"coding":[{"system":"urn:iso:std:iso:3166","code":"NO","display":"Norway"}]}],"caseSensitive":true,"content":"not-present"}