{"resourceType":"CodeSystem","id":"no-kodeverk-8264.codesystem","text":{"status":"generated","div":"<div xmlns=\"http://www.w3.org/1999/xhtml\"><p class=\"res-header-id\"><b>Generated Narrative: CodeSystem no-kodeverk-8264.codesystem</b></p><a name=\"no-kodeverk-8264.codesystem\"> </a><a name=\"hcno-kodeverk-8264.codesystem\"> </a><a name=\"no-kodeverk-8264.codesystem-no-NO\"> </a><p>This case-sensitive code system <code>http://helsenorge.no/fhir/CodeSystem/no-kodeverk-8264.codesystem</code> defines codes, but no codes are represented here</p></div>"},"url":"http://helsenorge.no/fhir/CodeSystem/no-kodeverk-8264.codesystem","identifier":[{"system":"urn:ietf:rfc:3986","value":"urn:oid:2.16.578.1.12.4.1.1.8264"}],"version":"1.2.1","name":"NoKodeverk8264","title":"8264 Tjenestekoder for timereservasjon","status":"retired","experimental":false,"date":"2025-07-07T00:32:38+02:00","description":"Foreløpig kodeverk basert på tilgjengelige tjenester. Anvendes til booking av time.","jurisdiction":[{"coding":[{"system":"urn:iso:std:iso:3166","code":"NO","display":"Norway"}]}],"caseSensitive":true,"content":"not-present"}