{"resourceType":"CodeSystem","id":"no-kodeverk-8239.codesystem","text":{"status":"generated","div":"<div xmlns=\"http://www.w3.org/1999/xhtml\"><p class=\"res-header-id\"><b>Generated Narrative: CodeSystem no-kodeverk-8239.codesystem</b></p><a name=\"no-kodeverk-8239.codesystem\"> </a><a name=\"hcno-kodeverk-8239.codesystem\"> </a><a name=\"no-kodeverk-8239.codesystem-no-NO\"> </a><p>This case-sensitive code system <code>http://helsenorge.no/fhir/CodeSystem/no-kodeverk-8239.codesystem</code> defines the following codes:</p><table class=\"codes\"><tr><td style=\"white-space:nowrap\"><b>Code</b></td><td><b>Display</b></td></tr><tr><td style=\"white-space:nowrap\">EQ<a name=\"no-kodeverk-8239.codesystem-EQ\"> </a></td><td>Lik</td></tr><tr><td style=\"white-space:nowrap\">GE<a name=\"no-kodeverk-8239.codesystem-GE\"> </a></td><td>Større eller lik</td></tr><tr><td style=\"white-space:nowrap\">GT<a name=\"no-kodeverk-8239.codesystem-GT\"> </a></td><td>Større enn</td></tr><tr><td style=\"white-space:nowrap\">LE<a name=\"no-kodeverk-8239.codesystem-LE\"> </a></td><td>Mindre eller lik</td></tr><tr><td style=\"white-space:nowrap\">LT<a name=\"no-kodeverk-8239.codesystem-LT\"> </a></td><td>Mindre enn</td></tr><tr><td style=\"white-space:nowrap\">MG<a name=\"no-kodeverk-8239.codesystem-MG\"> </a></td><td>Mye større enn</td></tr><tr><td style=\"white-space:nowrap\">ML<a name=\"no-kodeverk-8239.codesystem-ML\"> </a></td><td>Mye mindre enn</td></tr><tr><td style=\"white-space:nowrap\">NE<a name=\"no-kodeverk-8239.codesystem-NE\"> </a></td><td>Ikke lik</td></tr></table></div>"},"url":"http://helsenorge.no/fhir/CodeSystem/no-kodeverk-8239.codesystem","identifier":[{"system":"urn:ietf:rfc:3986","value":"urn:oid:2.16.578.1.12.4.1.1.8239"}],"version":"1.1.0","name":"NoKodeverk8239","title":"8239 Forholdsoperatorer i svarrapportering av medisinske tjenester","status":"active","experimental":false,"date":"2025-03-16T13:18:55+01:00","description":"Forholdsoperatorer i svarrapportering av medisinske tjeneste","jurisdiction":[{"coding":[{"system":"urn:iso:std:iso:3166","code":"NO","display":"Norway"}]}],"caseSensitive":true,"content":"complete","count":8,"concept":[{"code":"EQ","display":"Lik"},{"code":"GE","display":"Større eller lik"},{"code":"GT","display":"Større enn"},{"code":"LE","display":"Mindre eller lik"},{"code":"LT","display":"Mindre enn"},{"code":"MG","display":"Mye større enn"},{"code":"ML","display":"Mye mindre enn"},{"code":"NE","display":"Ikke lik"}]}