{"resourceType":"CodeSystem","id":"no-kodeverk-9148.codesystem","text":{"status":"generated","div":"<div xmlns=\"http://www.w3.org/1999/xhtml\"><p class=\"res-header-id\"><b>Generated Narrative: CodeSystem no-kodeverk-9148.codesystem</b></p><a name=\"no-kodeverk-9148.codesystem\"> </a><a name=\"hcno-kodeverk-9148.codesystem\"> </a><a name=\"no-kodeverk-9148.codesystem-no-NO\"> </a><p>This case-sensitive code system <code>http://helsenorge.no/fhir/CodeSystem/no-kodeverk-9148.codesystem</code> defines the following codes:</p><table class=\"codes\"><tr><td style=\"white-space:nowrap\"><b>Code</b></td><td><b>Display</b></td></tr><tr><td style=\"white-space:nowrap\">1<a name=\"no-kodeverk-9148.codesystem-1\"> </a></td><td>Innkalles til helsehjelp</td></tr><tr><td style=\"white-space:nowrap\">2<a name=\"no-kodeverk-9148.codesystem-2\"> </a></td><td>Rett til helsehjelp, tidspunkt kommer</td></tr><tr><td style=\"white-space:nowrap\">3<a name=\"no-kodeverk-9148.codesystem-3\"> </a></td><td>Henvisningen er videresendt</td></tr><tr><td style=\"white-space:nowrap\">4<a name=\"no-kodeverk-9148.codesystem-4\"> </a></td><td>Henvisningen er avvist</td></tr><tr><td style=\"white-space:nowrap\">11<a name=\"no-kodeverk-9148.codesystem-11\"> </a></td><td>Råd til henviser</td></tr></table></div>"},"url":"http://helsenorge.no/fhir/CodeSystem/no-kodeverk-9148.codesystem","identifier":[{"system":"urn:ietf:rfc:3986","value":"urn:oid:2.16.578.1.12.4.1.1.9148"}],"version":"1.3.1","name":"NoKodeverk9148","title":"9148 Henvisning (elektronisk melding)","status":"active","experimental":false,"date":"2025-10-01T13:36:52+02:00","description":"Henvisning (elektronisk melding).","jurisdiction":[{"coding":[{"system":"urn:iso:std:iso:3166","code":"NO","display":"Norway"}]}],"caseSensitive":true,"content":"complete","count":5,"concept":[{"code":"1","display":"Innkalles til helsehjelp"},{"code":"2","display":"Rett til helsehjelp, tidspunkt kommer"},{"code":"3","display":"Henvisningen er videresendt"},{"code":"4","display":"Henvisningen er avvist"},{"code":"11","display":"Råd til henviser"}]}