{"resourceType":"CodeSystem","id":"no-kodeverk-8264.codesystem","text":{"status":"generated","div":"<div xmlns=\"http://www.w3.org/1999/xhtml\"><p>This case-sensitive code system <code>http://helsenorge.no/fhir/CodeSystem/no-kodeverk-8264.codesystem</code> defines codes, but no codes are represented here</p></div>"},"url":"http://helsenorge.no/fhir/CodeSystem/no-kodeverk-8264.codesystem","identifier":[{"system":"urn:ietf:rfc:3986","value":"urn:oid:2.16.578.1.12.4.1.1.8264"}],"version":"0.2.0","name":"NoKodeverk8264","title":"8264 Tjenestekoder for timereservasjon","status":"retired","experimental":false,"date":"2023-12-13T11:17:26+01:00","publisher":"Direktoratet for e-helse","description":"Foreløpig kodeverk basert på tilgjengelige tjenester. Anvendes til booking av time.","jurisdiction":[{"coding":[{"system":"urn:iso:std:iso:3166","code":"NO","display":"Norway"}]}],"caseSensitive":true,"content":"not-present"}