{"resourceType":"CodeSystem","id":"no-kodeverk-8327.codesystem","text":{"status":"generated","div":"<div xmlns=\"http://www.w3.org/1999/xhtml\"><p>This case-sensitive code system <code>http://helsenorge.no/fhir/CodeSystem/no-kodeverk-8327.codesystem</code> defines the following codes:</p><table class=\"codes\"><tr><td style=\"white-space:nowrap\"><b>Code</b></td><td><b>Display</b></td></tr><tr><td style=\"white-space:nowrap\">DNR<a name=\"no-kodeverk-8327.codesystem-DNR\"> </a></td><td>D-nummer</td></tr><tr><td style=\"white-space:nowrap\">FHN<a name=\"no-kodeverk-8327.codesystem-FHN\"> </a></td><td>Felles hjelpenummer (FH-nummer)</td></tr><tr><td style=\"white-space:nowrap\">FNR<a name=\"no-kodeverk-8327.codesystem-FNR\"> </a></td><td>Fødselsnummer</td></tr><tr><td style=\"white-space:nowrap\">HNR<a name=\"no-kodeverk-8327.codesystem-HNR\"> </a></td><td>Virksomhetsinternt hjelpenummer</td></tr></table></div>"},"url":"http://helsenorge.no/fhir/CodeSystem/no-kodeverk-8327.codesystem","identifier":[{"system":"urn:ietf:rfc:3986","value":"urn:oid:2.16.578.1.12.4.1.1.8327"}],"version":"0.2.0","name":"NoKodeverk8327","title":"8327 Offisiell personidentifikasjon","status":"active","experimental":false,"date":"2023-12-13T17:36:01+01:00","publisher":"Direktoratet for e-helse","description":"Angir type identifikator for person","jurisdiction":[{"coding":[{"system":"urn:iso:std:iso:3166","code":"NO","display":"Norway"}]}],"caseSensitive":true,"content":"complete","count":4,"concept":[{"code":"DNR","display":"D-nummer"},{"code":"FHN","display":"Felles hjelpenummer (FH-nummer)"},{"code":"FNR","display":"Fødselsnummer"},{"code":"HNR","display":"Virksomhetsinternt hjelpenummer"}]}