{"resourceType":"CodeSystem","id":"no-kodeverk-ICD-10.codesystem","text":{"status":"generated","div":"<div xmlns=\"http://www.w3.org/1999/xhtml\"><p class=\"res-header-id\"><b>Generated Narrative: CodeSystem no-kodeverk-ICD-10.codesystem</b></p><a name=\"no-kodeverk-ICD-10.codesystem\"> </a><a name=\"hcno-kodeverk-ICD-10.codesystem\"> </a><a name=\"no-kodeverk-ICD-10.codesystem-no-NO\"> </a><p>This case-sensitive code system <code>http://helsenorge.no/fhir/CodeSystem/no-kodeverk-ICD-10.codesystem</code> defines codes, but no codes are represented here</p></div>"},"url":"http://helsenorge.no/fhir/CodeSystem/no-kodeverk-ICD-10.codesystem","identifier":[{"use":"official","system":"urn:ietf:rfc:3986","value":"urn:oid:2.16.578.1.12.4.1.1.7110"}],"version":"1.2.1","name":"NoKodeverkICD10","title":"ICD-10","status":"active","experimental":false,"date":"2025-09-29T11:26:30+02:00","description":"Klassifikasjon av sykdommer og beslektede helseproblemer.","jurisdiction":[{"coding":[{"system":"urn:iso:std:iso:3166","code":"NO","display":"Norway"}]}],"caseSensitive":true,"content":"not-present"}