{"resourceType":"CodeSystem","id":"no-kodeverk-8219.codesystem","text":{"status":"generated","div":"<div xmlns=\"http://www.w3.org/1999/xhtml\"><p class=\"res-header-id\"><b>Generated Narrative: CodeSystem no-kodeverk-8219.codesystem</b></p><a name=\"no-kodeverk-8219.codesystem\"> </a><a name=\"hcno-kodeverk-8219.codesystem\"> </a><a name=\"no-kodeverk-8219.codesystem-no-NO\"> </a><p>This case-sensitive code system <code>http://helsenorge.no/fhir/CodeSystem/no-kodeverk-8219.codesystem</code> defines the following codes:</p><table class=\"codes\"><tr><td style=\"white-space:nowrap\"><b>Code</b></td><td><b>Display</b></td><td><b>Definition</b></td></tr><tr><td style=\"white-space:nowrap\">K<a name=\"no-kodeverk-8219.codesystem-K\"> </a></td><td>Kromosomundersøkelse</td><td/></tr><tr><td style=\"white-space:nowrap\">EM<a name=\"no-kodeverk-8219.codesystem-EM\"> </a></td><td>Ultrastrukturell diagnostikk</td><td/></tr><tr><td style=\"white-space:nowrap\">FLW<a name=\"no-kodeverk-8219.codesystem-FLW\"> </a></td><td>Flowcytometri</td><td/></tr><tr><td style=\"white-space:nowrap\">PCR<a name=\"no-kodeverk-8219.codesystem-PCR\"> </a></td><td>PCR-analyse</td><td/></tr><tr><td style=\"white-space:nowrap\">H<a name=\"no-kodeverk-8219.codesystem-H\"> </a></td><td>Hormonreseptoranalyse</td><td/></tr><tr><td style=\"white-space:nowrap\">PL<a name=\"no-kodeverk-8219.codesystem-PL\"> </a></td><td>Ploidianalyse</td><td/></tr><tr><td style=\"white-space:nowrap\">M<a name=\"no-kodeverk-8219.codesystem-M\"> </a></td><td>Molekylærgenetisk undersøkelse</td><td/></tr><tr><td style=\"white-space:nowrap\">MI<a name=\"no-kodeverk-8219.codesystem-MI\"> </a></td><td>Mikroskopisk undersøkelse</td><td/></tr><tr><td style=\"white-space:nowrap\">A<a name=\"no-kodeverk-8219.codesystem-A\"> </a></td><td>Histologisk undersøkelse</td><td/></tr><tr><td style=\"white-space:nowrap\">MA<a name=\"no-kodeverk-8219.codesystem-MA\"> </a></td><td>Makroskopisk undersøkelse</td><td/></tr><tr><td style=\"white-space:nowrap\">MAMI<a name=\"no-kodeverk-8219.codesystem-MAMI\"> </a></td><td>Makro- og mikroskopisk undersøkelse</td><td/></tr><tr><td style=\"white-space:nowrap\">G<a name=\"no-kodeverk-8219.codesystem-G\"> </a></td><td>Histologi relatert til genetisk us</td><td/></tr><tr><td style=\"white-space:nowrap\">H1<a name=\"no-kodeverk-8219.codesystem-H1\"> </a></td><td>Vanlig obduksjon</td><td/></tr><tr><td style=\"white-space:nowrap\">H2<a name=\"no-kodeverk-8219.codesystem-H2\"> </a></td><td>Nevropatologisk us</td><td/></tr><tr><td style=\"white-space:nowrap\">H3<a name=\"no-kodeverk-8219.codesystem-H3\"> </a></td><td>Obduksjon + Nevropatologisk us</td><td/></tr><tr><td style=\"white-space:nowrap\">F<a name=\"no-kodeverk-8219.codesystem-F\"> </a></td><td>Frysesnitt - hurtigdiagnostikk</td><td/></tr><tr><td style=\"white-space:nowrap\">BL<a name=\"no-kodeverk-8219.codesystem-BL\"> </a></td><td>Blodprøve</td><td/></tr><tr><td style=\"white-space:nowrap\">HPV<a name=\"no-kodeverk-8219.codesystem-HPV\"> </a></td><td>HPV-test</td><td/></tr><tr><td style=\"white-space:nowrap\">C<a name=\"no-kodeverk-8219.codesystem-C\"> </a></td><td>Cytologisk undersøkelse</td><td>Generell cytologisk undersøkelse</td></tr><tr><td style=\"white-space:nowrap\">VC<a name=\"no-kodeverk-8219.codesystem-VC\"> </a></td><td>Væskebasert cytologi</td><td/></tr><tr><td style=\"white-space:nowrap\">D<a name=\"no-kodeverk-8219.codesystem-D\"> </a></td><td>Vaginal - Cervix cytologi</td><td/></tr><tr><td style=\"white-space:nowrap\">E<a name=\"no-kodeverk-8219.codesystem-E\"> </a></td><td>Cytologisk us (non-gyn)</td><td/></tr><tr><td style=\"white-space:nowrap\">FNA<a name=\"no-kodeverk-8219.codesystem-FNA\"> </a></td><td>Finnålsaspirasjon</td><td/></tr><tr><td style=\"white-space:nowrap\">P<a name=\"no-kodeverk-8219.codesystem-P\"> </a></td><td>Punksjonscytologi</td><td/></tr><tr><td style=\"white-space:nowrap\">R<a name=\"no-kodeverk-8219.codesystem-R\"> </a></td><td>Rescreening/Us av restmateriale</td><td/></tr><tr><td style=\"white-space:nowrap\">RM<a name=\"no-kodeverk-8219.codesystem-RM\"> </a></td><td>Rettsmedisinsk obduksjon</td><td/></tr><tr><td style=\"white-space:nowrap\">T<a name=\"no-kodeverk-8219.codesystem-T\"> </a></td><td>Telepatologi</td><td/></tr><tr><td style=\"white-space:nowrap\">GO<a name=\"no-kodeverk-8219.codesystem-GO\"> </a></td><td>Gammel obduksjon</td><td/></tr><tr><td style=\"white-space:nowrap\">EMI<a name=\"no-kodeverk-8219.codesystem-EMI\"> </a></td><td>Elektronmikroskopi</td><td/></tr><tr><td style=\"white-space:nowrap\">MP<a name=\"no-kodeverk-8219.codesystem-MP\"> </a></td><td>Molekylærpatologisk us</td><td/></tr><tr><td style=\"white-space:nowrap\">FISH<a name=\"no-kodeverk-8219.codesystem-FISH\"> </a></td><td>FISH-analyse</td><td/></tr><tr><td style=\"white-space:nowrap\">LKP<a name=\"no-kodeverk-8219.codesystem-LKP\"> </a></td><td>Likkjellerprotokoll</td><td/></tr><tr><td style=\"white-space:nowrap\">LP<a name=\"no-kodeverk-8219.codesystem-LP\"> </a></td><td>Likprotokoll</td><td/></tr></table></div>"},"url":"http://helsenorge.no/fhir/CodeSystem/no-kodeverk-8219.codesystem","identifier":[{"system":"urn:ietf:rfc:3986","value":"urn:oid:2.16.578.1.12.4.1.1.8219"}],"version":"1.1.0","name":"NoKodeverk8219","title":"8219 Kodeverk for patologisk-anatomiske undersøkelser","status":"active","experimental":false,"date":"2025-02-22T03:24:26+01:00","description":"Kodene beskriver ulike typer patologi-undersøkelser.","jurisdiction":[{"coding":[{"system":"urn:iso:std:iso:3166","code":"NO","display":"Norway"}]}],"caseSensitive":true,"content":"complete","count":33,"concept":[{"code":"K","display":"Kromosomundersøkelse"},{"code":"EM","display":"Ultrastrukturell diagnostikk"},{"code":"FLW","display":"Flowcytometri"},{"code":"PCR","display":"PCR-analyse"},{"code":"H","display":"Hormonreseptoranalyse"},{"code":"PL","display":"Ploidianalyse"},{"code":"M","display":"Molekylærgenetisk undersøkelse"},{"code":"MI","display":"Mikroskopisk undersøkelse"},{"code":"A","display":"Histologisk undersøkelse"},{"code":"MA","display":"Makroskopisk undersøkelse"},{"code":"MAMI","display":"Makro- og mikroskopisk undersøkelse"},{"code":"G","display":"Histologi relatert til genetisk us"},{"code":"H1","display":"Vanlig obduksjon"},{"code":"H2","display":"Nevropatologisk us"},{"code":"H3","display":"Obduksjon + Nevropatologisk us"},{"code":"F","display":"Frysesnitt - hurtigdiagnostikk"},{"code":"BL","display":"Blodprøve"},{"code":"HPV","display":"HPV-test"},{"code":"C","display":"Cytologisk undersøkelse","definition":"Generell cytologisk undersøkelse"},{"code":"VC","display":"Væskebasert cytologi"},{"code":"D","display":"Vaginal - Cervix cytologi"},{"code":"E","display":"Cytologisk us (non-gyn)"},{"code":"FNA","display":"Finnålsaspirasjon"},{"code":"P","display":"Punksjonscytologi"},{"code":"R","display":"Rescreening/Us av restmateriale"},{"code":"RM","display":"Rettsmedisinsk obduksjon"},{"code":"T","display":"Telepatologi"},{"code":"GO","display":"Gammel obduksjon"},{"code":"EMI","display":"Elektronmikroskopi"},{"code":"MP","display":"Molekylærpatologisk us"},{"code":"FISH","display":"FISH-analyse"},{"code":"LKP","display":"Likkjellerprotokoll"},{"code":"LP","display":"Likprotokoll"}]}