{"resourceType":"CodeSystem","id":"no-kodeverk-1101.codesystem","text":{"status":"generated","div":"<div xmlns=\"http://www.w3.org/1999/xhtml\"><p class=\"res-header-id\"><b>Generated Narrative: CodeSystem no-kodeverk-1101.codesystem</b></p><a name=\"no-kodeverk-1101.codesystem\"> </a><a name=\"hcno-kodeverk-1101.codesystem\"> </a><a name=\"no-kodeverk-1101.codesystem-no-NO\"> </a><p>This case-sensitive code system <code>http://helsenorge.no/fhir/CodeSystem/no-kodeverk-1101.codesystem</code> defines the following codes:</p><table class=\"codes\"><tr><td style=\"white-space:nowrap\"><b>Code</b></td><td><b>Display</b></td></tr><tr><td style=\"white-space:nowrap\">1<a name=\"no-kodeverk-1101.codesystem-1\"> </a></td><td>Ja</td></tr><tr><td style=\"white-space:nowrap\">2<a name=\"no-kodeverk-1101.codesystem-2\"> </a></td><td>Nei</td></tr></table></div>"},"url":"http://helsenorge.no/fhir/CodeSystem/no-kodeverk-1101.codesystem","identifier":[{"system":"urn:ietf:rfc:3986","value":"urn:oid:2.16.578.1.12.4.1.1.1101"}],"version":"1.3.0","name":"NoKodeverk1101","title":"1101 Ja, nei","status":"active","experimental":false,"date":"2020-12-04","description":"Dette kodeverket inneholder koder for å angi svar Ja eller Nei.","jurisdiction":[{"coding":[{"system":"urn:iso:std:iso:3166","code":"NO","display":"Norway"}]}],"caseSensitive":true,"content":"complete","count":2,"concept":[{"code":"1","display":"Ja"},{"code":"2","display":"Nei"}]}