{"resourceType":"CodeSystem","id":"no-kodeverk-8245.codesystem","text":{"status":"generated","div":"<div xmlns=\"http://www.w3.org/1999/xhtml\"><p>This case-sensitive code system <code>http://helsenorge.no/fhir/CodeSystem/no-kodeverk-8245.codesystem</code> defines the following codes:</p><table class=\"codes\"><tr><td style=\"white-space:nowrap\"><b>Code</b></td><td><b>Display</b></td></tr><tr><td style=\"white-space:nowrap\">1<a name=\"no-kodeverk-8245.codesystem-1\"> </a></td><td>Revidert</td></tr><tr><td style=\"white-space:nowrap\">2<a name=\"no-kodeverk-8245.codesystem-2\"> </a></td><td>Foreløpig</td></tr><tr><td style=\"white-space:nowrap\">3<a name=\"no-kodeverk-8245.codesystem-3\"> </a></td><td>Endelig</td></tr><tr><td style=\"white-space:nowrap\">4<a name=\"no-kodeverk-8245.codesystem-4\"> </a></td><td>Tillegg</td></tr><tr><td style=\"white-space:nowrap\">5<a name=\"no-kodeverk-8245.codesystem-5\"> </a></td><td>Henvisning registrert</td></tr><tr><td style=\"white-space:nowrap\">6<a name=\"no-kodeverk-8245.codesystem-6\"> </a></td><td>Prosedyrer registrert/planlagt</td></tr><tr><td style=\"white-space:nowrap\">7<a name=\"no-kodeverk-8245.codesystem-7\"> </a></td><td>Tildelt time</td></tr><tr><td style=\"white-space:nowrap\">8<a name=\"no-kodeverk-8245.codesystem-8\"> </a></td><td>Undersøkelse gjennomført</td></tr><tr><td style=\"white-space:nowrap\">9<a name=\"no-kodeverk-8245.codesystem-9\"> </a></td><td>Diktert</td></tr><tr><td style=\"white-space:nowrap\">10<a name=\"no-kodeverk-8245.codesystem-10\"> </a></td><td>Skrevet (usignert svar foreligger)</td></tr><tr><td style=\"white-space:nowrap\">11<a name=\"no-kodeverk-8245.codesystem-11\"> </a></td><td>Signert</td></tr><tr><td style=\"white-space:nowrap\">12<a name=\"no-kodeverk-8245.codesystem-12\"> </a></td><td>Korrigert (usignert tilleggsbeskrivelse foreligger)</td></tr><tr><td style=\"white-space:nowrap\">13<a name=\"no-kodeverk-8245.codesystem-13\"> </a></td><td>Signert korrigert/tilleggsbeskrivelse foreligger</td></tr><tr><td style=\"white-space:nowrap\">14<a name=\"no-kodeverk-8245.codesystem-14\"> </a></td><td>Undersøkelse slettet</td></tr><tr><td style=\"white-space:nowrap\">15<a name=\"no-kodeverk-8245.codesystem-15\"> </a></td><td>I prosess</td></tr></table></div>"},"url":"http://helsenorge.no/fhir/CodeSystem/no-kodeverk-8245.codesystem","identifier":[{"system":"urn:ietf:rfc:3986","value":"urn:oid:2.16.578.1.12.4.1.1.8245"}],"version":"0.2.0","name":"NoKodeverk8245","title":"8245 Status for resultat i svarrapportering av medisinske tjenester","status":"active","experimental":false,"date":"2023-12-13T00:38:53+01:00","publisher":"Direktoratet for e-helse","description":"Benyttes for å angi status/steg i arbeidsflyt for en enkelt lab- /røntgenundersøkelse.","jurisdiction":[{"coding":[{"system":"urn:iso:std:iso:3166","code":"NO","display":"Norway"}]}],"caseSensitive":true,"content":"complete","count":15,"concept":[{"code":"1","display":"Revidert"},{"code":"2","display":"Foreløpig"},{"code":"3","display":"Endelig"},{"code":"4","display":"Tillegg"},{"code":"5","display":"Henvisning registrert"},{"code":"6","display":"Prosedyrer registrert/planlagt"},{"code":"7","display":"Tildelt time"},{"code":"8","display":"Undersøkelse gjennomført"},{"code":"9","display":"Diktert"},{"code":"10","display":"Skrevet (usignert svar foreligger)"},{"code":"11","display":"Signert"},{"code":"12","display":"Korrigert (usignert tilleggsbeskrivelse foreligger)"},{"code":"13","display":"Signert korrigert/tilleggsbeskrivelse foreligger"},{"code":"14","display":"Undersøkelse slettet"},{"code":"15","display":"I prosess"}]}