{"resourceType":"CodeSystem","id":"no-kodeverk-8274.codesystem","text":{"status":"generated","div":"<div xmlns=\"http://www.w3.org/1999/xhtml\"><p class=\"res-header-id\"><b>Generated Narrative: CodeSystem no-kodeverk-8274.codesystem</b></p><a name=\"no-kodeverk-8274.codesystem\"> </a><a name=\"hcno-kodeverk-8274.codesystem\"> </a><a name=\"no-kodeverk-8274.codesystem-no-NO\"> </a><p>This case-sensitive code system <code>http://helsenorge.no/fhir/CodeSystem/no-kodeverk-8274.codesystem</code> defines codes, but no codes are represented here</p></div>"},"url":"http://helsenorge.no/fhir/CodeSystem/no-kodeverk-8274.codesystem","identifier":[{"system":"urn:ietf:rfc:3986","value":"urn:oid:2.16.578.1.12.4.1.1.8274"}],"version":"1.2.1","name":"NoKodeverk8274","title":"8274 Anbefaling om supplerende undersøkelser","status":"draft","experimental":false,"date":"2025-07-07T00:15:54+02:00","description":"Om rekvirenten gir tjenesteyter tillatelse til å utføre ytterligere undersøkelser eller andre tiltak basert på resultater og medisinskfaglig skjønn.","jurisdiction":[{"coding":[{"system":"urn:iso:std:iso:3166","code":"NO","display":"Norway"}]}],"caseSensitive":true,"content":"not-present"}