{"resourceType":"CodeSystem","id":"no-kodeverk-7010-norpat.codesystem","text":{"status":"generated","div":"<div xmlns=\"http://www.w3.org/1999/xhtml\"><p class=\"res-header-id\"><b>Generated Narrative: CodeSystem no-kodeverk-7010-norpat.codesystem</b></p><a name=\"no-kodeverk-7010-norpat.codesystem\"> </a><a name=\"hcno-kodeverk-7010-norpat.codesystem\"> </a><a name=\"no-kodeverk-7010-norpat.codesystem-no-NO\"> </a><p>This case-sensitive code system <code>http://helsenorge.no/fhir/CodeSystem/no-kodeverk-7010-norpat.codesystem</code> defines codes, but no codes are represented here</p></div>"},"url":"http://helsenorge.no/fhir/CodeSystem/no-kodeverk-7010-norpat.codesystem","identifier":[{"system":"urn:ietf:rfc:3986","value":"urn:oid:2.16.578.1.12.4.1.1.7010"}],"version":"1.0.0","name":"NoKodeverk7010NORPAT","title":"Norsk patologikodeverk (NORPAT)","status":"active","experimental":false,"date":"2024-11-07T10:16:17+01:00","description":"Norsk patologikodeverk er et kodeverk som benyttes ved norske patologiavdelinger. Kodeverket ble utarbeidet av Den norske patologforenings kode- og nomenklaturutvalg i samarbeid med KITH på grunnlag av The Systematized Nomenclature of Medicine (SNOMED, 1984). Endret navn fra Den norske SNOMED til Norsk patologikodeverk 3. november 2015.","jurisdiction":[{"coding":[{"system":"urn:iso:std:iso:3166","code":"NO","display":"Norway"}]}],"caseSensitive":true,"content":"not-present"}