{"resourceType":"CodeSystem","id":"no-kodeverk-7270-ncrp.codesystem","text":{"status":"generated","div":"<div xmlns=\"http://www.w3.org/1999/xhtml\"><p class=\"res-header-id\"><b>Generated Narrative: CodeSystem no-kodeverk-7270-ncrp.codesystem</b></p><a name=\"no-kodeverk-7270-ncrp.codesystem\"> </a><a name=\"hcno-kodeverk-7270-ncrp.codesystem\"> </a><a name=\"no-kodeverk-7270-ncrp.codesystem-no-NO\"> </a><p>This case-sensitive code system <code>http://helsenorge.no/fhir/CodeSystem/no-kodeverk-7270-ncrp.codesystem</code> defines codes, but no codes are represented here</p></div>"},"url":"http://helsenorge.no/fhir/CodeSystem/no-kodeverk-7270-ncrp.codesystem","identifier":[{"system":"urn:ietf:rfc:3986","value":"urn:oid:2.16.578.1.12.4.1.1.7270"}],"version":"1.1.0","name":"NoKodeverk7270NCRP","title":"NCRP","status":"active","experimental":false,"date":"2025-02-21T16:49:26+01:00","description":"Kodeverk for radiologi og nukleærmedisin. Kodeverket skal brukes for å dokumentere og skal kunne brukes for å bestille radiologiske tjenester. Det skal benyttes for både polikliniske og innlagte pasienter. Fra 1. januar 2012 har det vært obligatorisk å bruke dette kodeverket for å rapportere poliklinisk radiologisk aktivitet både for offentlige og private virksomheter.","jurisdiction":[{"coding":[{"system":"urn:iso:std:iso:3166","code":"NO","display":"Norway"}]}],"caseSensitive":true,"content":"not-present"}