{"resourceType":"ImplementationGuide","id":"fhir.codesandextensions","text":{"status":"extensions","div":"<div xmlns=\"http://www.w3.org/1999/xhtml\"><h2>CodesExtensionsAndMore</h2><p>The official URL for this implementation guide is: </p><pre>http://helsenorge.no/fhir/ImplementationGuide/fhir.codesandextensions</pre><div><p>Codes, extension, profiles and more</p>\n</div></div>"},"url":"http://helsenorge.no/fhir/ImplementationGuide/fhir.codesandextensions","version":"0.2.0","name":"CodesExtensionsAndMore","title":"Codes, extension, profiles and more","status":"draft","date":"2023-12-13T17:25:33+01:00","description":"Codes, extension, profiles and more","jurisdiction":[{"coding":[{"system":"urn:iso:std:iso:3166","code":"NO","display":"Norway"}]}],"packageId":"fhir.codesandextensions","license":"CC0-1.0","fhirVersion":["4.0.1"],"dependsOn":[{"id":"hl7tx","extension":[{"url":"http://hl7.org/fhir/tools/StructureDefinition/implementationguide-dependency-comment","valueMarkdown":"Automatically added as a dependency - all IGs depend on HL7 Terminology"}],"uri":"http://terminology.hl7.org/ImplementationGuide/hl7.terminology","packageId":"hl7.terminology.r4","version":"5.3.0"},{"id":"hl7ext","extension":[{"url":"http://hl7.org/fhir/tools/StructureDefinition/implementationguide-dependency-comment","valueMarkdown":"Automatically added as a dependency - all IGs depend on the HL7 Extension Pack"}],"uri":"http://hl7.org/fhir/extensions/ImplementationGuide/hl7.fhir.uv.extensions","packageId":"hl7.fhir.uv.extensions.r4","version":"1.0.0"},{"id":"hl7_fhir_no_basis","uri":"http://fhir.org/packages/hl7.fhir.no.basis/ImplementationGuide/hl7.fhir.no.basis","packageId":"hl7.fhir.no.basis","version":"2.2.0"}],"definition":{"extension":[{"extension":[{"url":"code","valueString":"copyrightyear"},{"url":"value","valueString":"2023+"}],"url":"http://hl7.org/fhir/tools/StructureDefinition/ig-parameter"},{"extension":[{"url":"code","valueString":"releaselabel"},{"url":"value","valueString":"ci-build"}],"url":"http://hl7.org/fhir/tools/StructureDefinition/ig-parameter"},{"extension":[{"url":"code","valueString":"autoload-resources"},{"url":"value","valueString":"true"}],"url":"http://hl7.org/fhir/tools/StructureDefinition/ig-parameter"},{"extension":[{"url":"code","valueString":"path-liquid"},{"url":"value","valueString":"template/liquid"}],"url":"http://hl7.org/fhir/tools/StructureDefinition/ig-parameter"},{"extension":[{"url":"code","valueString":"path-liquid"},{"url":"value","valueString":"input/liquid"}],"url":"http://hl7.org/fhir/tools/StructureDefinition/ig-parameter"},{"extension":[{"url":"code","valueString":"path-qa"},{"url":"value","valueString":"temp/qa"}],"url":"http://hl7.org/fhir/tools/StructureDefinition/ig-parameter"},{"extension":[{"url":"code","valueString":"path-temp"},{"url":"value","valueString":"temp/pages"}],"url":"http://hl7.org/fhir/tools/StructureDefinition/ig-parameter"},{"extension":[{"url":"code","valueString":"path-output"},{"url":"value","valueString":"output"}],"url":"http://hl7.org/fhir/tools/StructureDefinition/ig-parameter"},{"extension":[{"url":"code","valueString":"path-suppressed-warnings"},{"url":"value","valueString":"input/ignoreWarnings.txt"}],"url":"http://hl7.org/fhir/tools/StructureDefinition/ig-parameter"},{"extension":[{"url":"code","valueString":"path-history"},{"url":"value","valueString":"http://helsenorge.no/fhir/history.html"}],"url":"http://hl7.org/fhir/tools/StructureDefinition/ig-parameter"},{"extension":[{"url":"code","valueString":"template-html"},{"url":"value","valueString":"template-page.html"}],"url":"http://hl7.org/fhir/tools/StructureDefinition/ig-parameter"},{"extension":[{"url":"code","valueString":"template-md"},{"url":"value","valueString":"template-page-md.html"}],"url":"http://hl7.org/fhir/tools/StructureDefinition/ig-parameter"},{"extension":[{"url":"code","valueString":"apply-contact"},{"url":"value","valueString":"true"}],"url":"http://hl7.org/fhir/tools/StructureDefinition/ig-parameter"},{"extension":[{"url":"code","valueString":"apply-context"},{"url":"value","valueString":"true"}],"url":"http://hl7.org/fhir/tools/StructureDefinition/ig-parameter"},{"extension":[{"url":"code","valueString":"apply-copyright"},{"url":"value","valueString":"true"}],"url":"http://hl7.org/fhir/tools/StructureDefinition/ig-parameter"},{"extension":[{"url":"code","valueString":"apply-jurisdiction"},{"url":"value","valueString":"true"}],"url":"http://hl7.org/fhir/tools/StructureDefinition/ig-parameter"},{"extension":[{"url":"code","valueString":"apply-license"},{"url":"value","valueString":"true"}],"url":"http://hl7.org/fhir/tools/StructureDefinition/ig-parameter"},{"extension":[{"url":"code","valueString":"apply-publisher"},{"url":"value","valueString":"true"}],"url":"http://hl7.org/fhir/tools/StructureDefinition/ig-parameter"},{"extension":[{"url":"code","valueString":"apply-version"},{"url":"value","valueString":"true"}],"url":"http://hl7.org/fhir/tools/StructureDefinition/ig-parameter"},{"extension":[{"url":"code","valueString":"apply-wg"},{"url":"value","valueString":"true"}],"url":"http://hl7.org/fhir/tools/StructureDefinition/ig-parameter"},{"extension":[{"url":"code","valueString":"active-tables"},{"url":"value","valueString":"true"}],"url":"http://hl7.org/fhir/tools/StructureDefinition/ig-parameter"},{"extension":[{"url":"code","valueString":"fmm-definition"},{"url":"value","valueString":"http://hl7.org/fhir/versions.html#maturity"}],"url":"http://hl7.org/fhir/tools/StructureDefinition/ig-parameter"},{"extension":[{"url":"code","valueString":"propagate-status"},{"url":"value","valueString":"true"}],"url":"http://hl7.org/fhir/tools/StructureDefinition/ig-parameter"},{"extension":[{"url":"code","valueString":"excludelogbinaryformat"},{"url":"value","valueString":"true"}],"url":"http://hl7.org/fhir/tools/StructureDefinition/ig-parameter"},{"extension":[{"url":"code","valueString":"tabbed-snapshots"},{"url":"value","valueString":"true"}],"url":"http://hl7.org/fhir/tools/StructureDefinition/ig-parameter"},{"url":"http://hl7.org/fhir/tools/StructureDefinition/ig-internal-dependency","valueCode":"hl7.fhir.uv.tools#current"},{"extension":[{"url":"code","valueCode":"copyrightyear"},{"url":"value","valueString":"2023+"}],"url":"http://hl7.org/fhir/tools/StructureDefinition/ig-parameter"},{"extension":[{"url":"code","valueCode":"releaselabel"},{"url":"value","valueString":"ci-build"}],"url":"http://hl7.org/fhir/tools/StructureDefinition/ig-parameter"},{"extension":[{"url":"code","valueCode":"autoload-resources"},{"url":"value","valueString":"true"}],"url":"http://hl7.org/fhir/tools/StructureDefinition/ig-parameter"},{"extension":[{"url":"code","valueCode":"path-liquid"},{"url":"value","valueString":"template/liquid"}],"url":"http://hl7.org/fhir/tools/StructureDefinition/ig-parameter"},{"extension":[{"url":"code","valueCode":"path-liquid"},{"url":"value","valueString":"input/liquid"}],"url":"http://hl7.org/fhir/tools/StructureDefinition/ig-parameter"},{"extension":[{"url":"code","valueCode":"path-qa"},{"url":"value","valueString":"temp/qa"}],"url":"http://hl7.org/fhir/tools/StructureDefinition/ig-parameter"},{"extension":[{"url":"code","valueCode":"path-temp"},{"url":"value","valueString":"temp/pages"}],"url":"http://hl7.org/fhir/tools/StructureDefinition/ig-parameter"},{"extension":[{"url":"code","valueCode":"path-output"},{"url":"value","valueString":"output"}],"url":"http://hl7.org/fhir/tools/StructureDefinition/ig-parameter"},{"extension":[{"url":"code","valueCode":"path-suppressed-warnings"},{"url":"value","valueString":"input/ignoreWarnings.txt"}],"url":"http://hl7.org/fhir/tools/StructureDefinition/ig-parameter"},{"extension":[{"url":"code","valueCode":"path-history"},{"url":"value","valueString":"http://helsenorge.no/fhir/history.html"}],"url":"http://hl7.org/fhir/tools/StructureDefinition/ig-parameter"},{"extension":[{"url":"code","valueCode":"template-html"},{"url":"value","valueString":"template-page.html"}],"url":"http://hl7.org/fhir/tools/StructureDefinition/ig-parameter"},{"extension":[{"url":"code","valueCode":"template-md"},{"url":"value","valueString":"template-page-md.html"}],"url":"http://hl7.org/fhir/tools/StructureDefinition/ig-parameter"},{"extension":[{"url":"code","valueCode":"apply-contact"},{"url":"value","valueString":"true"}],"url":"http://hl7.org/fhir/tools/StructureDefinition/ig-parameter"},{"extension":[{"url":"code","valueCode":"apply-context"},{"url":"value","valueString":"true"}],"url":"http://hl7.org/fhir/tools/StructureDefinition/ig-parameter"},{"extension":[{"url":"code","valueCode":"apply-copyright"},{"url":"value","valueString":"true"}],"url":"http://hl7.org/fhir/tools/StructureDefinition/ig-parameter"},{"extension":[{"url":"code","valueCode":"apply-jurisdiction"},{"url":"value","valueString":"true"}],"url":"http://hl7.org/fhir/tools/StructureDefinition/ig-parameter"},{"extension":[{"url":"code","valueCode":"apply-license"},{"url":"value","valueString":"true"}],"url":"http://hl7.org/fhir/tools/StructureDefinition/ig-parameter"},{"extension":[{"url":"code","valueCode":"apply-publisher"},{"url":"value","valueString":"true"}],"url":"http://hl7.org/fhir/tools/StructureDefinition/ig-parameter"},{"extension":[{"url":"code","valueCode":"apply-version"},{"url":"value","valueString":"true"}],"url":"http://hl7.org/fhir/tools/StructureDefinition/ig-parameter"},{"extension":[{"url":"code","valueCode":"apply-wg"},{"url":"value","valueString":"true"}],"url":"http://hl7.org/fhir/tools/StructureDefinition/ig-parameter"},{"extension":[{"url":"code","valueCode":"active-tables"},{"url":"value","valueString":"true"}],"url":"http://hl7.org/fhir/tools/StructureDefinition/ig-parameter"},{"extension":[{"url":"code","valueCode":"fmm-definition"},{"url":"value","valueString":"http://hl7.org/fhir/versions.html#maturity"}],"url":"http://hl7.org/fhir/tools/StructureDefinition/ig-parameter"},{"extension":[{"url":"code","valueCode":"propagate-status"},{"url":"value","valueString":"true"}],"url":"http://hl7.org/fhir/tools/StructureDefinition/ig-parameter"},{"extension":[{"url":"code","valueCode":"excludelogbinaryformat"},{"url":"value","valueString":"true"}],"url":"http://hl7.org/fhir/tools/StructureDefinition/ig-parameter"},{"extension":[{"url":"code","valueCode":"tabbed-snapshots"},{"url":"value","valueString":"true"}],"url":"http://hl7.org/fhir/tools/StructureDefinition/ig-parameter"},{"extension":[{"url":"code","valueCode":"copyrightyear"},{"url":"value","valueString":"2023+"}],"url":"http://hl7.org/fhir/tools/StructureDefinition/ig-parameter"},{"extension":[{"url":"code","valueCode":"releaselabel"},{"url":"value","valueString":"ci-build"}],"url":"http://hl7.org/fhir/tools/StructureDefinition/ig-parameter"},{"extension":[{"url":"code","valueCode":"autoload-resources"},{"url":"value","valueString":"true"}],"url":"http://hl7.org/fhir/tools/StructureDefinition/ig-parameter"},{"extension":[{"url":"code","valueCode":"path-liquid"},{"url":"value","valueString":"template/liquid"}],"url":"http://hl7.org/fhir/tools/StructureDefinition/ig-parameter"},{"extension":[{"url":"code","valueCode":"path-liquid"},{"url":"value","valueString":"input/liquid"}],"url":"http://hl7.org/fhir/tools/StructureDefinition/ig-parameter"},{"extension":[{"url":"code","valueCode":"path-qa"},{"url":"value","valueString":"temp/qa"}],"url":"http://hl7.org/fhir/tools/StructureDefinition/ig-parameter"},{"extension":[{"url":"code","valueCode":"path-temp"},{"url":"value","valueString":"temp/pages"}],"url":"http://hl7.org/fhir/tools/StructureDefinition/ig-parameter"},{"extension":[{"url":"code","valueCode":"path-output"},{"url":"value","valueString":"output"}],"url":"http://hl7.org/fhir/tools/StructureDefinition/ig-parameter"},{"extension":[{"url":"code","valueCode":"path-suppressed-warnings"},{"url":"value","valueString":"input/ignoreWarnings.txt"}],"url":"http://hl7.org/fhir/tools/StructureDefinition/ig-parameter"},{"extension":[{"url":"code","valueCode":"path-history"},{"url":"value","valueString":"http://helsenorge.no/fhir/history.html"}],"url":"http://hl7.org/fhir/tools/StructureDefinition/ig-parameter"},{"extension":[{"url":"code","valueCode":"template-html"},{"url":"value","valueString":"template-page.html"}],"url":"http://hl7.org/fhir/tools/StructureDefinition/ig-parameter"},{"extension":[{"url":"code","valueCode":"template-md"},{"url":"value","valueString":"template-page-md.html"}],"url":"http://hl7.org/fhir/tools/StructureDefinition/ig-parameter"},{"extension":[{"url":"code","valueCode":"apply-contact"},{"url":"value","valueString":"true"}],"url":"http://hl7.org/fhir/tools/StructureDefinition/ig-parameter"},{"extension":[{"url":"code","valueCode":"apply-context"},{"url":"value","valueString":"true"}],"url":"http://hl7.org/fhir/tools/StructureDefinition/ig-parameter"},{"extension":[{"url":"code","valueCode":"apply-copyright"},{"url":"value","valueString":"true"}],"url":"http://hl7.org/fhir/tools/StructureDefinition/ig-parameter"},{"extension":[{"url":"code","valueCode":"apply-jurisdiction"},{"url":"value","valueString":"true"}],"url":"http://hl7.org/fhir/tools/StructureDefinition/ig-parameter"},{"extension":[{"url":"code","valueCode":"apply-license"},{"url":"value","valueString":"true"}],"url":"http://hl7.org/fhir/tools/StructureDefinition/ig-parameter"},{"extension":[{"url":"code","valueCode":"apply-publisher"},{"url":"value","valueString":"true"}],"url":"http://hl7.org/fhir/tools/StructureDefinition/ig-parameter"},{"extension":[{"url":"code","valueCode":"apply-version"},{"url":"value","valueString":"true"}],"url":"http://hl7.org/fhir/tools/StructureDefinition/ig-parameter"},{"extension":[{"url":"code","valueCode":"apply-wg"},{"url":"value","valueString":"true"}],"url":"http://hl7.org/fhir/tools/StructureDefinition/ig-parameter"},{"extension":[{"url":"code","valueCode":"active-tables"},{"url":"value","valueString":"true"}],"url":"http://hl7.org/fhir/tools/StructureDefinition/ig-parameter"},{"extension":[{"url":"code","valueCode":"fmm-definition"},{"url":"value","valueString":"http://hl7.org/fhir/versions.html#maturity"}],"url":"http://hl7.org/fhir/tools/StructureDefinition/ig-parameter"},{"extension":[{"url":"code","valueCode":"propagate-status"},{"url":"value","valueString":"true"}],"url":"http://hl7.org/fhir/tools/StructureDefinition/ig-parameter"},{"extension":[{"url":"code","valueCode":"excludelogbinaryformat"},{"url":"value","valueString":"true"}],"url":"http://hl7.org/fhir/tools/StructureDefinition/ig-parameter"},{"extension":[{"url":"code","valueCode":"tabbed-snapshots"},{"url":"value","valueString":"true"}],"url":"http://hl7.org/fhir/tools/StructureDefinition/ig-parameter"}],"grouping":[{"id":"-str-profile","name":"Structures: Resource Profiles","description":"These define constraints on FHIR resources for systems conforming to this implementation guide."},{"id":"-str-extension","name":"Structures: Extension Definitions","description":"These define constraints on FHIR data types for systems conforming to this implementation guide."},{"id":"-term-valueset","name":"Terminology: Value Sets","description":"These define sets of codes used by systems conforming to this implementation guide."},{"id":"-term-codesystem","name":"Terminology: Code Systems","description":"These define new code systems used by systems conforming to this implementation guide."},{"id":"-term-namingsystem","name":"Terminology: Naming Systems","description":"These define identifier and/or code system identities used by systems conforming to this implementation guide."},{"id":"-ex-example","name":"Example: Example Instances","description":"These are example instances that show what data produced and consumed by systems conforming with this implementation guide might look like."}],"resource":[{"extension":[{"url":"http://hl7.org/fhir/tools/StructureDefinition/resource-sort","valueInteger":999999999},{"url":"http://hl7.org/fhir/StructureDefinition/implementationguide-page","valueUri":"StructureDefinition-hn-basis-schedule.html"}],"reference":{"reference":"StructureDefinition/hn-basis-schedule"},"name":"HnBasisSchedule","description":"FHIR Schedule brukes for å hente timebøker tilgjengelige for timebestilling for innbygger. Profilen er basert på R4.","exampleBoolean":false,"groupingId":"-str-profile"},{"extension":[{"url":"http://hl7.org/fhir/tools/StructureDefinition/resource-sort","valueInteger":999999999},{"url":"http://hl7.org/fhir/StructureDefinition/implementationguide-page","valueUri":"StructureDefinition-hn-basis-serviceRequest.html"}],"reference":{"reference":"StructureDefinition/hn-basis-serviceRequest"},"name":"HnBasisServiceRequest","description":"ServiceRequest sendes til tjenesteytere for å informere om hvilke tjenester som ønskes fra leverandøren.","exampleBoolean":false,"groupingId":"-str-profile"},{"extension":[{"url":"http://hl7.org/fhir/tools/StructureDefinition/resource-sort","valueInteger":999999999},{"url":"http://hl7.org/fhir/StructureDefinition/implementationguide-page","valueUri":"StructureDefinition-additional-code.html"}],"reference":{"reference":"StructureDefinition/additional-code"},"name":"Alternative codes på serviceRequest.code","description":"Ekstensjon som muliggjør å legge til flere koder som alternative codes på serviceRequest.code","exampleBoolean":false,"groupingId":"-str-extension"},{"extension":[{"url":"http://hl7.org/fhir/tools/StructureDefinition/resource-sort","valueInteger":999999999},{"url":"http://hl7.org/fhir/StructureDefinition/implementationguide-page","valueUri":"StructureDefinition-hn-extension-free-slot-planningHorizon.html"}],"reference":{"reference":"StructureDefinition/hn-extension-free-slot-planningHorizon"},"name":"Periode for første og siste ledige slot i timebok","description":"Periode for første og siste ledige slot i timebok. Tid og referanse","exampleBoolean":false,"groupingId":"-str-extension"},{"extension":[{"url":"http://hl7.org/fhir/tools/StructureDefinition/resource-sort","valueInteger":999999999},{"url":"http://hl7.org/fhir/StructureDefinition/implementationguide-page","valueUri":"StructureDefinition-hn-extension-representant.html"}],"reference":{"reference":"StructureDefinition/hn-extension-representant"},"name":"Representant","description":"Person som representerer en annen etter avtale, vedtakk mm.","exampleBoolean":false,"groupingId":"-str-extension"},{"extension":[{"url":"http://hl7.org/fhir/tools/StructureDefinition/resource-sort","valueInteger":999999999},{"url":"http://hl7.org/fhir/StructureDefinition/implementationguide-page","valueUri":"StructureDefinition-hn-extension-varselorganisasjon.html"}],"reference":{"reference":"StructureDefinition/hn-extension-varselorganisasjon"},"name":"Varselorganisasjon","description":"Varselorganisasjon som kjem frem i varsel til innbygger.","exampleBoolean":false,"groupingId":"-str-extension"},{"extension":[{"url":"http://hl7.org/fhir/tools/StructureDefinition/resource-sort","valueInteger":999999999},{"url":"http://hl7.org/fhir/StructureDefinition/implementationguide-page","valueUri":"ValueSet-cs-8116-Dnr-Fnr-vs.html"}],"reference":{"reference":"ValueSet/cs-8116-Dnr-Fnr-vs"},"name":"DNR og FNR fra Volven 8116","description":"ValueSet basert på 8116 som inkluderer kun FNR og DNR","exampleBoolean":false,"groupingId":"-term-valueset"},{"extension":[{"url":"http://hl7.org/fhir/tools/StructureDefinition/resource-sort","valueInteger":999999999},{"url":"http://hl7.org/fhir/StructureDefinition/implementationguide-page","valueUri":"ValueSet-serviceRequest-category-vs.html"}],"reference":{"reference":"ValueSet/serviceRequest-category-vs"},"name":"ServiceRequest Category Value Set","description":"Kode som klassifiserer tjenesten for søk, sortering og visningsformål. (flere koder vil leggest til senere)","exampleBoolean":false,"groupingId":"-term-valueset"},{"extension":[{"url":"http://hl7.org/fhir/tools/StructureDefinition/resource-sort","valueInteger":999999999},{"url":"http://hl7.org/fhir/StructureDefinition/implementationguide-page","valueUri":"ValueSet-serviceRequest-performerType-vs.html"}],"reference":{"reference":"ValueSet/serviceRequest-performerType-vs"},"name":"ServiceRequest PerformerType Value Set","description":"Koder for valgte profesjonstyper.","exampleBoolean":false,"groupingId":"-term-valueset"},{"extension":[{"url":"http://hl7.org/fhir/tools/StructureDefinition/resource-sort","valueInteger":999999999},{"url":"http://hl7.org/fhir/StructureDefinition/implementationguide-page","valueUri":"ValueSet-hn-scheduleandslot-type-vs.html"}],"reference":{"reference":"ValueSet/hn-scheduleandslot-type-vs"},"name":"hn-scheduleandslot-type-vs","description":"Value set for schedule and slot type","exampleBoolean":false,"groupingId":"-term-valueset"},{"extension":[{"url":"http://hl7.org/fhir/tools/StructureDefinition/resource-sort","valueInteger":999999999},{"url":"http://hl7.org/fhir/StructureDefinition/implementationguide-page","valueUri":"CodeSystem-no-kodeverk-1101.codesystem.html"}],"reference":{"reference":"CodeSystem/no-kodeverk-1101.codesystem"},"name":"1101 Ja, nei","description":"Dette kodeverket inneholder koder for å angi svar Ja eller Nei.","exampleBoolean":false,"groupingId":"-term-codesystem"},{"extension":[{"url":"http://hl7.org/fhir/tools/StructureDefinition/resource-sort","valueInteger":999999999},{"url":"http://hl7.org/fhir/StructureDefinition/implementationguide-page","valueUri":"CodeSystem-no-kodeverk-3108.codesystem.html"}],"reference":{"reference":"CodeSystem/no-kodeverk-3108.codesystem"},"name":"3108 Reservasjon mot registrering","description":"Opplysning om pasienten holdning til registrering av informasjon i register","exampleBoolean":false,"groupingId":"-term-codesystem"},{"extension":[{"url":"http://hl7.org/fhir/tools/StructureDefinition/resource-sort","valueInteger":999999999},{"url":"http://hl7.org/fhir/StructureDefinition/implementationguide-page","valueUri":"CodeSystem-no-kodeverk-4101.codesystem.html"}],"reference":{"reference":"CodeSystem/no-kodeverk-4101.codesystem"},"name":"4101 Betalingskategori","description":"Dette kodeverket inneholder koder som benyttes for å angi hvem som er betalingsansvarlig.","exampleBoolean":false,"groupingId":"-term-codesystem"},{"extension":[{"url":"http://hl7.org/fhir/tools/StructureDefinition/resource-sort","valueInteger":999999999},{"url":"http://hl7.org/fhir/StructureDefinition/implementationguide-page","valueUri":"CodeSystem-no-kodeverk-7303.codesystem.html"}],"reference":{"reference":"CodeSystem/no-kodeverk-7303.codesystem"},"name":"7303 Svarrapporteringsprioritet","description":"Svarrapporteringsprioritet. Kodeverket har ikke noen beskrivelse.","exampleBoolean":false,"groupingId":"-term-codesystem"},{"extension":[{"url":"http://hl7.org/fhir/tools/StructureDefinition/resource-sort","valueInteger":999999999},{"url":"http://hl7.org/fhir/StructureDefinition/implementationguide-page","valueUri":"CodeSystem-no-kodeverk-7305.codesystem.html"}],"reference":{"reference":"CodeSystem/no-kodeverk-7305.codesystem"},"name":"7305 Moderator","description":"Tilleggsopplysning til diagnose.","exampleBoolean":false,"groupingId":"-term-codesystem"},{"extension":[{"url":"http://hl7.org/fhir/tools/StructureDefinition/resource-sort","valueInteger":999999999},{"url":"http://hl7.org/fhir/StructureDefinition/implementationguide-page","valueUri":"CodeSystem-no-kodeverk-7611.codesystem.html"}],"reference":{"reference":"CodeSystem/no-kodeverk-7611.codesystem"},"name":"7611 Representasjonsrolle.","description":"Dersom en innbygger benytter dialogtjenester på vegne av pasient fra helsenorge.no så skal informasjon om hvem som benytter tjeneste oppgis vha. objektet Pasientrelasjon. Pasienten oppgis som vanlig under patient-tagen i Hodemeldingen, mens personen som benytter en dialogtjeneste på vegne av pasienten skal oppgis i objektet Pasientrelasjon. Relasjon angir her representasjonsolle person som benytter tjeneste har til pasient.","exampleBoolean":false,"groupingId":"-term-codesystem"},{"extension":[{"url":"http://hl7.org/fhir/tools/StructureDefinition/resource-sort","valueInteger":999999999},{"url":"http://hl7.org/fhir/StructureDefinition/implementationguide-page","valueUri":"CodeSystem-no-kodeverk-7617.codesystem.html"}],"reference":{"reference":"CodeSystem/no-kodeverk-7617.codesystem"},"name":"7617 Timetype innbyggerportal","description":"Tilleggsopplysning til diagnose.","exampleBoolean":false,"groupingId":"-term-codesystem"},{"extension":[{"url":"http://hl7.org/fhir/tools/StructureDefinition/resource-sort","valueInteger":999999999},{"url":"http://hl7.org/fhir/StructureDefinition/implementationguide-page","valueUri":"CodeSystem-no-kodeverk-8116.codesystem.html"}],"reference":{"reference":"CodeSystem/no-kodeverk-8116.codesystem"},"name":"8116 ID-type for personer","description":"Angir type identifikator for personer.","exampleBoolean":false,"groupingId":"-term-codesystem"},{"extension":[{"url":"http://hl7.org/fhir/tools/StructureDefinition/resource-sort","valueInteger":999999999},{"url":"http://hl7.org/fhir/StructureDefinition/implementationguide-page","valueUri":"CodeSystem-no-kodeverk-8202.codesystem.html"}],"reference":{"reference":"CodeSystem/no-kodeverk-8202.codesystem"},"name":"8202 Type laboratoriemelding","description":"Fagområde innen laboratoriemedisin og bildediagnstikk. Benyttes for å angi type svarrapport","exampleBoolean":false,"groupingId":"-term-codesystem"},{"extension":[{"url":"http://hl7.org/fhir/tools/StructureDefinition/resource-sort","valueInteger":999999999},{"url":"http://hl7.org/fhir/StructureDefinition/implementationguide-page","valueUri":"CodeSystem-no-kodeverk-8212.codesystem.html"}],"reference":{"reference":"CodeSystem/no-kodeverk-8212.codesystem"},"name":"8212 Uspesifisert laboratoriekodeverk","description":"Dette kodeverk skal benyttes i tilfeller der det er uavklart hvilket type koder som skal være med i en melding. Kodeverket inneholder ingen koder","exampleBoolean":false,"groupingId":"-term-codesystem"},{"extension":[{"url":"http://hl7.org/fhir/tools/StructureDefinition/resource-sort","valueInteger":999999999},{"url":"http://hl7.org/fhir/StructureDefinition/implementationguide-page","valueUri":"CodeSystem-no-kodeverk-8216.codesystem.html"}],"reference":{"reference":"CodeSystem/no-kodeverk-8216.codesystem"},"name":"8216 Kodeverk for cytologisk materiale","description":"Gynekologisk materiale eller annet cytologisk materiale som er tatt for cytologiske undersøkelser. Kodene dekker opp valgmuligheter fra standard rekvisisjonsskjema for cytologiske undersøkelser.","exampleBoolean":false,"groupingId":"-term-codesystem"},{"extension":[{"url":"http://hl7.org/fhir/tools/StructureDefinition/resource-sort","valueInteger":999999999},{"url":"http://hl7.org/fhir/StructureDefinition/implementationguide-page","valueUri":"CodeSystem-no-kodeverk-8219.codesystem.html"}],"reference":{"reference":"CodeSystem/no-kodeverk-8219.codesystem"},"name":"8219 Kodeverk for patologisk-anatomiske undersøkelser","description":"Kodene beskriver ulike typer patologi-undersøkelser.","exampleBoolean":false,"groupingId":"-term-codesystem"},{"extension":[{"url":"http://hl7.org/fhir/tools/StructureDefinition/resource-sort","valueInteger":999999999},{"url":"http://hl7.org/fhir/StructureDefinition/implementationguide-page","valueUri":"CodeSystem-no-kodeverk-8231.codesystem.html"}],"reference":{"reference":"CodeSystem/no-kodeverk-8231.codesystem"},"name":"8231 Type tekstsvar","description":"Begrunnelse for rekvisisjon/henvisning","exampleBoolean":false,"groupingId":"-term-codesystem"},{"extension":[{"url":"http://hl7.org/fhir/tools/StructureDefinition/resource-sort","valueInteger":999999999},{"url":"http://hl7.org/fhir/StructureDefinition/implementationguide-page","valueUri":"CodeSystem-no-kodeverk-8232.codesystem.html"}],"reference":{"reference":"CodeSystem/no-kodeverk-8232.codesystem"},"name":"8232 Forbehandling","description":"Forberedelse før undersøkelse","exampleBoolean":false,"groupingId":"-term-codesystem"},{"extension":[{"url":"http://hl7.org/fhir/tools/StructureDefinition/resource-sort","valueInteger":999999999},{"url":"http://hl7.org/fhir/StructureDefinition/implementationguide-page","valueUri":"CodeSystem-no-kodeverk-8234.codesystem.html"}],"reference":{"reference":"CodeSystem/no-kodeverk-8234.codesystem"},"name":"8234 Type tekstsvar i kommentar til rekvisisjon og henvisning","description":"Type tekstsvar i kommentar til rekvisisjon og henvisning. kodeverket har ikke noen beskrivelse.","exampleBoolean":false,"groupingId":"-term-codesystem"},{"extension":[{"url":"http://hl7.org/fhir/tools/StructureDefinition/resource-sort","valueInteger":999999999},{"url":"http://hl7.org/fhir/StructureDefinition/implementationguide-page","valueUri":"CodeSystem-no-kodeverk-8239.codesystem.html"}],"reference":{"reference":"CodeSystem/no-kodeverk-8239.codesystem"},"name":"8239 Forholdsoperatorer i svarrapportering av medisinske tjenester","description":"Forholdsoperatorer i svarrapportering av medisinske tjeneste","exampleBoolean":false,"groupingId":"-term-codesystem"},{"extension":[{"url":"http://hl7.org/fhir/tools/StructureDefinition/resource-sort","valueInteger":999999999},{"url":"http://hl7.org/fhir/StructureDefinition/implementationguide-page","valueUri":"CodeSystem-no-kodeverk-8243.codesystem.html"}],"reference":{"reference":"CodeSystem/no-kodeverk-8243.codesystem"},"name":"8243 Type tekstsvar i tekstlig resultat i svarrapportering av medisinske tjenester","description":"Type tekstsvar i tekstlig resultat i svarrapportering av medisinske tjenester","exampleBoolean":false,"groupingId":"-term-codesystem"},{"extension":[{"url":"http://hl7.org/fhir/tools/StructureDefinition/resource-sort","valueInteger":999999999},{"url":"http://hl7.org/fhir/StructureDefinition/implementationguide-page","valueUri":"CodeSystem-no-kodeverk-8244.codesystem.html"}],"reference":{"reference":"CodeSystem/no-kodeverk-8244.codesystem"},"name":"8244 Avviksmarkør i svarrapportering av medisinske tjenester","description":"Angir svarverdi i forhold til referansegrense","exampleBoolean":false,"groupingId":"-term-codesystem"},{"extension":[{"url":"http://hl7.org/fhir/tools/StructureDefinition/resource-sort","valueInteger":999999999},{"url":"http://hl7.org/fhir/StructureDefinition/implementationguide-page","valueUri":"CodeSystem-no-kodeverk-8245.codesystem.html"}],"reference":{"reference":"CodeSystem/no-kodeverk-8245.codesystem"},"name":"8245 Status for resultat i svarrapportering av medisinske tjenester","description":"Benyttes for å angi status/steg i arbeidsflyt for en enkelt lab- /røntgenundersøkelse.","exampleBoolean":false,"groupingId":"-term-codesystem"},{"extension":[{"url":"http://hl7.org/fhir/tools/StructureDefinition/resource-sort","valueInteger":999999999},{"url":"http://hl7.org/fhir/StructureDefinition/implementationguide-page","valueUri":"CodeSystem-no-kodeverk-8264.codesystem.html"}],"reference":{"reference":"CodeSystem/no-kodeverk-8264.codesystem"},"name":"8264 Tjenestekoder for timereservasjon","description":"Foreløpig kodeverk basert på tilgjengelige tjenester. Anvendes til booking av time.","exampleBoolean":false,"groupingId":"-term-codesystem"},{"extension":[{"url":"http://hl7.org/fhir/tools/StructureDefinition/resource-sort","valueInteger":999999999},{"url":"http://hl7.org/fhir/StructureDefinition/implementationguide-page","valueUri":"CodeSystem-no-kodeverk-8268.codesystem.html"}],"reference":{"reference":"CodeSystem/no-kodeverk-8268.codesystem"},"name":"8268 Type identifikator","description":"Angir type identifikator for person og virksomhet.","exampleBoolean":false,"groupingId":"-term-codesystem"},{"extension":[{"url":"http://hl7.org/fhir/tools/StructureDefinition/resource-sort","valueInteger":999999999},{"url":"http://hl7.org/fhir/StructureDefinition/implementationguide-page","valueUri":"CodeSystem-no-kodeverk-8269.codesystem.html"}],"reference":{"reference":"CodeSystem/no-kodeverk-8269.codesystem"},"name":"8269 Kommentar til svarrapport","description":"Kodet kommentar til svarrapport","exampleBoolean":false,"groupingId":"-term-codesystem"},{"extension":[{"url":"http://hl7.org/fhir/tools/StructureDefinition/resource-sort","valueInteger":999999999},{"url":"http://hl7.org/fhir/StructureDefinition/implementationguide-page","valueUri":"CodeSystem-no-kodeverk-8271.codesystem.html"}],"reference":{"reference":"CodeSystem/no-kodeverk-8271.codesystem"},"name":"8271 Resistens","description":"Svarverdier til bruk i resistensbestemmelser (SIR)","exampleBoolean":false,"groupingId":"-term-codesystem"},{"extension":[{"url":"http://hl7.org/fhir/tools/StructureDefinition/resource-sort","valueInteger":999999999},{"url":"http://hl7.org/fhir/StructureDefinition/implementationguide-page","valueUri":"CodeSystem-no-kodeverk-8272.codesystem.html"}],"reference":{"reference":"CodeSystem/no-kodeverk-8272.codesystem"},"name":"8272 Anbefaling om ny undersøkelse","description":"Anbefaling om ny undersøkelse.","exampleBoolean":false,"groupingId":"-term-codesystem"},{"extension":[{"url":"http://hl7.org/fhir/tools/StructureDefinition/resource-sort","valueInteger":999999999},{"url":"http://hl7.org/fhir/StructureDefinition/implementationguide-page","valueUri":"CodeSystem-no-kodeverk-8273.codesystem.html"}],"reference":{"reference":"CodeSystem/no-kodeverk-8273.codesystem"},"name":"8273 Hastegrad","description":"Anbefalt tidsperspektiv for tiltak.","exampleBoolean":false,"groupingId":"-term-codesystem"},{"extension":[{"url":"http://hl7.org/fhir/tools/StructureDefinition/resource-sort","valueInteger":999999999},{"url":"http://hl7.org/fhir/StructureDefinition/implementationguide-page","valueUri":"CodeSystem-no-kodeverk-8274.codesystem.html"}],"reference":{"reference":"CodeSystem/no-kodeverk-8274.codesystem"},"name":"8274 Anbefaling om supplerende undersøkelser","description":"Om rekvirenten gir tjenesteyter tillatelse til å utføre ytterligere undersøkelser eller andre tiltak basert på resultater og medisinskfaglig skjønn.","exampleBoolean":false,"groupingId":"-term-codesystem"},{"extension":[{"url":"http://hl7.org/fhir/tools/StructureDefinition/resource-sort","valueInteger":999999999},{"url":"http://hl7.org/fhir/StructureDefinition/implementationguide-page","valueUri":"CodeSystem-no-kodeverk-8275.codesystem.html"}],"reference":{"reference":"CodeSystem/no-kodeverk-8275.codesystem"},"name":"8275 Cytologisk materiale tatt med","description":"Cytologisk materiale tatt med.","exampleBoolean":false,"groupingId":"-term-codesystem"},{"extension":[{"url":"http://hl7.org/fhir/tools/StructureDefinition/resource-sort","valueInteger":999999999},{"url":"http://hl7.org/fhir/StructureDefinition/implementationguide-page","valueUri":"CodeSystem-no-kodeverk-8327.codesystem.html"}],"reference":{"reference":"CodeSystem/no-kodeverk-8327.codesystem"},"name":"8327 Offisiell personidentifikasjon","description":"Angir type identifikator for person","exampleBoolean":false,"groupingId":"-term-codesystem"},{"extension":[{"url":"http://hl7.org/fhir/tools/StructureDefinition/resource-sort","valueInteger":999999999},{"url":"http://hl7.org/fhir/StructureDefinition/implementationguide-page","valueUri":"CodeSystem-no-kodeverk-8340.codesystem.html"}],"reference":{"reference":"CodeSystem/no-kodeverk-8340.codesystem"},"name":"8340 Tekstlige resultatverdier for mikrobiologiske svar","description":"Kodeverk for tekstlig resultatverdier til bruk i svar av mikrobiologiske laboratorieundersøkelser.","exampleBoolean":false,"groupingId":"-term-codesystem"},{"extension":[{"url":"http://hl7.org/fhir/tools/StructureDefinition/resource-sort","valueInteger":999999999},{"url":"http://hl7.org/fhir/StructureDefinition/implementationguide-page","valueUri":"CodeSystem-no-kodeverk-8351.codesystem.html"}],"reference":{"reference":"CodeSystem/no-kodeverk-8351.codesystem"},"name":"8351 Prøvemateriale","description":"Kodeverk for prøvemateriale til bruk i rekvisisjon og svar av laboratorieundersøkelser.","exampleBoolean":false,"groupingId":"-term-codesystem"},{"extension":[{"url":"http://hl7.org/fhir/tools/StructureDefinition/resource-sort","valueInteger":999999999},{"url":"http://hl7.org/fhir/StructureDefinition/implementationguide-page","valueUri":"CodeSystem-no-kodeverk-8406.codesystem.html"}],"reference":{"reference":"CodeSystem/no-kodeverk-8406.codesystem"},"name":"8406 Omsorgsnivå","description":"Dette kodeverket inneholder koder for avvikling.","exampleBoolean":false,"groupingId":"-term-codesystem"},{"extension":[{"url":"http://hl7.org/fhir/tools/StructureDefinition/resource-sort","valueInteger":999999999},{"url":"http://hl7.org/fhir/StructureDefinition/implementationguide-page","valueUri":"CodeSystem-no-kodeverk-8432.codesystem.html"}],"reference":{"reference":"CodeSystem/no-kodeverk-8432.codesystem"},"name":"8432 Kontakttype","description":"Dette kodeverket inneholder koder som katogoriserer type kontakter. Gjelder for polikliniske konsultasjoner og dagbehandlinger etc.","exampleBoolean":false,"groupingId":"-term-codesystem"},{"extension":[{"url":"http://hl7.org/fhir/tools/StructureDefinition/resource-sort","valueInteger":999999999},{"url":"http://hl7.org/fhir/StructureDefinition/implementationguide-page","valueUri":"CodeSystem-no-kodeverk-8445.codesystem.html"}],"reference":{"reference":"CodeSystem/no-kodeverk-8445.codesystem"},"name":"8445 Ventetid sluttkode","description":"Dette kodeverket inneholder koder for avvikling.","exampleBoolean":false,"groupingId":"-term-codesystem"},{"extension":[{"url":"http://hl7.org/fhir/tools/StructureDefinition/resource-sort","valueInteger":999999999},{"url":"http://hl7.org/fhir/StructureDefinition/implementationguide-page","valueUri":"CodeSystem-no-kodeverk-8446.codesystem.html"}],"reference":{"reference":"CodeSystem/no-kodeverk-8446.codesystem"},"name":"8446 Utsettelseskode","description":"Dette kodeverket inneholder koder som beskriver grunner for utsettelse.","exampleBoolean":false,"groupingId":"-term-codesystem"},{"extension":[{"url":"http://hl7.org/fhir/tools/StructureDefinition/resource-sort","valueInteger":999999999},{"url":"http://hl7.org/fhir/StructureDefinition/implementationguide-page","valueUri":"CodeSystem-no-kodeverk-8624.codesystem.html"}],"reference":{"reference":"CodeSystem/no-kodeverk-8624.codesystem"},"name":"8624 Organisatorisk betegnelse","description":"Hvilken type enheten er, hva enheten kalles lokalt. Valg av term har ingen betydning for bestemmelse av nivå eller hierarkisk plassering. Betydningen av slike ord varierer mye fra organisasjon til organisasjon.","exampleBoolean":false,"groupingId":"-term-codesystem"},{"extension":[{"url":"http://hl7.org/fhir/tools/StructureDefinition/resource-sort","valueInteger":999999999},{"url":"http://hl7.org/fhir/StructureDefinition/implementationguide-page","valueUri":"CodeSystem-no-kodeverk-8628.codesystem.html"}],"reference":{"reference":"CodeSystem/no-kodeverk-8628.codesystem"},"name":"8628 Organisatorisk nivå","description":"Kodeverket er ikke lengre nødvendig i OK 2007. Så lenge applikasjonen RESH krever kode for dette vil det fortsatt være en del av OK 2007.","exampleBoolean":false,"groupingId":"-term-codesystem"},{"extension":[{"url":"http://hl7.org/fhir/tools/StructureDefinition/resource-sort","valueInteger":999999999},{"url":"http://hl7.org/fhir/StructureDefinition/implementationguide-page","valueUri":"CodeSystem-no-kodeverk-9033.codesystem.html"}],"reference":{"reference":"CodeSystem/no-kodeverk-9033.codesystem"},"name":"9033 Slektskap mv. til pasient","description":"Dette kodeverket inneholder koder som benyttes for å angi hvilket slektskap eller annet forhold , det er mellom pasienten og den pårørende.","exampleBoolean":false,"groupingId":"-term-codesystem"},{"extension":[{"url":"http://hl7.org/fhir/tools/StructureDefinition/resource-sort","valueInteger":999999999},{"url":"http://hl7.org/fhir/StructureDefinition/implementationguide-page","valueUri":"CodeSystem-no-kodeverk-9060.codesystem.html"}],"reference":{"reference":"CodeSystem/no-kodeverk-9060.codesystem"},"name":"9060 Kategori helsepersonell","description":"Kodeverket inneholder koder som benyttes for å kategorisere helsepersonell med autorisasjon etter Helsepersonelloven § 48, og dyrehelsepersonell med autorisasjon etter Dyrehelsepersonelloven § 4.","exampleBoolean":false,"groupingId":"-term-codesystem"},{"extension":[{"url":"http://hl7.org/fhir/tools/StructureDefinition/resource-sort","valueInteger":999999999},{"url":"http://hl7.org/fhir/StructureDefinition/implementationguide-page","valueUri":"CodeSystem-no-kodeverk-9505.codesystem.html"}],"reference":{"reference":"CodeSystem/no-kodeverk-9505.codesystem"},"name":"9505 Alderstrinn","description":"Dette kodeverket inneholder koder som benyttes for å identifisere de faste alderstrinn (intervall) som er relevante i forbindelse med arbeidet på helsestasjoner og i skolehelsetjenesten.","exampleBoolean":false,"groupingId":"-term-codesystem"},{"extension":[{"url":"http://hl7.org/fhir/tools/StructureDefinition/resource-sort","valueInteger":999999999},{"url":"http://hl7.org/fhir/StructureDefinition/implementationguide-page","valueUri":"CodeSystem-no-kodeverk-9603.codesystem.html"}],"reference":{"reference":"CodeSystem/no-kodeverk-9603.codesystem"},"name":"9603 Sperring og nekting av dokumenter","description":"Kodeverket benyttes for å angi sperring og nekting av dokumenter. Opprettet for bruk i HIS 1169:2016 IHE XDS metadata inntil en nasjonal løsning for tilgangsstyring/håndtering av sperring er etablert.","exampleBoolean":false,"groupingId":"-term-codesystem"},{"extension":[{"url":"http://hl7.org/fhir/tools/StructureDefinition/resource-sort","valueInteger":999999999},{"url":"http://hl7.org/fhir/StructureDefinition/implementationguide-page","valueUri":"CodeSystem-hn-scheduleAndSlot-type-cs.html"}],"reference":{"reference":"CodeSystem/hn-scheduleAndSlot-type-cs"},"name":"Codes that should be used for schedule and SlotType.","description":"Codes that should be used for schedule and SlotType.","exampleBoolean":false,"groupingId":"-term-codesystem"},{"extension":[{"url":"http://hl7.org/fhir/tools/StructureDefinition/resource-sort","valueInteger":999999999},{"url":"http://hl7.org/fhir/StructureDefinition/implementationguide-page","valueUri":"CodeSystem-no-kodeverk-ICD-10.codesystem.html"}],"reference":{"reference":"CodeSystem/no-kodeverk-ICD-10.codesystem"},"name":"ICD-10","description":"Klassifikasjon av sykdommer og beslektede helseproblemer.","exampleBoolean":false,"groupingId":"-term-codesystem"},{"extension":[{"url":"http://hl7.org/fhir/tools/StructureDefinition/resource-sort","valueInteger":999999999},{"url":"http://hl7.org/fhir/StructureDefinition/implementationguide-page","valueUri":"CodeSystem-no-kodeverk-7270-ncrp.codesystem.html"}],"reference":{"reference":"CodeSystem/no-kodeverk-7270-ncrp.codesystem"},"name":"NCRP","description":"Kodeverk for radiologi og nukleærmedisin. Kodeverket skal brukes for å dokumentere og skal kunne brukes for å bestille radiologiske tjenester. Det skal benyttes for både polikliniske og innlagte pasienter. Fra 1. januar 2012 har det vært obligatorisk å bruke dette kodeverket for å rapportere poliklinisk radiologisk aktivitet både for offentlige og private virksomheter.","exampleBoolean":false,"groupingId":"-term-codesystem"},{"extension":[{"url":"http://hl7.org/fhir/tools/StructureDefinition/resource-sort","valueInteger":999999999},{"url":"http://hl7.org/fhir/StructureDefinition/implementationguide-page","valueUri":"CodeSystem-no-kodeverk-7280-nlk.codesystem.html"}],"reference":{"reference":"CodeSystem/no-kodeverk-7280-nlk.codesystem"},"name":"Norsk laboratoriekodeverk","description":"Norsk laboratoriekodverk er et felles kodeverk for laboratorieanalyser utarbeidet i samarbeid med de laboratoriefaglige miljøene fordelt på 6 spesialiteter: Immunologi og transfusjonsmedisin, Klinisk farmakologi, Medisinsk biokjemi, Medisinsk genetikk, Medisinsk mikrobiologi og Patologi.","exampleBoolean":false,"groupingId":"-term-codesystem"},{"extension":[{"url":"http://hl7.org/fhir/tools/StructureDefinition/resource-sort","valueInteger":999999999},{"url":"http://hl7.org/fhir/StructureDefinition/implementationguide-page","valueUri":"CodeSystem-no-kodeverk-7010-norpat.codesystem.html"}],"reference":{"reference":"CodeSystem/no-kodeverk-7010-norpat.codesystem"},"name":"Norsk patologikodeverk (NORPAT)","description":"Norsk patologikodeverk er et kodeverk som benyttes ved norske patologiavdelinger. Kodeverket ble utarbeidet av Den norske patologforenings kode- og nomenklaturutvalg i samarbeid med KITH på grunnlag av The Systematized Nomenclature of Medicine (SNOMED, 1984). Endret navn fra Den norske SNOMED til Norsk patologikodeverk 3. november 2015.","exampleBoolean":false,"groupingId":"-term-codesystem"},{"extension":[{"url":"http://hl7.org/fhir/tools/StructureDefinition/resource-sort","valueInteger":999999999},{"url":"http://hl7.org/fhir/StructureDefinition/implementationguide-page","valueUri":"CodeSystem-hn-kodeverk-varsling.codesystem.html"}],"reference":{"reference":"CodeSystem/hn-kodeverk-varsling.codesystem"},"name":"Varsling","description":"Angir om innbygger skal varsles når en ekstern aktør lagrer eller endrer en ressurs på Helsenorge. I tillegg hvordan avsender organisasjonen skal framstå (navn) i SMS- og e-post varsler til innbygger.","exampleBoolean":false,"groupingId":"-term-codesystem"},{"extension":[{"url":"http://hl7.org/fhir/tools/StructureDefinition/resource-sort","valueInteger":999999999},{"url":"http://hl7.org/fhir/StructureDefinition/implementationguide-page","valueUri":"NamingSystem-no-basis-apotekenes-konsesjonsnr.html"}],"reference":{"reference":"NamingSystem/no-basis-apotekenes-konsesjonsnr"},"name":"no-basis-apotekenes-konsesjonsnr","description":"Ved utstedelse av apotekkonsesjon for et nytt apotek tildeles et apotekkonsesjonsnummer. Konsesjonsnummeret er et firesifret nummer, i en nummerserie som starter på 1001, som er unikt for hvert apotek. Tildeles av Statens legemiddelverk.","exampleBoolean":false,"groupingId":"-term-namingsystem"},{"extension":[{"url":"http://hl7.org/fhir/tools/StructureDefinition/resource-sort","valueInteger":999999999},{"url":"http://hl7.org/fhir/StructureDefinition/implementationguide-page","valueUri":"NamingSystem-no-basis-dnummer.html"}],"reference":{"reference":"NamingSystem/no-basis-dnummer"},"name":"no-basis-dnummer","description":"Personidentifikator for personer som ikke har fødselsnummer og som ikke skal registreres som bosatt i Norge. The D-nummer of the patient. (assigned by the norwegian Skatteetaten)","exampleBoolean":false,"groupingId":"-term-namingsystem"},{"extension":[{"url":"http://hl7.org/fhir/tools/StructureDefinition/resource-sort","valueInteger":999999999},{"url":"http://hl7.org/fhir/StructureDefinition/implementationguide-page","valueUri":"NamingSystem-no-basis-foedselsnummer.html"}],"reference":{"reference":"NamingSystem/no-basis-foedselsnummer"},"name":"no-basis-foedselsnummer","description":"Fødselsnummer is the official identification of a Norwegian citizen and is registered in the repository called folkeregisteret. Fødselsnummer is a 11-digit number containing 2 control digits.","exampleBoolean":false,"groupingId":"-term-namingsystem"},{"extension":[{"url":"http://hl7.org/fhir/tools/StructureDefinition/resource-sort","valueInteger":999999999},{"url":"http://hl7.org/fhir/StructureDefinition/implementationguide-page","valueUri":"NamingSystem-no-basis-her-id.html"}],"reference":{"reference":"NamingSystem/no-basis-her-id"},"name":"no-basis-her-id","description":"Identifikator for kommunikasjonsparter i Helsenettet..","exampleBoolean":false,"groupingId":"-term-namingsystem"},{"extension":[{"url":"http://hl7.org/fhir/tools/StructureDefinition/resource-sort","valueInteger":999999999},{"url":"http://hl7.org/fhir/StructureDefinition/implementationguide-page","valueUri":"NamingSystem-no-basis-orgnr.html"}],"reference":{"reference":"NamingSystem/no-basis-orgnr"},"name":"no-basis-orgnr","description":"Nisifret, informasjonsløst nummer som entydig identifiserer virksomheter i Enhetsregisteret","exampleBoolean":false,"groupingId":"-term-namingsystem"},{"extension":[{"url":"http://hl7.org/fhir/tools/StructureDefinition/resource-sort","valueInteger":999999999},{"url":"http://hl7.org/fhir/StructureDefinition/implementationguide-page","valueUri":"NamingSystem-no-basis-resh-id.html"}],"reference":{"reference":"NamingSystem/no-basis-resh-id"},"name":"no-basis-resh-id","description":"Identifikator for enheter i spesialisthelsetjenesten.","exampleBoolean":false,"groupingId":"-term-namingsystem"},{"extension":[{"url":"http://hl7.org/fhir/tools/StructureDefinition/resource-sort","valueInteger":999999999},{"url":"http://hl7.org/fhir/StructureDefinition/implementationguide-page","valueUri":"Observation-Eksempel-representasjon-i-meta-security.html"}],"reference":{"reference":"Observation/Eksempel-representasjon-i-meta-security"},"name":"Eksempel-representasjon-i-meta-security","description":"Eksempel av bruk av extension for representasjon i meta.security og extension for varselsorganisasjon i meta.tag.","exampleBoolean":true,"groupingId":"-ex-example"},{"extension":[{"url":"http://hl7.org/fhir/tools/StructureDefinition/resource-sort","valueInteger":999999999},{"url":"http://hl7.org/fhir/StructureDefinition/implementationguide-page","valueUri":"Schedule-Eksempel-schedule-poliklinikk.html"}],"reference":{"reference":"Schedule/Eksempel-schedule-poliklinikk"},"name":"Eksempel-schedule-poliklinikk","description":"Schedule for Doctor Feelgood","exampleCanonical":"http://helsenorge.no/fhir/StructureDefinition/hn-basis-schedule","groupingId":"-ex-example"},{"extension":[{"url":"http://hl7.org/fhir/tools/StructureDefinition/resource-sort","valueInteger":999999999},{"url":"http://hl7.org/fhir/StructureDefinition/implementationguide-page","valueUri":"Schedule-Eksempel-schedule-vaksine.html"}],"reference":{"reference":"Schedule/Eksempel-schedule-vaksine"},"name":"Eksempel-schedule-vaksine","description":"Schedule for vaksine timer","exampleCanonical":"http://helsenorge.no/fhir/StructureDefinition/hn-basis-schedule","groupingId":"-ex-example"},{"extension":[{"url":"http://hl7.org/fhir/tools/StructureDefinition/resource-sort","valueInteger":999999999},{"url":"http://hl7.org/fhir/StructureDefinition/implementationguide-page","valueUri":"Patient-example-girl.html"}],"reference":{"reference":"Patient/example-girl"},"name":"example-girl","description":"Eksampel pasient","exampleBoolean":true,"groupingId":"-ex-example"},{"extension":[{"url":"http://hl7.org/fhir/tools/StructureDefinition/resource-sort","valueInteger":999999999},{"url":"http://hl7.org/fhir/StructureDefinition/implementationguide-page","valueUri":"ServiceRequest-hn-basis-serviceRequest-example.html"}],"reference":{"reference":"ServiceRequest/hn-basis-serviceRequest-example"},"name":"hn-basis-serviceRequest-example","exampleCanonical":"http://helsenorge.no/fhir/StructureDefinition/hn-basis-serviceRequest","groupingId":"-ex-example"},{"extension":[{"url":"http://hl7.org/fhir/tools/StructureDefinition/resource-sort","valueInteger":999999999},{"url":"http://hl7.org/fhir/StructureDefinition/implementationguide-page","valueUri":"RelatedPerson-line-danser.html"}],"reference":{"reference":"RelatedPerson/line-danser"},"name":"line-danser","description":"Eksampel pårørende","exampleBoolean":true,"groupingId":"-ex-example"}],"page":{"extension":[{"url":"http://hl7.org/fhir/tools/StructureDefinition/ig-page-name","valueUrl":"toc.html"}],"nameUrl":"toc.html","title":"Table of Contents","generation":"html","page":[{"extension":[{"url":"http://hl7.org/fhir/tools/StructureDefinition/ig-page-name","valueUrl":"index.html"}],"nameUrl":"index.html","title":"Home","generation":"markdown"},{"extension":[{"url":"http://hl7.org/fhir/tools/StructureDefinition/ig-page-name","valueUrl":"download.html"}],"nameUrl":"download.html","title":"Download","generation":"markdown"},{"extension":[{"url":"http://hl7.org/fhir/tools/StructureDefinition/ig-page-name","valueUrl":"artifacts.html"}],"nameUrl":"artifacts.html","title":"Artifacts Summary","generation":"html","page":[{"extension":[{"url":"http://hl7.org/fhir/tools/StructureDefinition/ig-page-name","valueUrl":"StructureDefinition-hn-basis-schedule.html"}],"nameUrl":"StructureDefinition-hn-basis-schedule.html","title":"HnBasisSchedule","generation":"generated"},{"extension":[{"url":"http://hl7.org/fhir/tools/StructureDefinition/ig-page-name","valueUrl":"StructureDefinition-hn-basis-serviceRequest.html"}],"nameUrl":"StructureDefinition-hn-basis-serviceRequest.html","title":"HnBasisServiceRequest","generation":"generated"},{"extension":[{"url":"http://hl7.org/fhir/tools/StructureDefinition/ig-page-name","valueUrl":"StructureDefinition-additional-code.html"}],"nameUrl":"StructureDefinition-additional-code.html","title":"Alternative codes på serviceRequest.code","generation":"generated"},{"extension":[{"url":"http://hl7.org/fhir/tools/StructureDefinition/ig-page-name","valueUrl":"StructureDefinition-hn-extension-free-slot-planningHorizon.html"}],"nameUrl":"StructureDefinition-hn-extension-free-slot-planningHorizon.html","title":"Periode for første og siste ledige slot i timebok","generation":"generated"},{"extension":[{"url":"http://hl7.org/fhir/tools/StructureDefinition/ig-page-name","valueUrl":"StructureDefinition-hn-extension-representant.html"}],"nameUrl":"StructureDefinition-hn-extension-representant.html","title":"Representant","generation":"generated"},{"extension":[{"url":"http://hl7.org/fhir/tools/StructureDefinition/ig-page-name","valueUrl":"StructureDefinition-hn-extension-varselorganisasjon.html"}],"nameUrl":"StructureDefinition-hn-extension-varselorganisasjon.html","title":"Varselorganisasjon","generation":"generated"},{"extension":[{"url":"http://hl7.org/fhir/tools/StructureDefinition/ig-page-name","valueUrl":"ValueSet-cs-8116-Dnr-Fnr-vs.html"}],"nameUrl":"ValueSet-cs-8116-Dnr-Fnr-vs.html","title":"DNR og FNR fra Volven 8116","generation":"generated"},{"extension":[{"url":"http://hl7.org/fhir/tools/StructureDefinition/ig-page-name","valueUrl":"ValueSet-hn-scheduleandslot-type-vs.html"}],"nameUrl":"ValueSet-hn-scheduleandslot-type-vs.html","title":"hn-scheduleandslot-type-vs","generation":"generated"},{"extension":[{"url":"http://hl7.org/fhir/tools/StructureDefinition/ig-page-name","valueUrl":"ValueSet-serviceRequest-category-vs.html"}],"nameUrl":"ValueSet-serviceRequest-category-vs.html","title":"ServiceRequest Category Value Set","generation":"generated"},{"extension":[{"url":"http://hl7.org/fhir/tools/StructureDefinition/ig-page-name","valueUrl":"ValueSet-serviceRequest-performerType-vs.html"}],"nameUrl":"ValueSet-serviceRequest-performerType-vs.html","title":"ServiceRequest PerformerType Value Set","generation":"generated"},{"extension":[{"url":"http://hl7.org/fhir/tools/StructureDefinition/ig-page-name","valueUrl":"CodeSystem-no-kodeverk-1101.codesystem.html"}],"nameUrl":"CodeSystem-no-kodeverk-1101.codesystem.html","title":"1101 Ja, nei","generation":"generated"},{"extension":[{"url":"http://hl7.org/fhir/tools/StructureDefinition/ig-page-name","valueUrl":"CodeSystem-no-kodeverk-3108.codesystem.html"}],"nameUrl":"CodeSystem-no-kodeverk-3108.codesystem.html","title":"3108 Reservasjon mot registrering","generation":"generated"},{"extension":[{"url":"http://hl7.org/fhir/tools/StructureDefinition/ig-page-name","valueUrl":"CodeSystem-no-kodeverk-4101.codesystem.html"}],"nameUrl":"CodeSystem-no-kodeverk-4101.codesystem.html","title":"4101 Betalingskategori","generation":"generated"},{"extension":[{"url":"http://hl7.org/fhir/tools/StructureDefinition/ig-page-name","valueUrl":"CodeSystem-no-kodeverk-7303.codesystem.html"}],"nameUrl":"CodeSystem-no-kodeverk-7303.codesystem.html","title":"7303 Svarrapporteringsprioritet","generation":"generated"},{"extension":[{"url":"http://hl7.org/fhir/tools/StructureDefinition/ig-page-name","valueUrl":"CodeSystem-no-kodeverk-7305.codesystem.html"}],"nameUrl":"CodeSystem-no-kodeverk-7305.codesystem.html","title":"7305 Moderator","generation":"generated"},{"extension":[{"url":"http://hl7.org/fhir/tools/StructureDefinition/ig-page-name","valueUrl":"CodeSystem-no-kodeverk-7611.codesystem.html"}],"nameUrl":"CodeSystem-no-kodeverk-7611.codesystem.html","title":"7611 Representasjonsrolle.","generation":"generated"},{"extension":[{"url":"http://hl7.org/fhir/tools/StructureDefinition/ig-page-name","valueUrl":"CodeSystem-no-kodeverk-7617.codesystem.html"}],"nameUrl":"CodeSystem-no-kodeverk-7617.codesystem.html","title":"7617 Timetype innbyggerportal","generation":"generated"},{"extension":[{"url":"http://hl7.org/fhir/tools/StructureDefinition/ig-page-name","valueUrl":"CodeSystem-no-kodeverk-8116.codesystem.html"}],"nameUrl":"CodeSystem-no-kodeverk-8116.codesystem.html","title":"8116 ID-type for personer","generation":"generated"},{"extension":[{"url":"http://hl7.org/fhir/tools/StructureDefinition/ig-page-name","valueUrl":"CodeSystem-no-kodeverk-8202.codesystem.html"}],"nameUrl":"CodeSystem-no-kodeverk-8202.codesystem.html","title":"8202 Type laboratoriemelding","generation":"generated"},{"extension":[{"url":"http://hl7.org/fhir/tools/StructureDefinition/ig-page-name","valueUrl":"CodeSystem-no-kodeverk-8212.codesystem.html"}],"nameUrl":"CodeSystem-no-kodeverk-8212.codesystem.html","title":"8212 Uspesifisert laboratoriekodeverk","generation":"generated"},{"extension":[{"url":"http://hl7.org/fhir/tools/StructureDefinition/ig-page-name","valueUrl":"CodeSystem-no-kodeverk-8216.codesystem.html"}],"nameUrl":"CodeSystem-no-kodeverk-8216.codesystem.html","title":"8216 Kodeverk for cytologisk materiale","generation":"generated"},{"extension":[{"url":"http://hl7.org/fhir/tools/StructureDefinition/ig-page-name","valueUrl":"CodeSystem-no-kodeverk-8219.codesystem.html"}],"nameUrl":"CodeSystem-no-kodeverk-8219.codesystem.html","title":"8219 Kodeverk for patologisk-anatomiske undersøkelser","generation":"generated"},{"extension":[{"url":"http://hl7.org/fhir/tools/StructureDefinition/ig-page-name","valueUrl":"CodeSystem-no-kodeverk-8231.codesystem.html"}],"nameUrl":"CodeSystem-no-kodeverk-8231.codesystem.html","title":"8231 Type tekstsvar","generation":"generated"},{"extension":[{"url":"http://hl7.org/fhir/tools/StructureDefinition/ig-page-name","valueUrl":"CodeSystem-no-kodeverk-8232.codesystem.html"}],"nameUrl":"CodeSystem-no-kodeverk-8232.codesystem.html","title":"8232 Forbehandling","generation":"generated"},{"extension":[{"url":"http://hl7.org/fhir/tools/StructureDefinition/ig-page-name","valueUrl":"CodeSystem-no-kodeverk-8234.codesystem.html"}],"nameUrl":"CodeSystem-no-kodeverk-8234.codesystem.html","title":"8234 Type tekstsvar i kommentar til rekvisisjon og henvisning","generation":"generated"},{"extension":[{"url":"http://hl7.org/fhir/tools/StructureDefinition/ig-page-name","valueUrl":"CodeSystem-no-kodeverk-8239.codesystem.html"}],"nameUrl":"CodeSystem-no-kodeverk-8239.codesystem.html","title":"8239 Forholdsoperatorer i svarrapportering av medisinske tjenester","generation":"generated"},{"extension":[{"url":"http://hl7.org/fhir/tools/StructureDefinition/ig-page-name","valueUrl":"CodeSystem-no-kodeverk-8243.codesystem.html"}],"nameUrl":"CodeSystem-no-kodeverk-8243.codesystem.html","title":"8243 Type tekstsvar i tekstlig resultat i svarrapportering av medisinske tjenester","generation":"generated"},{"extension":[{"url":"http://hl7.org/fhir/tools/StructureDefinition/ig-page-name","valueUrl":"CodeSystem-no-kodeverk-8244.codesystem.html"}],"nameUrl":"CodeSystem-no-kodeverk-8244.codesystem.html","title":"8244 Avviksmarkør i svarrapportering av medisinske tjenester","generation":"generated"},{"extension":[{"url":"http://hl7.org/fhir/tools/StructureDefinition/ig-page-name","valueUrl":"CodeSystem-no-kodeverk-8245.codesystem.html"}],"nameUrl":"CodeSystem-no-kodeverk-8245.codesystem.html","title":"8245 Status for resultat i svarrapportering av medisinske tjenester","generation":"generated"},{"extension":[{"url":"http://hl7.org/fhir/tools/StructureDefinition/ig-page-name","valueUrl":"CodeSystem-no-kodeverk-8264.codesystem.html"}],"nameUrl":"CodeSystem-no-kodeverk-8264.codesystem.html","title":"8264 Tjenestekoder for timereservasjon","generation":"generated"},{"extension":[{"url":"http://hl7.org/fhir/tools/StructureDefinition/ig-page-name","valueUrl":"CodeSystem-no-kodeverk-8268.codesystem.html"}],"nameUrl":"CodeSystem-no-kodeverk-8268.codesystem.html","title":"8268 Type identifikator","generation":"generated"},{"extension":[{"url":"http://hl7.org/fhir/tools/StructureDefinition/ig-page-name","valueUrl":"CodeSystem-no-kodeverk-8269.codesystem.html"}],"nameUrl":"CodeSystem-no-kodeverk-8269.codesystem.html","title":"8269 Kommentar til svarrapport","generation":"generated"},{"extension":[{"url":"http://hl7.org/fhir/tools/StructureDefinition/ig-page-name","valueUrl":"CodeSystem-no-kodeverk-8271.codesystem.html"}],"nameUrl":"CodeSystem-no-kodeverk-8271.codesystem.html","title":"8271 Resistens","generation":"generated"},{"extension":[{"url":"http://hl7.org/fhir/tools/StructureDefinition/ig-page-name","valueUrl":"CodeSystem-no-kodeverk-8272.codesystem.html"}],"nameUrl":"CodeSystem-no-kodeverk-8272.codesystem.html","title":"8272 Anbefaling om ny undersøkelse","generation":"generated"},{"extension":[{"url":"http://hl7.org/fhir/tools/StructureDefinition/ig-page-name","valueUrl":"CodeSystem-no-kodeverk-8273.codesystem.html"}],"nameUrl":"CodeSystem-no-kodeverk-8273.codesystem.html","title":"8273 Hastegrad","generation":"generated"},{"extension":[{"url":"http://hl7.org/fhir/tools/StructureDefinition/ig-page-name","valueUrl":"CodeSystem-no-kodeverk-8274.codesystem.html"}],"nameUrl":"CodeSystem-no-kodeverk-8274.codesystem.html","title":"8274 Anbefaling om supplerende undersøkelser","generation":"generated"},{"extension":[{"url":"http://hl7.org/fhir/tools/StructureDefinition/ig-page-name","valueUrl":"CodeSystem-no-kodeverk-8275.codesystem.html"}],"nameUrl":"CodeSystem-no-kodeverk-8275.codesystem.html","title":"8275 Cytologisk materiale tatt med","generation":"generated"},{"extension":[{"url":"http://hl7.org/fhir/tools/StructureDefinition/ig-page-name","valueUrl":"CodeSystem-no-kodeverk-8327.codesystem.html"}],"nameUrl":"CodeSystem-no-kodeverk-8327.codesystem.html","title":"8327 Offisiell personidentifikasjon","generation":"generated"},{"extension":[{"url":"http://hl7.org/fhir/tools/StructureDefinition/ig-page-name","valueUrl":"CodeSystem-no-kodeverk-8340.codesystem.html"}],"nameUrl":"CodeSystem-no-kodeverk-8340.codesystem.html","title":"8340 Tekstlige resultatverdier for mikrobiologiske svar","generation":"generated"},{"extension":[{"url":"http://hl7.org/fhir/tools/StructureDefinition/ig-page-name","valueUrl":"CodeSystem-no-kodeverk-8351.codesystem.html"}],"nameUrl":"CodeSystem-no-kodeverk-8351.codesystem.html","title":"8351 Prøvemateriale","generation":"generated"},{"extension":[{"url":"http://hl7.org/fhir/tools/StructureDefinition/ig-page-name","valueUrl":"CodeSystem-no-kodeverk-8406.codesystem.html"}],"nameUrl":"CodeSystem-no-kodeverk-8406.codesystem.html","title":"8406 Omsorgsnivå","generation":"generated"},{"extension":[{"url":"http://hl7.org/fhir/tools/StructureDefinition/ig-page-name","valueUrl":"CodeSystem-no-kodeverk-8432.codesystem.html"}],"nameUrl":"CodeSystem-no-kodeverk-8432.codesystem.html","title":"8432 Kontakttype","generation":"generated"},{"extension":[{"url":"http://hl7.org/fhir/tools/StructureDefinition/ig-page-name","valueUrl":"CodeSystem-no-kodeverk-8445.codesystem.html"}],"nameUrl":"CodeSystem-no-kodeverk-8445.codesystem.html","title":"8445 Ventetid sluttkode","generation":"generated"},{"extension":[{"url":"http://hl7.org/fhir/tools/StructureDefinition/ig-page-name","valueUrl":"CodeSystem-no-kodeverk-8446.codesystem.html"}],"nameUrl":"CodeSystem-no-kodeverk-8446.codesystem.html","title":"8446 Utsettelseskode","generation":"generated"},{"extension":[{"url":"http://hl7.org/fhir/tools/StructureDefinition/ig-page-name","valueUrl":"CodeSystem-no-kodeverk-8624.codesystem.html"}],"nameUrl":"CodeSystem-no-kodeverk-8624.codesystem.html","title":"8624 Organisatorisk betegnelse","generation":"generated"},{"extension":[{"url":"http://hl7.org/fhir/tools/StructureDefinition/ig-page-name","valueUrl":"CodeSystem-no-kodeverk-8628.codesystem.html"}],"nameUrl":"CodeSystem-no-kodeverk-8628.codesystem.html","title":"8628 Organisatorisk nivå","generation":"generated"},{"extension":[{"url":"http://hl7.org/fhir/tools/StructureDefinition/ig-page-name","valueUrl":"CodeSystem-no-kodeverk-9033.codesystem.html"}],"nameUrl":"CodeSystem-no-kodeverk-9033.codesystem.html","title":"9033 Slektskap mv. til pasient","generation":"generated"},{"extension":[{"url":"http://hl7.org/fhir/tools/StructureDefinition/ig-page-name","valueUrl":"CodeSystem-no-kodeverk-9060.codesystem.html"}],"nameUrl":"CodeSystem-no-kodeverk-9060.codesystem.html","title":"9060 Kategori helsepersonell","generation":"generated"},{"extension":[{"url":"http://hl7.org/fhir/tools/StructureDefinition/ig-page-name","valueUrl":"CodeSystem-no-kodeverk-9505.codesystem.html"}],"nameUrl":"CodeSystem-no-kodeverk-9505.codesystem.html","title":"9505 Alderstrinn","generation":"generated"},{"extension":[{"url":"http://hl7.org/fhir/tools/StructureDefinition/ig-page-name","valueUrl":"CodeSystem-no-kodeverk-9603.codesystem.html"}],"nameUrl":"CodeSystem-no-kodeverk-9603.codesystem.html","title":"9603 Sperring og nekting av dokumenter","generation":"generated"},{"extension":[{"url":"http://hl7.org/fhir/tools/StructureDefinition/ig-page-name","valueUrl":"CodeSystem-hn-scheduleAndSlot-type-cs.html"}],"nameUrl":"CodeSystem-hn-scheduleAndSlot-type-cs.html","title":"Codes that should be used for schedule and SlotType.","generation":"generated"},{"extension":[{"url":"http://hl7.org/fhir/tools/StructureDefinition/ig-page-name","valueUrl":"CodeSystem-no-kodeverk-ICD-10.codesystem.html"}],"nameUrl":"CodeSystem-no-kodeverk-ICD-10.codesystem.html","title":"ICD-10","generation":"generated"},{"extension":[{"url":"http://hl7.org/fhir/tools/StructureDefinition/ig-page-name","valueUrl":"CodeSystem-no-kodeverk-7270-ncrp.codesystem.html"}],"nameUrl":"CodeSystem-no-kodeverk-7270-ncrp.codesystem.html","title":"NCRP","generation":"generated"},{"extension":[{"url":"http://hl7.org/fhir/tools/StructureDefinition/ig-page-name","valueUrl":"CodeSystem-no-kodeverk-7280-nlk.codesystem.html"}],"nameUrl":"CodeSystem-no-kodeverk-7280-nlk.codesystem.html","title":"Norsk laboratoriekodeverk","generation":"generated"},{"extension":[{"url":"http://hl7.org/fhir/tools/StructureDefinition/ig-page-name","valueUrl":"CodeSystem-no-kodeverk-7010-norpat.codesystem.html"}],"nameUrl":"CodeSystem-no-kodeverk-7010-norpat.codesystem.html","title":"Norsk patologikodeverk (NORPAT)","generation":"generated"},{"extension":[{"url":"http://hl7.org/fhir/tools/StructureDefinition/ig-page-name","valueUrl":"CodeSystem-hn-kodeverk-varsling.codesystem.html"}],"nameUrl":"CodeSystem-hn-kodeverk-varsling.codesystem.html","title":"Varsling","generation":"generated"},{"extension":[{"url":"http://hl7.org/fhir/tools/StructureDefinition/ig-page-name","valueUrl":"NamingSystem-no-basis-apotekenes-konsesjonsnr.html"}],"nameUrl":"NamingSystem-no-basis-apotekenes-konsesjonsnr.html","title":"no-basis-apotekenes-konsesjonsnr","generation":"generated"},{"extension":[{"url":"http://hl7.org/fhir/tools/StructureDefinition/ig-page-name","valueUrl":"NamingSystem-no-basis-dnummer.html"}],"nameUrl":"NamingSystem-no-basis-dnummer.html","title":"no-basis-dnummer","generation":"generated"},{"extension":[{"url":"http://hl7.org/fhir/tools/StructureDefinition/ig-page-name","valueUrl":"NamingSystem-no-basis-foedselsnummer.html"}],"nameUrl":"NamingSystem-no-basis-foedselsnummer.html","title":"no-basis-foedselsnummer","generation":"generated"},{"extension":[{"url":"http://hl7.org/fhir/tools/StructureDefinition/ig-page-name","valueUrl":"NamingSystem-no-basis-her-id.html"}],"nameUrl":"NamingSystem-no-basis-her-id.html","title":"no-basis-her-id","generation":"generated"},{"extension":[{"url":"http://hl7.org/fhir/tools/StructureDefinition/ig-page-name","valueUrl":"NamingSystem-no-basis-orgnr.html"}],"nameUrl":"NamingSystem-no-basis-orgnr.html","title":"no-basis-orgnr","generation":"generated"},{"extension":[{"url":"http://hl7.org/fhir/tools/StructureDefinition/ig-page-name","valueUrl":"NamingSystem-no-basis-resh-id.html"}],"nameUrl":"NamingSystem-no-basis-resh-id.html","title":"no-basis-resh-id","generation":"generated"},{"extension":[{"url":"http://hl7.org/fhir/tools/StructureDefinition/ig-page-name","valueUrl":"Observation-Eksempel-representasjon-i-meta-security.html"}],"nameUrl":"Observation-Eksempel-representasjon-i-meta-security.html","title":"Eksempel-representasjon-i-meta-security","generation":"generated"},{"extension":[{"url":"http://hl7.org/fhir/tools/StructureDefinition/ig-page-name","valueUrl":"Schedule-Eksempel-schedule-poliklinikk.html"}],"nameUrl":"Schedule-Eksempel-schedule-poliklinikk.html","title":"Eksempel-schedule-poliklinikk","generation":"generated"},{"extension":[{"url":"http://hl7.org/fhir/tools/StructureDefinition/ig-page-name","valueUrl":"Schedule-Eksempel-schedule-vaksine.html"}],"nameUrl":"Schedule-Eksempel-schedule-vaksine.html","title":"Eksempel-schedule-vaksine","generation":"generated"},{"extension":[{"url":"http://hl7.org/fhir/tools/StructureDefinition/ig-page-name","valueUrl":"Patient-example-girl.html"}],"nameUrl":"Patient-example-girl.html","title":"example-girl","generation":"generated"},{"extension":[{"url":"http://hl7.org/fhir/tools/StructureDefinition/ig-page-name","valueUrl":"ServiceRequest-hn-basis-serviceRequest-example.html"}],"nameUrl":"ServiceRequest-hn-basis-serviceRequest-example.html","title":"hn-basis-serviceRequest-example","generation":"generated"},{"extension":[{"url":"http://hl7.org/fhir/tools/StructureDefinition/ig-page-name","valueUrl":"RelatedPerson-line-danser.html"}],"nameUrl":"RelatedPerson-line-danser.html","title":"line-danser","generation":"generated"}]}]},"parameter":[{"code":"path-resource","value":"input/capabilities"},{"code":"path-resource","value":"input/examples"},{"code":"path-resource","value":"input/extensions"},{"code":"path-resource","value":"input/models"},{"code":"path-resource","value":"input/operations"},{"code":"path-resource","value":"input/profiles"},{"code":"path-resource","value":"input/resources"},{"code":"path-resource","value":"input/vocabulary"},{"code":"path-resource","value":"input/maps"},{"code":"path-resource","value":"input/testing"},{"code":"path-resource","value":"input/history"},{"code":"path-resource","value":"fsh-generated/resources"},{"code":"path-pages","value":"template/config"},{"code":"path-pages","value":"input/images"},{"code":"path-tx-cache","value":"input-cache/txcache"}]}}