{"resourceType":"NamingSystem","id":"no-basis-orgnr","text":{"status":"generated","div":"<div xmlns=\"http://www.w3.org/1999/xhtml\"><p class=\"res-header-id\"><b>Generated Narrative: NamingSystem no-basis-orgnr</b></p><a name=\"no-basis-orgnr\"> </a><a name=\"hcno-basis-orgnr\"> </a><a name=\"no-basis-orgnr-no-NO\"> </a><h3>Summary</h3><table class=\"grid\"><tr><td>Defining URL</td><td>http://helsenorge.no/fhir/NamingSystem/no-basis-orgnr</td></tr><tr><td>Version</td><td>1.2.0</td></tr><tr><td>Name</td><td>Organisasjonsnummer</td></tr><tr><td>Status</td><td>active</td></tr><tr><td>Definition</td><td><div><p>Nisifret, informasjonsløst nummer som entydig identifiserer virksomheter i Enhetsregisteret</p>\n</div></td></tr></table><h3>Identifiers</h3><table class=\"grid\"><tr><td><b>Type</b></td><td><b>Value</b></td><td><b>Preferred</b></td></tr><tr><td>URI</td><td>http://data.brreg.no/begrep/28155</td><td>false</td></tr><tr><td>OID</td><td>2.16.578.1.12.4.1.4.101</td><td>true</td></tr></table></div>"},"extension":[{"url":"http://hl7.org/fhir/5.0/StructureDefinition/extension-NamingSystem.url","valueUri":"http://helsenorge.no/fhir/NamingSystem/no-basis-orgnr"},{"url":"http://hl7.org/fhir/5.0/StructureDefinition/extension-NamingSystem.version","valueString":"1.2.0"}],"name":"Organisasjonsnummer","status":"active","kind":"identifier","date":"2022-02-10","responsible":"Brønnøysundregistrene","description":"Nisifret, informasjonsløst nummer som entydig identifiserer virksomheter i Enhetsregisteret","jurisdiction":[{"coding":[{"system":"urn:iso:std:iso:3166","code":"NO","display":"Norway"}]}],"usage":"Er bygd opp i henhold til modulus 11. Organisasjonsnummeret inneholder ingen informasjon om enhetens organisasjonsform, eierforhold, adresser og lignende.","uniqueId":[{"type":"uri","value":"http://data.brreg.no/begrep/28155","preferred":false},{"type":"oid","value":"2.16.578.1.12.4.1.4.101","preferred":true}]}