{"resourceType":"NamingSystem","id":"no-basis-foedselsnummer","meta":{"versionId":"1.0"},"text":{"status":"generated","div":"<div xmlns=\"http://www.w3.org/1999/xhtml\"><p class=\"res-header-id\"><b>Generated Narrative: NamingSystem no-basis-foedselsnummer</b></p><a name=\"no-basis-foedselsnummer\"> </a><a name=\"hcno-basis-foedselsnummer\"> </a><a name=\"no-basis-foedselsnummer-no-NO\"> </a><div style=\"display: inline-block; background-color: #d9e0e7; padding: 6px; margin: 4px; border: 1px solid #8da1b4; border-radius: 5px; line-height: 60%\"><p style=\"margin-bottom: 0px\">version: 1.0</p></div><h3>Summary</h3><table class=\"grid\"><tr><td>Defining URL</td><td>http://helsenorge.no/fhir/NamingSystem/no-basis-foedselsnummer</td></tr><tr><td>Version</td><td>1.3.0</td></tr><tr><td>Name</td><td>Foedselsnummer</td></tr><tr><td>Status</td><td>active</td></tr><tr><td>Definition</td><td><div><p>Fødselsnummer is the official identification of a Norwegian citizen and is registered in the repository called folkeregisteret. Fødselsnummer is a 11-digit number containing 2 control digits.</p>\n</div></td></tr></table><h3>Identifiers</h3><table class=\"grid\"><tr><td><b>Type</b></td><td><b>Value</b></td><td><b>Preferred</b></td></tr><tr><td>URI</td><td>http://hl7.no/fhir/NamingSystem/FNR</td><td>false</td></tr><tr><td>OID</td><td>2.16.578.1.12.4.1.4.1</td><td>true</td></tr></table></div>"},"extension":[{"url":"http://hl7.org/fhir/5.0/StructureDefinition/extension-NamingSystem.url","valueUri":"http://helsenorge.no/fhir/NamingSystem/no-basis-foedselsnummer"},{"url":"http://hl7.org/fhir/5.0/StructureDefinition/extension-NamingSystem.version","valueString":"1.3.0"}],"name":"Foedselsnummer","status":"active","kind":"identifier","date":"2018-08-13","responsible":"Skatteetaten","description":"Fødselsnummer is the official identification of a Norwegian citizen and is registered in the repository called folkeregisteret. Fødselsnummer is a 11-digit number containing 2 control digits.","jurisdiction":[{"coding":[{"system":"urn:iso:std:iso:3166","code":"NO","display":"Norway"}]}],"uniqueId":[{"type":"uri","value":"http://hl7.no/fhir/NamingSystem/FNR","preferred":false},{"type":"oid","value":"2.16.578.1.12.4.1.4.1","preferred":true}]}