{"resourceType":"ValueSet","id":"hn-scheduleandslot-type-vs","text":{"status":"generated","div":"<div xmlns=\"http://www.w3.org/1999/xhtml\"><p class=\"res-header-id\"><b>Generated Narrative: ValueSet hn-scheduleandslot-type-vs</b></p><a name=\"hn-scheduleandslot-type-vs\"> </a><a name=\"hchn-scheduleandslot-type-vs\"> </a><a name=\"hn-scheduleandslot-type-vs-no-NO\"> </a><p>This value set includes codes based on the following rules:</p><ul><li>Include these codes as defined in <code>urn:oid:2.16.578.1.12.4.1.1.7617</code><table class=\"none\"><tr><td style=\"white-space:nowrap\"><b>Code</b></td><td><b>Display</b></td></tr><tr><td>Vaksine</td><td>Time for vaksine</td></tr><tr><td>Lab</td><td>Time på lab</td></tr><tr><td>Koronatest</td><td>Innført for håndtering av pandemien</td></tr><tr><td>Koronavaksine</td><td>Innført for håndtering av pandemien</td></tr></table></li><li>Include all codes defined in <a href=\"CodeSystem-hn-scheduleAndSlot-type-cs.html\"><code>http://helsenorge.no/fhir/CodeSystem/hn-scheduleAndSlot-type-cs</code></a></li></ul></div>"},"url":"http://helsenorge.no/fhir/ValueSet/hn-scheduleandslot-type-vs","version":"1.3.1","name":"HnScheduleAndSlotTypeVS","title":"hn-scheduleandslot-type-vs","status":"draft","experimental":true,"date":"2025-10-01T13:36:52+02:00","description":"Value set for schedule and slot type","jurisdiction":[{"coding":[{"system":"urn:iso:std:iso:3166","code":"NO","display":"Norway"}]}],"compose":{"include":[{"system":"urn:oid:2.16.578.1.12.4.1.1.7617","concept":[{"code":"Vaksine","display":"Time for vaksine"},{"code":"Lab","display":"Time på lab"},{"code":"Koronatest","display":"Innført for håndtering av pandemien"},{"code":"Koronavaksine","display":"Innført for håndtering av pandemien"}]},{"system":"http://helsenorge.no/fhir/CodeSystem/hn-scheduleAndSlot-type-cs"}]}}