{"resourceType":"ValueSet","id":"henvisningsstatus-vs","text":{"status":"generated","div":"<div xmlns=\"http://www.w3.org/1999/xhtml\"><p class=\"res-header-id\"><b>Generated Narrative: ValueSet henvisningsstatus-vs</b></p><a name=\"henvisningsstatus-vs\"> </a><a name=\"hchenvisningsstatus-vs\"> </a><a name=\"henvisningsstatus-vs-no-NO\"> </a><ul><li>Include all codes defined in <a href=\"CodeSystem-hn-henvisningsstatus.html\"><code>http://helsenorge.no/fhir/CodeSystem/henvisningsstatus</code></a></li></ul></div>"},"url":"http://helsenorge.no/fhir/ValueSet/henvisningsstatus-vs","version":"1.2.0","name":"HenvisningsstatusVS","title":"Henvisningsstatus ValueSet","status":"active","experimental":true,"date":"2025-05-29T20:44:52+02:00","description":"ValueSet som refererer til henvisningsstatuskoder fra HIS 1206:2018.","jurisdiction":[{"coding":[{"system":"urn:iso:std:iso:3166","code":"NO","display":"Norway"}]}],"compose":{"include":[{"system":"http://helsenorge.no/fhir/CodeSystem/henvisningsstatus"}]}}