{"resourceType":"ValueSet","id":"cs-8116-Dnr-Fnr-vs","text":{"status":"generated","div":"<div xmlns=\"http://www.w3.org/1999/xhtml\"><p class=\"res-header-id\"><b>Generated Narrative: ValueSet cs-8116-Dnr-Fnr-vs</b></p><a name=\"cs-8116-Dnr-Fnr-vs\"> </a><a name=\"hccs-8116-Dnr-Fnr-vs\"> </a><a name=\"cs-8116-Dnr-Fnr-vs-no-NO\"> </a><ul><li>Include these codes as defined in <code>urn:oid:2.16.578.1.12.4.1.1.8116</code><table class=\"none\"><tr><td style=\"white-space:nowrap\"><b>Code</b></td><td><b>Display</b></td></tr><tr><td>FNR</td><td>Fødselsnummer</td></tr><tr><td>DNR</td><td>D-nummer</td></tr></table></li></ul></div>"},"url":"http://helsenorge.no/fhir/ValueSet/cs-8116-Dnr-Fnr-vs","version":"1.0.0","name":"CS8116DnrFnrVS","title":"DNR og FNR fra Volven 8116","status":"active","experimental":false,"date":"2024-11-07T10:16:17+01:00","description":"ValueSet basert på 8116 som inkluderer kun FNR og DNR","jurisdiction":[{"coding":[{"system":"urn:iso:std:iso:3166","code":"NO","display":"Norway"}]}],"compose":{"include":[{"system":"urn:oid:2.16.578.1.12.4.1.1.8116","concept":[{"code":"FNR","display":"Fødselsnummer"},{"code":"DNR","display":"D-nummer"}]}]}}