{"resourceType":"ValueSet","id":"serviceRequest-code-vs","text":{"status":"generated","div":"<div xmlns=\"http://www.w3.org/1999/xhtml\"><p>This value set includes codes based on the following rules:</p><ul><li>Include codes from <a href=\"http://www.snomed.org/\"><code>http://snomed.info/sct</code></a> where concept  is-a  15220000 (null)</li><li>Include codes from <a href=\"http://www.snomed.org/\"><code>http://snomed.info/sct</code></a> where concept  is-a  11429006 (null)</li><li>Include codes from <a href=\"http://www.snomed.org/\"><code>http://snomed.info/sct</code></a> where concept  is-a  1237136005 (null)</li><li>Include these codes as defined in <a href=\"http://www.snomed.org/\"><code>http://snomed.info/sct</code></a><table class=\"none\"><tr><td style=\"white-space:nowrap\"><b>Code</b></td><td><b>Display</b></td></tr><tr><td><a href=\"http://snomed.info/id/1269515004\">1269515004</a></td><td>Face-to-face encounter</td></tr><tr><td><a href=\"http://snomed.info/id/719410009\">719410009</a></td><td>Consultation via video conference</td></tr></table></li></ul><p>This value set excludes codes based on the following rules:</p><ul><li>Exclude these codes as defined in <a href=\"http://www.snomed.org/\"><code>http://snomed.info/sct</code></a><table class=\"none\"><tr><td style=\"white-space:nowrap\"><b>Code</b></td><td><b>Display</b></td></tr><tr><td><a href=\"http://snomed.info/id/12843005\">12843005</a></td><td>Subsequent hospital visit by physician</td></tr></table></li></ul></div>"},"url":"http://helsenorge.no/fhir/ValueSet/serviceRequest-code-vs","version":"0.2.0","name":"ServiceRequestCodeVS","title":"ServiceRequest code Value Set","status":"draft","date":"2023-11-13T19:18:44+01:00","description":"Kode for tjenesten for søkt om.","jurisdiction":[{"coding":[{"system":"urn:iso:std:iso:3166","code":"NO","display":"Norway"}]}],"compose":{"include":[{"system":"http://snomed.info/sct","filter":[{"property":"concept","op":"is-a","value":"15220000"}]},{"system":"http://snomed.info/sct","filter":[{"property":"concept","op":"is-a","value":"11429006"}]},{"system":"http://snomed.info/sct","filter":[{"property":"concept","op":"is-a","value":"1237136005"}]},{"system":"http://snomed.info/sct","concept":[{"code":"1269515004","display":"Face-to-face encounter"},{"code":"719410009","display":"Consultation via video conference"}]}],"exclude":[{"system":"http://snomed.info/sct","concept":[{"code":"12843005","display":"Subsequent hospital visit by physician"}]}]}}