<?xml version="1.0" encoding="UTF-8"?><CodeSystem xmlns="http://hl7.org/fhir"><id value="no-kodeverk-8116.codesystem"/><text><status value="generated"/><div xmlns="http://www.w3.org/1999/xhtml"><p>This case-sensitive code system <code>http://helsenorge.no/fhir/CodeSystem/no-kodeverk-8116.codesystem</code> defines the following codes:</p><table class="codes"><tr><td style="white-space:nowrap"><b>Code</b></td><td><b>Display</b></td><td><b>Definition</b></td></tr><tr><td style="white-space:nowrap">FNR<a name="no-kodeverk-8116.codesystem-FNR"> </a></td><td>Fødselsnummer</td><td>Norsk fødselsnummer</td></tr><tr><td style="white-space:nowrap">DNR<a name="no-kodeverk-8116.codesystem-DNR"> </a></td><td>D-nummer</td><td>Nummer som kan tildeles personer uten norsk fødselsnummer</td></tr><tr><td style="white-space:nowrap">HNR<a name="no-kodeverk-8116.codesystem-HNR"> </a></td><td>H-nummer</td><td>Virksomhetsinternt hjelpenummer</td></tr><tr><td style="white-space:nowrap">HPR<a name="no-kodeverk-8116.codesystem-HPR"> </a></td><td>HPR-nummer</td><td>Id Helsepersonellregisteret</td></tr><tr><td style="white-space:nowrap">HER<a name="no-kodeverk-8116.codesystem-HER"> </a></td><td>HER-id</td><td>Identifikator som unikt identifiserer en  kommunikasjonspart i Adresseregisteret.</td></tr><tr><td style="white-space:nowrap">PNR<a name="no-kodeverk-8116.codesystem-PNR"> </a></td><td>Passnummer</td><td/></tr><tr><td style="white-space:nowrap">SEF<a name="no-kodeverk-8116.codesystem-SEF"> </a></td><td>Svensk personnummer</td><td/></tr><tr><td style="white-space:nowrap">DKF<a name="no-kodeverk-8116.codesystem-DKF"> </a></td><td>Dansk personnummer</td><td/></tr><tr><td style="white-space:nowrap">SSN<a name="no-kodeverk-8116.codesystem-SSN"> </a></td><td>Sosial security number</td><td/></tr><tr><td style="white-space:nowrap">FPN<a name="no-kodeverk-8116.codesystem-FPN"> </a></td><td>Forsikringspolise nummer</td><td/></tr><tr><td style="white-space:nowrap">UID<a name="no-kodeverk-8116.codesystem-UID"> </a></td><td>Utenlandsk identifikasjon</td><td>Annet enn svensk- og dansk personnummer</td></tr><tr><td style="white-space:nowrap">DUF<a name="no-kodeverk-8116.codesystem-DUF"> </a></td><td>DUF-nummer</td><td>Registreringsnummeret i Utlendingsdirektoratets datasystem</td></tr><tr><td style="white-space:nowrap">FHN<a name="no-kodeverk-8116.codesystem-FHN"> </a></td><td>Felles hjelpenummer</td><td/></tr><tr><td style="white-space:nowrap">XXX<a name="no-kodeverk-8116.codesystem-XXX"> </a></td><td>Annet</td><td/></tr></table></div></text><url value="http://helsenorge.no/fhir/CodeSystem/no-kodeverk-8116.codesystem"/><identifier><system value="urn:ietf:rfc:3986"/><value value="urn:oid:2.16.578.1.12.4.1.1.8116"/></identifier><version value="0.2.0"/><name value="NoKodeverk8116"/><title value="8116 ID-type for personer"/><status value="active"/><experimental value="false"/><date value="2023-11-15T00:28:16+01:00"/><publisher value="Direktoratet for e-helse"/><description value="Angir type identifikator for personer."/><jurisdiction><coding><system value="urn:iso:std:iso:3166"/><code value="NO"/><display value="Norway"/></coding></jurisdiction><caseSensitive value="true"/><content value="complete"/><count value="14"/><concept><code value="FNR"/><display value="Fødselsnummer"/><definition value="Norsk fødselsnummer"/></concept><concept><code value="DNR"/><display value="D-nummer"/><definition value="Nummer som kan tildeles personer uten norsk fødselsnummer"/></concept><concept><code value="HNR"/><display value="H-nummer"/><definition value="Virksomhetsinternt hjelpenummer"/></concept><concept><code value="HPR"/><display value="HPR-nummer"/><definition value="Id Helsepersonellregisteret"/></concept><concept><code value="HER"/><display value="HER-id"/><definition value="Identifikator som unikt identifiserer en  kommunikasjonspart i Adresseregisteret."/></concept><concept><code value="PNR"/><display value="Passnummer"/></concept><concept><code value="SEF"/><display value="Svensk personnummer"/></concept><concept><code value="DKF"/><display value="Dansk personnummer"/></concept><concept><code value="SSN"/><display value="Sosial security number"/></concept><concept><code value="FPN"/><display value="Forsikringspolise nummer"/></concept><concept><code value="UID"/><display value="Utenlandsk identifikasjon"/><definition value="Annet enn svensk- og dansk personnummer"/></concept><concept><code value="DUF"/><display value="DUF-nummer"/><definition value="Registreringsnummeret i Utlendingsdirektoratets datasystem"/></concept><concept><code value="FHN"/><display value="Felles hjelpenummer"/></concept><concept><code value="XXX"/><display value="Annet"/></concept></CodeSystem>