<?xml version="1.0" encoding="UTF-8"?><CodeSystem xmlns="http://hl7.org/fhir"><id value="no-kodeverk-1101.codesystem"/><text><status value="generated"/><div xmlns="http://www.w3.org/1999/xhtml"><p class="res-header-id"><b>Generated Narrative: CodeSystem no-kodeverk-1101.codesystem</b></p><a name="no-kodeverk-1101.codesystem"> </a><a name="hcno-kodeverk-1101.codesystem"> </a><a name="no-kodeverk-1101.codesystem-no-NO"> </a><p>This case-sensitive code system <code>http://helsenorge.no/fhir/CodeSystem/no-kodeverk-1101.codesystem</code> defines the following codes:</p><table class="codes"><tr><td style="white-space:nowrap"><b>Code</b></td><td><b>Display</b></td></tr><tr><td style="white-space:nowrap">1<a name="no-kodeverk-1101.codesystem-1"> </a></td><td>Ja</td></tr><tr><td style="white-space:nowrap">2<a name="no-kodeverk-1101.codesystem-2"> </a></td><td>Nei</td></tr></table></div></text><url value="http://helsenorge.no/fhir/CodeSystem/no-kodeverk-1101.codesystem"/><identifier><system value="urn:ietf:rfc:3986"/><value value="urn:oid:2.16.578.1.12.4.1.1.1101"/></identifier><version value="1.3.0"/><name value="NoKodeverk1101"/><title value="1101 Ja, nei"/><status value="active"/><experimental value="false"/><date value="2020-12-04"/><description value="Dette kodeverket inneholder koder for å angi svar Ja eller Nei."/><jurisdiction><coding><system value="urn:iso:std:iso:3166"/><code value="NO"/><display value="Norway"/></coding></jurisdiction><caseSensitive value="true"/><content value="complete"/><count value="2"/><concept><code value="1"/><display value="Ja"/></concept><concept><code value="2"/><display value="Nei"/></concept></CodeSystem>