<?xml version="1.0" encoding="UTF-8"?><CodeSystem xmlns="http://hl7.org/fhir"><id value="no-kodeverk-3108.codesystem"/><text><status value="generated"/><div xmlns="http://www.w3.org/1999/xhtml"><p class="res-header-id"><b>Generated Narrative: CodeSystem no-kodeverk-3108.codesystem</b></p><a name="no-kodeverk-3108.codesystem"> </a><a name="hcno-kodeverk-3108.codesystem"> </a><a name="no-kodeverk-3108.codesystem-no-NO"> </a><p>This case-sensitive code system <code>http://helsenorge.no/fhir/CodeSystem/no-kodeverk-3108.codesystem</code> defines codes, but no codes are represented here</p></div></text><url value="http://helsenorge.no/fhir/CodeSystem/no-kodeverk-3108.codesystem"/><identifier><system value="urn:ietf:rfc:3986"/><value value="urn:oid:2.16.578.1.12.4.1.1.3108"/></identifier><version value="1.0.0"/><name value="NoKodeverk3108"/><title value="3108 Reservasjon mot registrering"/><status value="active"/><experimental value="false"/><date value="2024-11-07T10:24:13+01:00"/><description value="Opplysning om pasienten holdning til registrering av informasjon i register"/><jurisdiction><coding><system value="urn:iso:std:iso:3166"/><code value="NO"/><display value="Norway"/></coding></jurisdiction><caseSensitive value="true"/><content value="not-present"/></CodeSystem>