<?xml version="1.0" encoding="UTF-8"?><CodeSystem xmlns="http://hl7.org/fhir"><id value="no-kodeverk-8351.codesystem"/><text><status value="generated"/><div xmlns="http://www.w3.org/1999/xhtml"><p class="res-header-id"><b>Generated Narrative: CodeSystem no-kodeverk-8351.codesystem</b></p><a name="no-kodeverk-8351.codesystem"> </a><a name="hcno-kodeverk-8351.codesystem"> </a><a name="no-kodeverk-8351.codesystem-no-NO"> </a><p>This case-sensitive code system <code>http://helsenorge.no/fhir/CodeSystem/no-kodeverk-8351.codesystem</code> defines codes, but no codes are represented here</p></div></text><url value="http://helsenorge.no/fhir/CodeSystem/no-kodeverk-8351.codesystem"/><identifier><system value="urn:ietf:rfc:3986"/><value value="urn:oid:2.16.578.1.12.4.1.1.8351"/></identifier><version value="1.3.0"/><name value="NoKodeverk8351"/><title value="8351 Prøvemateriale"/><status value="active"/><experimental value="false"/><date value="2025-09-29T13:18:42+02:00"/><description value="Kodeverk for prøvemateriale til bruk i rekvisisjon og svar av laboratorieundersøkelser."/><jurisdiction><coding><system value="urn:iso:std:iso:3166"/><code value="NO"/><display value="Norway"/></coding></jurisdiction><caseSensitive value="true"/><content value="not-present"/></CodeSystem>