<?xml version="1.0" encoding="UTF-8"?><CodeSystem xmlns="http://hl7.org/fhir"><id value="no-kodeverk-8264.codesystem"/><text><status value="generated"/><div xmlns="http://www.w3.org/1999/xhtml"><p class="res-header-id"><b>Generated Narrative: CodeSystem no-kodeverk-8264.codesystem</b></p><a name="no-kodeverk-8264.codesystem"> </a><a name="hcno-kodeverk-8264.codesystem"> </a><a name="no-kodeverk-8264.codesystem-no-NO"> </a><p>This case-sensitive code system <code>http://helsenorge.no/fhir/CodeSystem/no-kodeverk-8264.codesystem</code> defines codes, but no codes are represented here</p></div></text><url value="http://helsenorge.no/fhir/CodeSystem/no-kodeverk-8264.codesystem"/><identifier><system value="urn:ietf:rfc:3986"/><value value="urn:oid:2.16.578.1.12.4.1.1.8264"/></identifier><version value="1.1.0"/><name value="NoKodeverk8264"/><title value="8264 Tjenestekoder for timereservasjon"/><status value="retired"/><experimental value="false"/><date value="2025-02-12T12:09:01+01:00"/><description value="Foreløpig kodeverk basert på tilgjengelige tjenester. Anvendes til booking av time."/><jurisdiction><coding><system value="urn:iso:std:iso:3166"/><code value="NO"/><display value="Norway"/></coding></jurisdiction><caseSensitive value="true"/><content value="not-present"/></CodeSystem>