<?xml version="1.0" encoding="UTF-8"?><CodeSystem xmlns="http://hl7.org/fhir"><id value="no-kodeverk-7270-ncrp.codesystem"/><text><status value="generated"/><div xmlns="http://www.w3.org/1999/xhtml"><p>This case-sensitive code system <code>http://helsenorge.no/fhir/CodeSystem/no-kodeverk-7270-ncrp.codesystem</code> defines codes, but no codes are represented here</p></div></text><url value="http://helsenorge.no/fhir/CodeSystem/no-kodeverk-7270-ncrp.codesystem"/><identifier><system value="urn:ietf:rfc:3986"/><value value="urn:oid:2.16.578.1.12.4.1.1.7270"/></identifier><version value="0.2.0"/><name value="NoKodeverk7270NCRP"/><title value="NCRP"/><status value="active"/><experimental value="false"/><date value="2023-12-13T00:58:42+01:00"/><publisher value="Helsedirektoratet"/><description value="Kodeverk for radiologi og nukleærmedisin. Kodeverket skal brukes for å dokumentere og skal kunne brukes for å bestille radiologiske tjenester. Det skal benyttes for både polikliniske og innlagte pasienter. Fra 1. januar 2012 har det vært obligatorisk å bruke dette kodeverket for å rapportere poliklinisk radiologisk aktivitet både for offentlige og private virksomheter."/><jurisdiction><coding><system value="urn:iso:std:iso:3166"/><code value="NO"/><display value="Norway"/></coding></jurisdiction><caseSensitive value="true"/><content value="not-present"/></CodeSystem>