<?xml version="1.0" encoding="UTF-8"?><CodeSystem xmlns="http://hl7.org/fhir"><id value="no-kodeverk-ICD-10.codesystem"/><text><status value="generated"/><div xmlns="http://www.w3.org/1999/xhtml"><p>This case-sensitive code system <code>http://helsenorge.no/fhir/CodeSystem/no-kodeverk-ICD-10.codesystem</code> defines codes, but no codes are represented here</p></div></text><url value="http://helsenorge.no/fhir/CodeSystem/no-kodeverk-ICD-10.codesystem"/><identifier><use value="official"/><system value="urn:ietf:rfc:3986"/><value value="urn:oid:2.16.578.1.12.4.1.1.7110"/></identifier><version value="0.2.0"/><name value="NoKodeverkICD10"/><title value="ICD-10"/><status value="active"/><experimental value="false"/><date value="2023-12-13T00:38:53+01:00"/><publisher value="Direktoratet for e-helse"/><description value="Klassifikasjon av sykdommer og beslektede helseproblemer."/><jurisdiction><coding><system value="urn:iso:std:iso:3166"/><code value="NO"/><display value="Norway"/></coding></jurisdiction><caseSensitive value="true"/><content value="not-present"/></CodeSystem>