<?xml version="1.0" encoding="UTF-8"?><CodeSystem xmlns="http://hl7.org/fhir"><id value="no-kodeverk-8219.codesystem"/><text><status value="generated"/><div xmlns="http://www.w3.org/1999/xhtml"><p>This case-sensitive code system <code>http://helsenorge.no/fhir/CodeSystem/no-kodeverk-8219.codesystem</code> defines the following codes:</p><table class="codes"><tr><td style="white-space:nowrap"><b>Code</b></td><td><b>Display</b></td><td><b>Definition</b></td></tr><tr><td style="white-space:nowrap">K<a name="no-kodeverk-8219.codesystem-K"> </a></td><td>Kromosomundersøkelse</td><td/></tr><tr><td style="white-space:nowrap">EM<a name="no-kodeverk-8219.codesystem-EM"> </a></td><td>Ultrastrukturell diagnostikk</td><td/></tr><tr><td style="white-space:nowrap">FLW<a name="no-kodeverk-8219.codesystem-FLW"> </a></td><td>Flowcytometri</td><td/></tr><tr><td style="white-space:nowrap">PCR<a name="no-kodeverk-8219.codesystem-PCR"> </a></td><td>PCR-analyse</td><td/></tr><tr><td style="white-space:nowrap">H<a name="no-kodeverk-8219.codesystem-H"> </a></td><td>Hormonreseptoranalyse</td><td/></tr><tr><td style="white-space:nowrap">PL<a name="no-kodeverk-8219.codesystem-PL"> </a></td><td>Ploidianalyse</td><td/></tr><tr><td style="white-space:nowrap">M<a name="no-kodeverk-8219.codesystem-M"> </a></td><td>Molekylærgenetisk undersøkelse</td><td/></tr><tr><td style="white-space:nowrap">MI<a name="no-kodeverk-8219.codesystem-MI"> </a></td><td>Mikroskopisk undersøkelse</td><td/></tr><tr><td style="white-space:nowrap">A<a name="no-kodeverk-8219.codesystem-A"> </a></td><td>Histologisk undersøkelse</td><td/></tr><tr><td style="white-space:nowrap">MA<a name="no-kodeverk-8219.codesystem-MA"> </a></td><td>Makroskopisk undersøkelse</td><td/></tr><tr><td style="white-space:nowrap">MAMI<a name="no-kodeverk-8219.codesystem-MAMI"> </a></td><td>Makro- og mikroskopisk undersøkelse</td><td/></tr><tr><td style="white-space:nowrap">G<a name="no-kodeverk-8219.codesystem-G"> </a></td><td>Histologi relatert til genetisk us</td><td/></tr><tr><td style="white-space:nowrap">H1<a name="no-kodeverk-8219.codesystem-H1"> </a></td><td>Vanlig obduksjon</td><td/></tr><tr><td style="white-space:nowrap">H2<a name="no-kodeverk-8219.codesystem-H2"> </a></td><td>Nevropatologisk us</td><td/></tr><tr><td style="white-space:nowrap">H3<a name="no-kodeverk-8219.codesystem-H3"> </a></td><td>Obduksjon + Nevropatologisk us</td><td/></tr><tr><td style="white-space:nowrap">F<a name="no-kodeverk-8219.codesystem-F"> </a></td><td>Frysesnitt - hurtigdiagnostikk</td><td/></tr><tr><td style="white-space:nowrap">BL<a name="no-kodeverk-8219.codesystem-BL"> </a></td><td>Blodprøve</td><td/></tr><tr><td style="white-space:nowrap">HPV<a name="no-kodeverk-8219.codesystem-HPV"> </a></td><td>HPV-test</td><td/></tr><tr><td style="white-space:nowrap">C<a name="no-kodeverk-8219.codesystem-C"> </a></td><td>Cytologisk undersøkelse</td><td>Generell cytologisk undersøkelse</td></tr><tr><td style="white-space:nowrap">VC<a name="no-kodeverk-8219.codesystem-VC"> </a></td><td>Væskebasert cytologi</td><td/></tr><tr><td style="white-space:nowrap">D<a name="no-kodeverk-8219.codesystem-D"> </a></td><td>Vaginal - Cervix cytologi</td><td/></tr><tr><td style="white-space:nowrap">E<a name="no-kodeverk-8219.codesystem-E"> </a></td><td>Cytologisk us (non-gyn)</td><td/></tr><tr><td style="white-space:nowrap">FNA<a name="no-kodeverk-8219.codesystem-FNA"> </a></td><td>Finnålsaspirasjon</td><td/></tr><tr><td style="white-space:nowrap">P<a name="no-kodeverk-8219.codesystem-P"> </a></td><td>Punksjonscytologi</td><td/></tr><tr><td style="white-space:nowrap">R<a name="no-kodeverk-8219.codesystem-R"> </a></td><td>Rescreening/Us av restmateriale</td><td/></tr><tr><td style="white-space:nowrap">RM<a name="no-kodeverk-8219.codesystem-RM"> </a></td><td>Rettsmedisinsk obduksjon</td><td/></tr><tr><td style="white-space:nowrap">T<a name="no-kodeverk-8219.codesystem-T"> </a></td><td>Telepatologi</td><td/></tr><tr><td style="white-space:nowrap">GO<a name="no-kodeverk-8219.codesystem-GO"> </a></td><td>Gammel obduksjon</td><td/></tr><tr><td style="white-space:nowrap">EMI<a name="no-kodeverk-8219.codesystem-EMI"> </a></td><td>Elektronmikroskopi</td><td/></tr><tr><td style="white-space:nowrap">MP<a name="no-kodeverk-8219.codesystem-MP"> </a></td><td>Molekylærpatologisk us</td><td/></tr><tr><td style="white-space:nowrap">FISH<a name="no-kodeverk-8219.codesystem-FISH"> </a></td><td>FISH-analyse</td><td/></tr><tr><td style="white-space:nowrap">LKP<a name="no-kodeverk-8219.codesystem-LKP"> </a></td><td>Likkjellerprotokoll</td><td/></tr><tr><td style="white-space:nowrap">LP<a name="no-kodeverk-8219.codesystem-LP"> </a></td><td>Likprotokoll</td><td/></tr></table></div></text><url value="http://helsenorge.no/fhir/CodeSystem/no-kodeverk-8219.codesystem"/><identifier><system value="urn:ietf:rfc:3986"/><value value="urn:oid:2.16.578.1.12.4.1.1.8219"/></identifier><version value="0.1.0"/><name value="NoKodeverk8219"/><title value="8219 Kodeverk for patologisk-anatomiske undersøkelser"/><status value="active"/><experimental value="false"/><date value="2023-11-02T13:54:52+01:00"/><publisher value="Direktoratet for e-helse"/><description value="Kodene beskriver ulike typer patologi-undersøkelser."/><jurisdiction><coding><system value="urn:iso:std:iso:3166"/><code value="NO"/><display value="Norway"/></coding></jurisdiction><caseSensitive value="true"/><content value="complete"/><count value="33"/><concept><code value="K"/><display value="Kromosomundersøkelse"/></concept><concept><code value="EM"/><display value="Ultrastrukturell diagnostikk"/></concept><concept><code value="FLW"/><display value="Flowcytometri"/></concept><concept><code value="PCR"/><display value="PCR-analyse"/></concept><concept><code value="H"/><display value="Hormonreseptoranalyse"/></concept><concept><code value="PL"/><display value="Ploidianalyse"/></concept><concept><code value="M"/><display value="Molekylærgenetisk undersøkelse"/></concept><concept><code value="MI"/><display value="Mikroskopisk undersøkelse"/></concept><concept><code value="A"/><display value="Histologisk undersøkelse"/></concept><concept><code value="MA"/><display value="Makroskopisk undersøkelse"/></concept><concept><code value="MAMI"/><display value="Makro- og mikroskopisk undersøkelse"/></concept><concept><code value="G"/><display value="Histologi relatert til genetisk us"/></concept><concept><code value="H1"/><display value="Vanlig obduksjon"/></concept><concept><code value="H2"/><display value="Nevropatologisk us"/></concept><concept><code value="H3"/><display value="Obduksjon + Nevropatologisk us"/></concept><concept><code value="F"/><display value="Frysesnitt - hurtigdiagnostikk"/></concept><concept><code value="BL"/><display value="Blodprøve"/></concept><concept><code value="HPV"/><display value="HPV-test"/></concept><concept><code value="C"/><display value="Cytologisk undersøkelse"/><definition value="Generell cytologisk undersøkelse"/></concept><concept><code value="VC"/><display value="Væskebasert cytologi"/></concept><concept><code value="D"/><display value="Vaginal - Cervix cytologi"/></concept><concept><code value="E"/><display value="Cytologisk us (non-gyn)"/></concept><concept><code value="FNA"/><display value="Finnålsaspirasjon"/></concept><concept><code value="P"/><display value="Punksjonscytologi"/></concept><concept><code value="R"/><display value="Rescreening/Us av restmateriale"/></concept><concept><code value="RM"/><display value="Rettsmedisinsk obduksjon"/></concept><concept><code value="T"/><display value="Telepatologi"/></concept><concept><code value="GO"/><display value="Gammel obduksjon"/></concept><concept><code value="EMI"/><display value="Elektronmikroskopi"/></concept><concept><code value="MP"/><display value="Molekylærpatologisk us"/></concept><concept><code value="FISH"/><display value="FISH-analyse"/></concept><concept><code value="LKP"/><display value="Likkjellerprotokoll"/></concept><concept><code value="LP"/><display value="Likprotokoll"/></concept></CodeSystem>