<?xml version="1.0" encoding="UTF-8"?><CodeSystem xmlns="http://hl7.org/fhir"><id value="no-kodeverk-8244.codesystem"/><text><status value="generated"/><div xmlns="http://www.w3.org/1999/xhtml"><p>This case-sensitive code system <code>http://helsenorge.no/fhir/CodeSystem/no-kodeverk-8244.codesystem</code> defines the following codes:</p><table class="codes"><tr><td style="white-space:nowrap"><b>Code</b></td><td><b>Display</b></td></tr><tr><td style="white-space:nowrap">1<a name="no-kodeverk-8244.codesystem-1"> </a></td><td>Over øvre referansegrense</td></tr><tr><td style="white-space:nowrap">2<a name="no-kodeverk-8244.codesystem-2"> </a></td><td>Under nedre referansegrense</td></tr><tr><td style="white-space:nowrap">3<a name="no-kodeverk-8244.codesystem-3"> </a></td><td>Utenfor referansegrensene</td></tr></table></div></text><url value="http://helsenorge.no/fhir/CodeSystem/no-kodeverk-8244.codesystem"/><identifier><system value="urn:ietf:rfc:3986"/><value value="urn:oid:2.16.578.1.12.4.1.1.8244"/></identifier><version value="0.2.0"/><name value="NoKodeverk8244"/><title value="8244 Avviksmarkør i svarrapportering av medisinske tjenester"/><status value="active"/><experimental value="false"/><date value="2023-12-13T00:44:24+01:00"/><publisher value="Direktoratet for e-helse"/><description value="Angir svarverdi i forhold til referansegrense"/><jurisdiction><coding><system value="urn:iso:std:iso:3166"/><code value="NO"/><display value="Norway"/></coding></jurisdiction><caseSensitive value="true"/><content value="complete"/><count value="3"/><concept><code value="1"/><display value="Over øvre referansegrense"/></concept><concept><code value="2"/><display value="Under nedre referansegrense"/></concept><concept><code value="3"/><display value="Utenfor referansegrensene"/></concept></CodeSystem>