<?xml version="1.0" encoding="UTF-8"?><CodeSystem xmlns="http://hl7.org/fhir"><id value="no-kodeverk-8243.codesystem"/><text><status value="generated"/><div xmlns="http://www.w3.org/1999/xhtml"><p class="res-header-id"><b>Generated Narrative: CodeSystem no-kodeverk-8243.codesystem</b></p><a name="no-kodeverk-8243.codesystem"> </a><a name="hcno-kodeverk-8243.codesystem"> </a><a name="no-kodeverk-8243.codesystem-no-NO"> </a><p>This case-sensitive code system <code>http://helsenorge.no/fhir/CodeSystem/no-kodeverk-8243.codesystem</code> defines the following codes:</p><table class="codes"><tr><td style="white-space:nowrap"><b>Code</b></td><td><b>Display</b></td></tr><tr><td style="white-space:nowrap">AN<a name="no-kodeverk-8243.codesystem-AN"> </a></td><td>Analyse</td></tr><tr><td style="white-space:nowrap">DIAG<a name="no-kodeverk-8243.codesystem-DIAG"> </a></td><td>Diagnose</td></tr><tr><td style="white-space:nowrap">FU<a name="no-kodeverk-8243.codesystem-FU"> </a></td><td>Funn og undersøkelsesresultater</td></tr><tr><td style="white-space:nowrap">GR<a name="no-kodeverk-8243.codesystem-GR"> </a></td><td>Gruppe</td></tr><tr><td style="white-space:nowrap">LR<a name="no-kodeverk-8243.codesystem-LR"> </a></td><td>Laboratorieresultat</td></tr><tr><td style="white-space:nowrap">RSB<a name="no-kodeverk-8243.codesystem-RSB"> </a></td><td>Resistensbestemmelse</td></tr><tr><td style="white-space:nowrap">SY<a name="no-kodeverk-8243.codesystem-SY"> </a></td><td>Sykmelding</td></tr><tr><td style="white-space:nowrap">UP<a name="no-kodeverk-8243.codesystem-UP"> </a></td><td>Ubesvarte prøver</td></tr><tr><td style="white-space:nowrap">VU<a name="no-kodeverk-8243.codesystem-VU"> </a></td><td>Vurdering</td></tr><tr><td style="white-space:nowrap">XX<a name="no-kodeverk-8243.codesystem-XX"> </a></td><td>Uspesifisert</td></tr></table></div></text><url value="http://helsenorge.no/fhir/CodeSystem/no-kodeverk-8243.codesystem"/><identifier><system value="urn:ietf:rfc:3986"/><value value="urn:oid:2.16.578.1.12.4.1.1.8243"/></identifier><version value="1.2.1"/><name value="NoKodeverk8243"/><title value="8243 Type tekstsvar i tekstlig resultat i svarrapportering av medisinske tjenester"/><status value="active"/><experimental value="false"/><date value="2025-09-29T11:54:59+02:00"/><description value="Type tekstsvar i tekstlig resultat i svarrapportering av medisinske tjenester"/><jurisdiction><coding><system value="urn:iso:std:iso:3166"/><code value="NO"/><display value="Norway"/></coding></jurisdiction><caseSensitive value="true"/><content value="complete"/><count value="10"/><concept><code value="AN"/><display value="Analyse"/></concept><concept><code value="DIAG"/><display value="Diagnose"/></concept><concept><code value="FU"/><display value="Funn og undersøkelsesresultater"/></concept><concept><code value="GR"/><display value="Gruppe"/></concept><concept><code value="LR"/><display value="Laboratorieresultat"/></concept><concept><code value="RSB"/><display value="Resistensbestemmelse"/></concept><concept><code value="SY"/><display value="Sykmelding"/></concept><concept><code value="UP"/><display value="Ubesvarte prøver"/></concept><concept><code value="VU"/><display value="Vurdering"/></concept><concept><code value="XX"/><display value="Uspesifisert"/></concept></CodeSystem>