<?xml version="1.0" encoding="UTF-8"?><CodeSystem xmlns="http://hl7.org/fhir"><id value="no-kodeverk-8406.codesystem"/><text><status value="generated"/><div xmlns="http://www.w3.org/1999/xhtml"><p class="res-header-id"><b>Generated Narrative: CodeSystem no-kodeverk-8406.codesystem</b></p><a name="no-kodeverk-8406.codesystem"> </a><a name="hcno-kodeverk-8406.codesystem"> </a><a name="no-kodeverk-8406.codesystem-no-NO"> </a><p>This case-sensitive code system <code>http://helsenorge.no/fhir/CodeSystem/no-kodeverk-8406.codesystem</code> defines the following codes:</p><table class="codes"><tr><td style="white-space:nowrap"><b>Code</b></td><td><b>Display</b></td></tr><tr><td style="white-space:nowrap">1<a name="no-kodeverk-8406.codesystem-1"> </a></td><td>Døgnopphold</td></tr><tr><td style="white-space:nowrap">2<a name="no-kodeverk-8406.codesystem-2"> </a></td><td>Dagbehandling</td></tr><tr><td style="white-space:nowrap">3<a name="no-kodeverk-8406.codesystem-3"> </a></td><td>Poliklinisk konsultasjon/kontakt</td></tr><tr><td style="white-space:nowrap">8<a name="no-kodeverk-8406.codesystem-8"> </a></td><td>Poliklinisk kontakt inneliggende pasient stråleterapi, radiologi, NM</td></tr></table></div></text><url value="http://helsenorge.no/fhir/CodeSystem/no-kodeverk-8406.codesystem"/><identifier><system value="urn:ietf:rfc:3986"/><value value="urn:oid:2.16.578.1.12.4.1.1.8406"/></identifier><version value="1.3.0"/><name value="NoKodeverk8406"/><title value="8406 Omsorgsnivå"/><status value="active"/><experimental value="false"/><date value="2021-03-26"/><description value="Dette kodeverket inneholder koder for avvikling."/><jurisdiction><coding><system value="urn:iso:std:iso:3166"/><code value="NO"/><display value="Norway"/></coding></jurisdiction><caseSensitive value="true"/><content value="complete"/><count value="4"/><concept><code value="1"/><display value="Døgnopphold"/></concept><concept><code value="2"/><display value="Dagbehandling"/></concept><concept><code value="3"/><display value="Poliklinisk konsultasjon/kontakt"/></concept><concept><code value="8"/><display value="Poliklinisk kontakt inneliggende pasient stråleterapi, radiologi, NM"/></concept></CodeSystem>