<?xml version="1.0" encoding="UTF-8"?><CodeSystem xmlns="http://hl7.org/fhir"><id value="no-kodeverk-9505.codesystem"/><text><status value="generated"/><div xmlns="http://www.w3.org/1999/xhtml"><p class="res-header-id"><b>Generated Narrative: CodeSystem no-kodeverk-9505.codesystem</b></p><a name="no-kodeverk-9505.codesystem"> </a><a name="hcno-kodeverk-9505.codesystem"> </a><a name="no-kodeverk-9505.codesystem-no-NO"> </a><p>This case-sensitive code system <code>http://helsenorge.no/fhir/CodeSystem/no-kodeverk-9505.codesystem</code> defines the following codes:</p><table class="codes"><tr><td style="white-space:nowrap"><b>Code</b></td><td><b>Display</b></td></tr><tr><td style="white-space:nowrap">3D<a name="no-kodeverk-9505.codesystem-3D"> </a></td><td>Hjemmebesøk av jordmor</td></tr><tr><td style="white-space:nowrap">10D<a name="no-kodeverk-9505.codesystem-10D"> </a></td><td>Hjemmebesøk av helsesykepleier</td></tr><tr><td style="white-space:nowrap">4U<a name="no-kodeverk-9505.codesystem-4U"> </a></td><td>4 uker</td></tr><tr><td style="white-space:nowrap">6U<a name="no-kodeverk-9505.codesystem-6U"> </a></td><td>6 uker</td></tr><tr><td style="white-space:nowrap">3M<a name="no-kodeverk-9505.codesystem-3M"> </a></td><td>3 måneder</td></tr><tr><td style="white-space:nowrap">4M<a name="no-kodeverk-9505.codesystem-4M"> </a></td><td>4 måneder</td></tr><tr><td style="white-space:nowrap">5M<a name="no-kodeverk-9505.codesystem-5M"> </a></td><td>5 måneder</td></tr><tr><td style="white-space:nowrap">6M<a name="no-kodeverk-9505.codesystem-6M"> </a></td><td>6 måneder</td></tr><tr><td style="white-space:nowrap">8M<a name="no-kodeverk-9505.codesystem-8M"> </a></td><td>8 måneder</td></tr><tr><td style="white-space:nowrap">10M<a name="no-kodeverk-9505.codesystem-10M"> </a></td><td>10 måneder</td></tr><tr><td style="white-space:nowrap">12M<a name="no-kodeverk-9505.codesystem-12M"> </a></td><td>12 måneder</td></tr><tr><td style="white-space:nowrap">15M<a name="no-kodeverk-9505.codesystem-15M"> </a></td><td>15 måneder</td></tr><tr><td style="white-space:nowrap">18M<a name="no-kodeverk-9505.codesystem-18M"> </a></td><td>17-18 måneder</td></tr><tr><td style="white-space:nowrap">2A<a name="no-kodeverk-9505.codesystem-2A"> </a></td><td>2 år</td></tr><tr><td style="white-space:nowrap">4A<a name="no-kodeverk-9505.codesystem-4A"> </a></td><td>4 år</td></tr><tr><td style="white-space:nowrap">6A<a name="no-kodeverk-9505.codesystem-6A"> </a></td><td>6 år, første trinn</td></tr><tr><td style="white-space:nowrap">7A<a name="no-kodeverk-9505.codesystem-7A"> </a></td><td>7 år, andre trinn</td></tr><tr><td style="white-space:nowrap">8A<a name="no-kodeverk-9505.codesystem-8A"> </a></td><td>8 år, tredje trinn</td></tr><tr><td style="white-space:nowrap">9A<a name="no-kodeverk-9505.codesystem-9A"> </a></td><td>9 år, fjerde trinn</td></tr><tr><td style="white-space:nowrap">10A<a name="no-kodeverk-9505.codesystem-10A"> </a></td><td>10 år, femte trinn</td></tr><tr><td style="white-space:nowrap">11A<a name="no-kodeverk-9505.codesystem-11A"> </a></td><td>11 år, sjette trinn</td></tr><tr><td style="white-space:nowrap">12A<a name="no-kodeverk-9505.codesystem-12A"> </a></td><td>12 år, sjuende trinn</td></tr><tr><td style="white-space:nowrap">13A<a name="no-kodeverk-9505.codesystem-13A"> </a></td><td>13 år, åttende trinn</td></tr><tr><td style="white-space:nowrap">14A<a name="no-kodeverk-9505.codesystem-14A"> </a></td><td>14 år, niende trinn</td></tr><tr><td style="white-space:nowrap">15A<a name="no-kodeverk-9505.codesystem-15A"> </a></td><td>15 år, tiende trinn</td></tr><tr><td style="white-space:nowrap">16A<a name="no-kodeverk-9505.codesystem-16A"> </a></td><td>16 år</td></tr><tr><td style="white-space:nowrap">17A<a name="no-kodeverk-9505.codesystem-17A"> </a></td><td>17 år</td></tr><tr><td style="white-space:nowrap">18A<a name="no-kodeverk-9505.codesystem-18A"> </a></td><td>18 år</td></tr><tr><td style="white-space:nowrap">E<a name="no-kodeverk-9505.codesystem-E"> </a></td><td>Ekstra konsultasjon</td></tr></table></div></text><url value="http://helsenorge.no/fhir/CodeSystem/no-kodeverk-9505.codesystem"/><identifier><system value="urn:ietf:rfc:3986"/><value value="urn:oid:2.16.578.1.12.4.1.1.9505"/></identifier><version value="1.3.1"/><name value="NoKodeverk9505"/><title value="9505 Alderstrinn"/><status value="retired"/><experimental value="false"/><date value="2022-10-12"/><description value="Dette kodeverket inneholder koder som benyttes for å identifisere de faste alderstrinn (intervall) som er relevante i forbindelse med arbeidet på helsestasjoner og i skolehelsetjenesten."/><jurisdiction><coding><system value="urn:iso:std:iso:3166"/><code value="NO"/><display value="Norway"/></coding></jurisdiction><caseSensitive value="true"/><content value="complete"/><count value="29"/><concept><code value="3D"/><display value="Hjemmebesøk av jordmor"/></concept><concept><code value="10D"/><display value="Hjemmebesøk av helsesykepleier"/></concept><concept><code value="4U"/><display value="4 uker"/></concept><concept><code value="6U"/><display value="6 uker"/></concept><concept><code value="3M"/><display value="3 måneder"/></concept><concept><code value="4M"/><display value="4 måneder"/></concept><concept><code value="5M"/><display value="5 måneder"/></concept><concept><code value="6M"/><display value="6 måneder"/></concept><concept><code value="8M"/><display value="8 måneder"/></concept><concept><code value="10M"/><display value="10 måneder"/></concept><concept><code value="12M"/><display value="12 måneder"/></concept><concept><code value="15M"/><display value="15 måneder"/></concept><concept><code value="18M"/><display value="17-18 måneder"/></concept><concept><code value="2A"/><display value="2 år"/></concept><concept><code value="4A"/><display value="4 år"/></concept><concept><code value="6A"/><display value="6 år, første trinn"/></concept><concept><code value="7A"/><display value="7 år, andre trinn"/></concept><concept><code value="8A"/><display value="8 år, tredje trinn"/></concept><concept><code value="9A"/><display value="9 år, fjerde trinn"/></concept><concept><code value="10A"/><display value="10 år, femte trinn"/></concept><concept><code value="11A"/><display value="11 år, sjette trinn"/></concept><concept><code value="12A"/><display value="12 år, sjuende trinn"/></concept><concept><code value="13A"/><display value="13 år, åttende trinn"/></concept><concept><code value="14A"/><display value="14 år, niende trinn"/></concept><concept><code value="15A"/><display value="15 år, tiende trinn"/></concept><concept><code value="16A"/><display value="16 år"/></concept><concept><code value="17A"/><display value="17 år"/></concept><concept><code value="18A"/><display value="18 år"/></concept><concept><code value="E"/><display value="Ekstra konsultasjon"/></concept></CodeSystem>