<?xml version="1.0" encoding="UTF-8"?><CodeSystem xmlns="http://hl7.org/fhir"><id value="no-kodeverk-8268.codesystem"/><text><status value="generated"/><div xmlns="http://www.w3.org/1999/xhtml"><p>This case-sensitive code system <code>http://helsenorge.no/fhir/CodeSystem/no-kodeverk-8268.codesystem</code> defines the following codes:</p><table class="codes"><tr><td style="white-space:nowrap"><b>Code</b></td><td><b>Display</b></td><td><b>Definition</b></td></tr><tr><td style="white-space:nowrap">ENH<a name="no-kodeverk-8268.codesystem-ENH"> </a></td><td>Organisasjonsnummeret i Enhetsregister</td><td>Brønnøysund</td></tr><tr><td style="white-space:nowrap">RSH<a name="no-kodeverk-8268.codesystem-RSH"> </a></td><td>Nasjonalt register over enheter i spesialisthelsetjenesten (RESH-ID)</td><td>Innføres fra og med 2007 for spesialisthelsetjenesten</td></tr><tr><td style="white-space:nowrap">HER<a name="no-kodeverk-8268.codesystem-HER"> </a></td><td>HER-id</td><td>Identifikator som unikt identifiserer en  kommunikasjonspart i Adresseregisteret</td></tr><tr><td style="white-space:nowrap">NPR<a name="no-kodeverk-8268.codesystem-NPR"> </a></td><td>NPR avdelingsnummer</td><td/></tr><tr><td style="white-space:nowrap">SYS<a name="no-kodeverk-8268.codesystem-SYS"> </a></td><td>SYSVAK institusjonsnummer</td><td/></tr><tr><td style="white-space:nowrap">AVD<a name="no-kodeverk-8268.codesystem-AVD"> </a></td><td>Off. identifikator for avdelinger</td><td/></tr><tr><td style="white-space:nowrap">APO<a name="no-kodeverk-8268.codesystem-APO"> </a></td><td>Apotekenes identifikasjonsnummer</td><td/></tr><tr><td style="white-space:nowrap">AKO<a name="no-kodeverk-8268.codesystem-AKO"> </a></td><td>Apotekenes konsesjonsnummer</td><td/></tr><tr><td style="white-space:nowrap">LIN<a name="no-kodeverk-8268.codesystem-LIN"> </a></td><td>Lokal identifikator for institusjoner</td><td/></tr><tr><td style="white-space:nowrap">LAV<a name="no-kodeverk-8268.codesystem-LAV"> </a></td><td>Lokal identifikator for avdelinger</td><td/></tr><tr><td style="white-space:nowrap">LOK<a name="no-kodeverk-8268.codesystem-LOK"> </a></td><td>Lokal identifikator uten nærmere angivelse</td><td/></tr><tr><td style="white-space:nowrap">HPR<a name="no-kodeverk-8268.codesystem-HPR"> </a></td><td>HPR-nummer</td><td>Tildeles av Statens autorisasjonskontor for helsepersonell</td></tr><tr><td style="white-space:nowrap">LOP<a name="no-kodeverk-8268.codesystem-LOP"> </a></td><td>Lokal identifikator for helsepersonell</td><td/></tr><tr><td style="white-space:nowrap">FHN<a name="no-kodeverk-8268.codesystem-FHN"> </a></td><td>Felles hjelpenummer (FH-nummer)</td><td/></tr><tr><td style="white-space:nowrap">FNR<a name="no-kodeverk-8268.codesystem-FNR"> </a></td><td>Norsk fødselsnummer</td><td/></tr><tr><td style="white-space:nowrap">DNR<a name="no-kodeverk-8268.codesystem-DNR"> </a></td><td>D-nummer</td><td>Personer i kontakt med norske myndigheter uten norsk fødselsnummer</td></tr><tr><td style="white-space:nowrap">HNR<a name="no-kodeverk-8268.codesystem-HNR"> </a></td><td>H-nummer</td><td>Virksomhetsinternt hjelpenummer</td></tr><tr><td style="white-space:nowrap">PNR<a name="no-kodeverk-8268.codesystem-PNR"> </a></td><td>Passnummer</td><td/></tr><tr><td style="white-space:nowrap">SEF<a name="no-kodeverk-8268.codesystem-SEF"> </a></td><td>Svensk personnummer</td><td/></tr><tr><td style="white-space:nowrap">DKF<a name="no-kodeverk-8268.codesystem-DKF"> </a></td><td>Dansk personnummer</td><td/></tr><tr><td style="white-space:nowrap">SSN<a name="no-kodeverk-8268.codesystem-SSN"> </a></td><td>Sosial security number</td><td/></tr><tr><td style="white-space:nowrap">EHK<a name="no-kodeverk-8268.codesystem-EHK"> </a></td><td>Europeisk helsetrygdkortnummer</td><td/></tr><tr><td style="white-space:nowrap">FPN<a name="no-kodeverk-8268.codesystem-FPN"> </a></td><td>Forsikringspolise nummer</td><td/></tr><tr><td style="white-space:nowrap">DUF<a name="no-kodeverk-8268.codesystem-DUF"> </a></td><td>DUF-nummer</td><td>Registreringsnummeret i Utlendingsdirektoratets datasystem</td></tr><tr><td style="white-space:nowrap">XXX<a name="no-kodeverk-8268.codesystem-XXX"> </a></td><td>Annet</td><td/></tr></table></div></text><url value="http://helsenorge.no/fhir/CodeSystem/no-kodeverk-8268.codesystem"/><identifier><system value="urn:ietf:rfc:3986"/><value value="urn:oid:2.16.578.1.12.4.1.1.8268"/></identifier><version value="0.1.0"/><name value="NoKodeverk8268"/><title value="8268 Type identifikator"/><status value="active"/><experimental value="false"/><date value="2023-11-05T00:35:42+01:00"/><publisher value="Direktoratet for e-helse"/><description value="Angir type identifikator for person og virksomhet."/><jurisdiction><coding><system value="urn:iso:std:iso:3166"/><code value="NO"/><display value="Norway"/></coding></jurisdiction><caseSensitive value="true"/><content value="complete"/><count value="25"/><concept><code value="ENH"/><display value="Organisasjonsnummeret i Enhetsregister"/><definition value="Brønnøysund"/></concept><concept><code value="RSH"/><display value="Nasjonalt register over enheter i spesialisthelsetjenesten (RESH-ID)"/><definition value="Innføres fra og med 2007 for spesialisthelsetjenesten"/></concept><concept><code value="HER"/><display value="HER-id"/><definition value="Identifikator som unikt identifiserer en  kommunikasjonspart i Adresseregisteret"/></concept><concept><code value="NPR"/><display value="NPR avdelingsnummer"/></concept><concept><code value="SYS"/><display value="SYSVAK institusjonsnummer"/></concept><concept><code value="AVD"/><display value="Off. identifikator for avdelinger"/></concept><concept><code value="APO"/><display value="Apotekenes identifikasjonsnummer"/></concept><concept><code value="AKO"/><display value="Apotekenes konsesjonsnummer"/></concept><concept><code value="LIN"/><display value="Lokal identifikator for institusjoner"/></concept><concept><code value="LAV"/><display value="Lokal identifikator for avdelinger"/></concept><concept><code value="LOK"/><display value="Lokal identifikator uten nærmere angivelse"/></concept><concept><code value="HPR"/><display value="HPR-nummer"/><definition value="Tildeles av Statens autorisasjonskontor for helsepersonell"/></concept><concept><code value="LOP"/><display value="Lokal identifikator for helsepersonell"/></concept><concept><code value="FHN"/><display value="Felles hjelpenummer (FH-nummer)"/></concept><concept><code value="FNR"/><display value="Norsk fødselsnummer"/></concept><concept><code value="DNR"/><display value="D-nummer"/><definition value="Personer i kontakt med norske myndigheter uten norsk fødselsnummer"/></concept><concept><code value="HNR"/><display value="H-nummer"/><definition value="Virksomhetsinternt hjelpenummer"/></concept><concept><code value="PNR"/><display value="Passnummer"/></concept><concept><code value="SEF"/><display value="Svensk personnummer"/></concept><concept><code value="DKF"/><display value="Dansk personnummer"/></concept><concept><code value="SSN"/><display value="Sosial security number"/></concept><concept><code value="EHK"/><display value="Europeisk helsetrygdkortnummer"/></concept><concept><code value="FPN"/><display value="Forsikringspolise nummer"/></concept><concept><code value="DUF"/><display value="DUF-nummer"/><definition value="Registreringsnummeret i Utlendingsdirektoratets datasystem"/></concept><concept><code value="XXX"/><display value="Annet"/></concept></CodeSystem>