<?xml version="1.0" encoding="UTF-8"?><CodeSystem xmlns="http://hl7.org/fhir"><id value="no-kodeverk-8274.codesystem"/><text><status value="generated"/><div xmlns="http://www.w3.org/1999/xhtml"><p class="res-header-id"><b>Generated Narrative: CodeSystem no-kodeverk-8274.codesystem</b></p><a name="no-kodeverk-8274.codesystem"> </a><a name="hcno-kodeverk-8274.codesystem"> </a><a name="no-kodeverk-8274.codesystem-no-NO"> </a><p>This case-sensitive code system <code>http://helsenorge.no/fhir/CodeSystem/no-kodeverk-8274.codesystem</code> defines codes, but no codes are represented here</p></div></text><url value="http://helsenorge.no/fhir/CodeSystem/no-kodeverk-8274.codesystem"/><identifier><system value="urn:ietf:rfc:3986"/><value value="urn:oid:2.16.578.1.12.4.1.1.8274"/></identifier><version value="1.1.0"/><name value="NoKodeverk8274"/><title value="8274 Anbefaling om supplerende undersøkelser"/><status value="draft"/><experimental value="false"/><date value="2025-02-22T03:55:28+01:00"/><description value="Om rekvirenten gir tjenesteyter tillatelse til å utføre ytterligere undersøkelser eller andre tiltak basert på resultater og medisinskfaglig skjønn."/><jurisdiction><coding><system value="urn:iso:std:iso:3166"/><code value="NO"/><display value="Norway"/></coding></jurisdiction><caseSensitive value="true"/><content value="not-present"/></CodeSystem>