<?xml version="1.0" encoding="UTF-8"?><ImplementationGuide xmlns="http://hl7.org/fhir"><id value="fhir.codesandextensions"/><text><status value="generated"/><div xmlns="http://www.w3.org/1999/xhtml"><p class="res-header-id"><b>Generated Narrative: ImplementationGuide fhir.codesandextensions</b></p><a name="fhir.codesandextensions"> </a><a name="hcfhir.codesandextensions"> </a><a name="fhir.codesandextensions-no-NO"> </a><h2>CodesExtensionsAndMore</h2><p>The official URL for this implementation guide is: </p><pre>http://helsenorge.no/fhir/ImplementationGuide/fhir.codesandextensions</pre><div><p>Codes, extension, profiles and more</p>
</div></div></text><url value="http://helsenorge.no/fhir/ImplementationGuide/fhir.codesandextensions"/><version value="1.1.0"/><name value="CodesExtensionsAndMore"/><title value="Codes, extension, profiles and more"/><status value="active"/><date value="2025-02-22T02:39:46+01:00"/><description value="Codes, extension, profiles and more"/><jurisdiction><coding><system value="urn:iso:std:iso:3166"/><code value="NO"/><display value="Norway"/></coding></jurisdiction><packageId value="fhir.codesandextensions"/><license value="CC0-1.0"/><fhirVersion value="4.0.1"/><dependsOn id="hl7tx"><extension url="http://hl7.org/fhir/tools/StructureDefinition/implementationguide-dependency-comment"><valueMarkdown value="Automatically added as a dependency - all IGs depend on HL7 Terminology"/></extension><uri value="http://terminology.hl7.org/ImplementationGuide/hl7.terminology"/><packageId value="hl7.terminology.r4"/><version value="6.2.0"/></dependsOn><dependsOn id="hl7ext"><extension url="http://hl7.org/fhir/tools/StructureDefinition/implementationguide-dependency-comment"><valueMarkdown value="Automatically added as a dependency - all IGs depend on the HL7 Extension Pack"/></extension><uri value="http://hl7.org/fhir/extensions/ImplementationGuide/hl7.fhir.uv.extensions"/><packageId value="hl7.fhir.uv.extensions.r4"/><version value="5.2.0"/></dependsOn><dependsOn id="hl7_fhir_no_basis"><uri value="http://fhir.org/packages/hl7.fhir.no.basis/ImplementationGuide/hl7.fhir.no.basis"/><packageId value="hl7.fhir.no.basis"/><version value="2.2.0"/></dependsOn><definition><extension url="http://hl7.org/fhir/tools/StructureDefinition/ig-parameter"><extension url="code"><valueString value="copyrightyear"/></extension><extension url="value"><valueString value="2023+"/></extension></extension><extension url="http://hl7.org/fhir/tools/StructureDefinition/ig-parameter"><extension url="code"><valueString value="releaselabel"/></extension><extension url="value"><valueString value="ci-build"/></extension></extension><extension url="http://hl7.org/fhir/tools/StructureDefinition/ig-parameter"><extension url="code"><valueString value="autoload-resources"/></extension><extension url="value"><valueString value="true"/></extension></extension><extension url="http://hl7.org/fhir/tools/StructureDefinition/ig-parameter"><extension url="code"><valueString value="path-liquid"/></extension><extension url="value"><valueString value="template/liquid"/></extension></extension><extension url="http://hl7.org/fhir/tools/StructureDefinition/ig-parameter"><extension url="code"><valueString value="path-liquid"/></extension><extension url="value"><valueString value="input/liquid"/></extension></extension><extension url="http://hl7.org/fhir/tools/StructureDefinition/ig-parameter"><extension url="code"><valueString value="path-qa"/></extension><extension url="value"><valueString value="temp/qa"/></extension></extension><extension url="http://hl7.org/fhir/tools/StructureDefinition/ig-parameter"><extension url="code"><valueString value="path-temp"/></extension><extension url="value"><valueString value="temp/pages"/></extension></extension><extension url="http://hl7.org/fhir/tools/StructureDefinition/ig-parameter"><extension url="code"><valueString value="path-output"/></extension><extension url="value"><valueString value="output"/></extension></extension><extension url="http://hl7.org/fhir/tools/StructureDefinition/ig-parameter"><extension url="code"><valueString value="path-suppressed-warnings"/></extension><extension url="value"><valueString value="input/ignoreWarnings.txt"/></extension></extension><extension url="http://hl7.org/fhir/tools/StructureDefinition/ig-parameter"><extension url="code"><valueString value="path-history"/></extension><extension url="value"><valueString value="http://helsenorge.no/fhir/history.html"/></extension></extension><extension url="http://hl7.org/fhir/tools/StructureDefinition/ig-parameter"><extension url="code"><valueString value="template-html"/></extension><extension url="value"><valueString value="template-page.html"/></extension></extension><extension url="http://hl7.org/fhir/tools/StructureDefinition/ig-parameter"><extension url="code"><valueString value="template-md"/></extension><extension url="value"><valueString value="template-page-md.html"/></extension></extension><extension url="http://hl7.org/fhir/tools/StructureDefinition/ig-parameter"><extension url="code"><valueString value="apply-contact"/></extension><extension url="value"><valueString value="true"/></extension></extension><extension url="http://hl7.org/fhir/tools/StructureDefinition/ig-parameter"><extension url="code"><valueString value="apply-context"/></extension><extension url="value"><valueString value="true"/></extension></extension><extension url="http://hl7.org/fhir/tools/StructureDefinition/ig-parameter"><extension url="code"><valueString value="apply-copyright"/></extension><extension url="value"><valueString value="true"/></extension></extension><extension url="http://hl7.org/fhir/tools/StructureDefinition/ig-parameter"><extension url="code"><valueString value="apply-jurisdiction"/></extension><extension url="value"><valueString value="true"/></extension></extension><extension url="http://hl7.org/fhir/tools/StructureDefinition/ig-parameter"><extension url="code"><valueString value="apply-license"/></extension><extension url="value"><valueString value="true"/></extension></extension><extension url="http://hl7.org/fhir/tools/StructureDefinition/ig-parameter"><extension url="code"><valueString value="apply-publisher"/></extension><extension url="value"><valueString value="true"/></extension></extension><extension url="http://hl7.org/fhir/tools/StructureDefinition/ig-parameter"><extension url="code"><valueString value="apply-version"/></extension><extension url="value"><valueString value="true"/></extension></extension><extension url="http://hl7.org/fhir/tools/StructureDefinition/ig-parameter"><extension url="code"><valueString value="apply-wg"/></extension><extension url="value"><valueString value="true"/></extension></extension><extension url="http://hl7.org/fhir/tools/StructureDefinition/ig-parameter"><extension url="code"><valueString value="active-tables"/></extension><extension url="value"><valueString value="true"/></extension></extension><extension url="http://hl7.org/fhir/tools/StructureDefinition/ig-parameter"><extension url="code"><valueString value="fmm-definition"/></extension><extension url="value"><valueString value="http://hl7.org/fhir/versions.html#maturity"/></extension></extension><extension url="http://hl7.org/fhir/tools/StructureDefinition/ig-parameter"><extension url="code"><valueString value="propagate-status"/></extension><extension url="value"><valueString value="true"/></extension></extension><extension url="http://hl7.org/fhir/tools/StructureDefinition/ig-parameter"><extension url="code"><valueString value="excludelogbinaryformat"/></extension><extension url="value"><valueString value="true"/></extension></extension><extension url="http://hl7.org/fhir/tools/StructureDefinition/ig-parameter"><extension url="code"><valueString value="tabbed-snapshots"/></extension><extension url="value"><valueString value="true"/></extension></extension><extension url="http://hl7.org/fhir/tools/StructureDefinition/ig-internal-dependency"><valueCode value="hl7.fhir.uv.tools.r4#0.3.0"/></extension><extension url="http://hl7.org/fhir/tools/StructureDefinition/ig-parameter"><extension url="code"><valueCode value="copyrightyear"/></extension><extension url="value"><valueString value="2023+"/></extension></extension><extension url="http://hl7.org/fhir/tools/StructureDefinition/ig-parameter"><extension url="code"><valueCode value="releaselabel"/></extension><extension url="value"><valueString value="ci-build"/></extension></extension><extension url="http://hl7.org/fhir/tools/StructureDefinition/ig-parameter"><extension url="code"><valueCode value="autoload-resources"/></extension><extension url="value"><valueString value="true"/></extension></extension><extension url="http://hl7.org/fhir/tools/StructureDefinition/ig-parameter"><extension url="code"><valueCode value="path-liquid"/></extension><extension url="value"><valueString value="template/liquid"/></extension></extension><extension url="http://hl7.org/fhir/tools/StructureDefinition/ig-parameter"><extension url="code"><valueCode value="path-liquid"/></extension><extension url="value"><valueString value="input/liquid"/></extension></extension><extension url="http://hl7.org/fhir/tools/StructureDefinition/ig-parameter"><extension url="code"><valueCode value="path-qa"/></extension><extension url="value"><valueString value="temp/qa"/></extension></extension><extension url="http://hl7.org/fhir/tools/StructureDefinition/ig-parameter"><extension url="code"><valueCode value="path-temp"/></extension><extension url="value"><valueString value="temp/pages"/></extension></extension><extension url="http://hl7.org/fhir/tools/StructureDefinition/ig-parameter"><extension url="code"><valueCode value="path-output"/></extension><extension url="value"><valueString value="output"/></extension></extension><extension url="http://hl7.org/fhir/tools/StructureDefinition/ig-parameter"><extension url="code"><valueCode value="path-suppressed-warnings"/></extension><extension url="value"><valueString value="input/ignoreWarnings.txt"/></extension></extension><extension url="http://hl7.org/fhir/tools/StructureDefinition/ig-parameter"><extension url="code"><valueCode value="path-history"/></extension><extension url="value"><valueString value="http://helsenorge.no/fhir/history.html"/></extension></extension><extension url="http://hl7.org/fhir/tools/StructureDefinition/ig-parameter"><extension url="code"><valueCode value="template-html"/></extension><extension url="value"><valueString value="template-page.html"/></extension></extension><extension url="http://hl7.org/fhir/tools/StructureDefinition/ig-parameter"><extension url="code"><valueCode value="template-md"/></extension><extension url="value"><valueString value="template-page-md.html"/></extension></extension><extension url="http://hl7.org/fhir/tools/StructureDefinition/ig-parameter"><extension url="code"><valueCode value="apply-contact"/></extension><extension url="value"><valueString value="true"/></extension></extension><extension url="http://hl7.org/fhir/tools/StructureDefinition/ig-parameter"><extension url="code"><valueCode value="apply-context"/></extension><extension url="value"><valueString value="true"/></extension></extension><extension url="http://hl7.org/fhir/tools/StructureDefinition/ig-parameter"><extension url="code"><valueCode value="apply-copyright"/></extension><extension url="value"><valueString value="true"/></extension></extension><extension url="http://hl7.org/fhir/tools/StructureDefinition/ig-parameter"><extension url="code"><valueCode value="apply-jurisdiction"/></extension><extension url="value"><valueString value="true"/></extension></extension><extension url="http://hl7.org/fhir/tools/StructureDefinition/ig-parameter"><extension url="code"><valueCode value="apply-license"/></extension><extension url="value"><valueString value="true"/></extension></extension><extension url="http://hl7.org/fhir/tools/StructureDefinition/ig-parameter"><extension url="code"><valueCode value="apply-publisher"/></extension><extension url="value"><valueString value="true"/></extension></extension><extension url="http://hl7.org/fhir/tools/StructureDefinition/ig-parameter"><extension url="code"><valueCode value="apply-version"/></extension><extension url="value"><valueString value="true"/></extension></extension><extension url="http://hl7.org/fhir/tools/StructureDefinition/ig-parameter"><extension url="code"><valueCode value="apply-wg"/></extension><extension url="value"><valueString value="true"/></extension></extension><extension url="http://hl7.org/fhir/tools/StructureDefinition/ig-parameter"><extension url="code"><valueCode value="active-tables"/></extension><extension url="value"><valueString value="true"/></extension></extension><extension url="http://hl7.org/fhir/tools/StructureDefinition/ig-parameter"><extension url="code"><valueCode value="fmm-definition"/></extension><extension url="value"><valueString value="http://hl7.org/fhir/versions.html#maturity"/></extension></extension><extension url="http://hl7.org/fhir/tools/StructureDefinition/ig-parameter"><extension url="code"><valueCode value="propagate-status"/></extension><extension url="value"><valueString value="true"/></extension></extension><extension url="http://hl7.org/fhir/tools/StructureDefinition/ig-parameter"><extension url="code"><valueCode value="excludelogbinaryformat"/></extension><extension url="value"><valueString value="true"/></extension></extension><extension url="http://hl7.org/fhir/tools/StructureDefinition/ig-parameter"><extension url="code"><valueCode value="tabbed-snapshots"/></extension><extension url="value"><valueString value="true"/></extension></extension><extension url="http://hl7.org/fhir/tools/StructureDefinition/ig-parameter"><extension url="code"><valueCode value="copyrightyear"/></extension><extension url="value"><valueString value="2023+"/></extension></extension><extension url="http://hl7.org/fhir/tools/StructureDefinition/ig-parameter"><extension url="code"><valueCode value="releaselabel"/></extension><extension url="value"><valueString value="ci-build"/></extension></extension><extension url="http://hl7.org/fhir/tools/StructureDefinition/ig-parameter"><extension url="code"><valueCode value="autoload-resources"/></extension><extension url="value"><valueString value="true"/></extension></extension><extension url="http://hl7.org/fhir/tools/StructureDefinition/ig-parameter"><extension url="code"><valueCode value="path-liquid"/></extension><extension url="value"><valueString value="template/liquid"/></extension></extension><extension url="http://hl7.org/fhir/tools/StructureDefinition/ig-parameter"><extension url="code"><valueCode value="path-liquid"/></extension><extension url="value"><valueString value="input/liquid"/></extension></extension><extension url="http://hl7.org/fhir/tools/StructureDefinition/ig-parameter"><extension url="code"><valueCode value="path-qa"/></extension><extension url="value"><valueString value="temp/qa"/></extension></extension><extension url="http://hl7.org/fhir/tools/StructureDefinition/ig-parameter"><extension url="code"><valueCode value="path-temp"/></extension><extension url="value"><valueString value="temp/pages"/></extension></extension><extension url="http://hl7.org/fhir/tools/StructureDefinition/ig-parameter"><extension url="code"><valueCode value="path-output"/></extension><extension url="value"><valueString value="output"/></extension></extension><extension url="http://hl7.org/fhir/tools/StructureDefinition/ig-parameter"><extension url="code"><valueCode value="path-suppressed-warnings"/></extension><extension url="value"><valueString value="input/ignoreWarnings.txt"/></extension></extension><extension url="http://hl7.org/fhir/tools/StructureDefinition/ig-parameter"><extension url="code"><valueCode value="path-history"/></extension><extension url="value"><valueString value="http://helsenorge.no/fhir/history.html"/></extension></extension><extension url="http://hl7.org/fhir/tools/StructureDefinition/ig-parameter"><extension url="code"><valueCode value="template-html"/></extension><extension url="value"><valueString value="template-page.html"/></extension></extension><extension url="http://hl7.org/fhir/tools/StructureDefinition/ig-parameter"><extension url="code"><valueCode value="template-md"/></extension><extension url="value"><valueString value="template-page-md.html"/></extension></extension><extension url="http://hl7.org/fhir/tools/StructureDefinition/ig-parameter"><extension url="code"><valueCode value="apply-contact"/></extension><extension url="value"><valueString value="true"/></extension></extension><extension url="http://hl7.org/fhir/tools/StructureDefinition/ig-parameter"><extension url="code"><valueCode value="apply-context"/></extension><extension url="value"><valueString value="true"/></extension></extension><extension url="http://hl7.org/fhir/tools/StructureDefinition/ig-parameter"><extension url="code"><valueCode value="apply-copyright"/></extension><extension url="value"><valueString value="true"/></extension></extension><extension url="http://hl7.org/fhir/tools/StructureDefinition/ig-parameter"><extension url="code"><valueCode value="apply-jurisdiction"/></extension><extension url="value"><valueString value="true"/></extension></extension><extension url="http://hl7.org/fhir/tools/StructureDefinition/ig-parameter"><extension url="code"><valueCode value="apply-license"/></extension><extension url="value"><valueString value="true"/></extension></extension><extension url="http://hl7.org/fhir/tools/StructureDefinition/ig-parameter"><extension url="code"><valueCode value="apply-publisher"/></extension><extension url="value"><valueString value="true"/></extension></extension><extension url="http://hl7.org/fhir/tools/StructureDefinition/ig-parameter"><extension url="code"><valueCode value="apply-version"/></extension><extension url="value"><valueString value="true"/></extension></extension><extension url="http://hl7.org/fhir/tools/StructureDefinition/ig-parameter"><extension url="code"><valueCode value="apply-wg"/></extension><extension url="value"><valueString value="true"/></extension></extension><extension url="http://hl7.org/fhir/tools/StructureDefinition/ig-parameter"><extension url="code"><valueCode value="active-tables"/></extension><extension url="value"><valueString value="true"/></extension></extension><extension url="http://hl7.org/fhir/tools/StructureDefinition/ig-parameter"><extension url="code"><valueCode value="fmm-definition"/></extension><extension url="value"><valueString value="http://hl7.org/fhir/versions.html#maturity"/></extension></extension><extension url="http://hl7.org/fhir/tools/StructureDefinition/ig-parameter"><extension url="code"><valueCode value="propagate-status"/></extension><extension url="value"><valueString value="true"/></extension></extension><extension url="http://hl7.org/fhir/tools/StructureDefinition/ig-parameter"><extension url="code"><valueCode value="excludelogbinaryformat"/></extension><extension url="value"><valueString value="true"/></extension></extension><extension url="http://hl7.org/fhir/tools/StructureDefinition/ig-parameter"><extension url="code"><valueCode value="tabbed-snapshots"/></extension><extension url="value"><valueString value="true"/></extension></extension><grouping id="-str-profile"><name value="Structures: Resource Profiles"/><description value="These define constraints on FHIR resources for systems conforming to this implementation guide."/></grouping><grouping id="-str-extension"><name value="Structures: Extension Definitions"/><description value="These define constraints on FHIR data types for systems conforming to this implementation guide."/></grouping><grouping id="-term-valueset"><name value="Terminology: Value Sets"/><description value="These define sets of codes used by systems conforming to this implementation guide."/></grouping><grouping id="-term-codesystem"><name value="Terminology: Code Systems"/><description value="These define new code systems used by systems conforming to this implementation guide."/></grouping><grouping id="-term-namingsystem"><name value="Terminology: Naming Systems"/><description value="These define identifier and/or code system identities used by systems conforming to this implementation guide."/></grouping><grouping id="-ex-example"><name value="Example: Example Instances"/><description value="These are example instances that show what data produced and consumed by systems conforming with this implementation guide might look like."/></grouping><resource><extension url="http://hl7.org/fhir/tools/StructureDefinition/resource-sort"><valueInteger value="999999999"/></extension><extension url="http://hl7.org/fhir/StructureDefinition/implementationguide-page"><valueUri value="StructureDefinition-hn-basis-schedule.html"/></extension><reference><reference value="StructureDefinition/hn-basis-schedule"/></reference><name value="HnBasisSchedule"/><description value="FHIR Schedule brukes for å hente timebøker tilgjengelige for timebestilling for innbygger. Profilen er basert på R4."/><exampleBoolean value="false"/><groupingId value="-str-profile"/></resource><resource><extension url="http://hl7.org/fhir/tools/StructureDefinition/resource-sort"><valueInteger value="999999999"/></extension><extension url="http://hl7.org/fhir/StructureDefinition/implementationguide-page"><valueUri value="StructureDefinition-hn-basis-serviceRequest.html"/></extension><reference><reference value="StructureDefinition/hn-basis-serviceRequest"/></reference><name value="HnBasisServiceRequest"/><description value="ServiceRequest sendes til tjenesteytere for å informere om hvilke tjenester som ønskes fra leverandøren."/><exampleBoolean value="false"/><groupingId value="-str-profile"/></resource><resource><extension url="http://hl7.org/fhir/tools/StructureDefinition/resource-sort"><valueInteger value="999999999"/></extension><extension url="http://hl7.org/fhir/StructureDefinition/implementationguide-page"><valueUri value="StructureDefinition-hn-basis-slot.html"/></extension><reference><reference value="StructureDefinition/hn-basis-slot"/></reference><name value="HnBasisSlot"/><description value="Profil for slot i Helsenorge. Basert på FHIR Slot (R4)"/><exampleBoolean value="false"/><groupingId value="-str-profile"/></resource><resource><extension url="http://hl7.org/fhir/tools/StructureDefinition/resource-sort"><valueInteger value="999999999"/></extension><extension url="http://hl7.org/fhir/StructureDefinition/implementationguide-page"><valueUri value="StructureDefinition-MyPatient.html"/></extension><reference><reference value="StructureDefinition/MyPatient"/></reference><name value="MyPatient"/><description value="An example profile of the Patient resource."/><exampleBoolean value="false"/><groupingId value="-str-profile"/></resource><resource><extension url="http://hl7.org/fhir/tools/StructureDefinition/resource-sort"><valueInteger value="999999999"/></extension><extension url="http://hl7.org/fhir/StructureDefinition/implementationguide-page"><valueUri value="StructureDefinition-NoVitalSignsObservationBloodpressure.html"/></extension><reference><reference value="StructureDefinition/NoVitalSignsObservationBloodpressure"/></reference><name value="NO VitalSigns Observation - Blood Pressure"/><description value="Base profile for Norwegian Vital Signs Observation Blood pressure information, adding SNOMED CT codes to the base profile."/><exampleBoolean value="false"/><groupingId value="-str-profile"/></resource><resource><extension url="http://hl7.org/fhir/tools/StructureDefinition/resource-sort"><valueInteger value="999999999"/></extension><extension url="http://hl7.org/fhir/StructureDefinition/implementationguide-page"><valueUri value="StructureDefinition-additional-code.html"/></extension><reference><reference value="StructureDefinition/additional-code"/></reference><name value="Alternative codes på serviceRequest.code"/><description value="Ekstensjon som muliggjør å legge til flere koder som alternative codes på serviceRequest.code"/><exampleBoolean value="false"/><groupingId value="-str-extension"/></resource><resource><extension url="http://hl7.org/fhir/tools/StructureDefinition/resource-sort"><valueInteger value="999999999"/></extension><extension url="http://hl7.org/fhir/StructureDefinition/implementationguide-page"><valueUri value="StructureDefinition-hn-extension-free-slot-planningHorizon.html"/></extension><reference><reference value="StructureDefinition/hn-extension-free-slot-planningHorizon"/></reference><name value="Periode for første og siste ledige slot i timebok"/><description value="Periode for første og siste ledige slot i timebok. Tid og referanse"/><exampleBoolean value="false"/><groupingId value="-str-extension"/></resource><resource><extension url="http://hl7.org/fhir/tools/StructureDefinition/resource-sort"><valueInteger value="999999999"/></extension><extension url="http://hl7.org/fhir/StructureDefinition/implementationguide-page"><valueUri value="StructureDefinition-hn-extension-representant.html"/></extension><reference><reference value="StructureDefinition/hn-extension-representant"/></reference><name value="Representant"/><description value="Person som representerer en annen etter avtale, vedtakk mm."/><exampleBoolean value="false"/><groupingId value="-str-extension"/></resource><resource><extension url="http://hl7.org/fhir/tools/StructureDefinition/resource-sort"><valueInteger value="999999999"/></extension><extension url="http://hl7.org/fhir/StructureDefinition/implementationguide-page"><valueUri value="StructureDefinition-hn-extension-varselorganisasjon.html"/></extension><reference><reference value="StructureDefinition/hn-extension-varselorganisasjon"/></reference><name value="Varselorganisasjon"/><description value="Varselorganisasjon som kjem frem i varsel til innbygger."/><exampleBoolean value="false"/><groupingId value="-str-extension"/></resource><resource><extension url="http://hl7.org/fhir/tools/StructureDefinition/resource-sort"><valueInteger value="999999999"/></extension><extension url="http://hl7.org/fhir/StructureDefinition/implementationguide-page"><valueUri value="ValueSet-cs-8116-Dnr-Fnr-vs.html"/></extension><reference><reference value="ValueSet/cs-8116-Dnr-Fnr-vs"/></reference><name value="DNR og FNR fra Volven 8116"/><description value="ValueSet basert på 8116 som inkluderer kun FNR og DNR"/><exampleBoolean value="false"/><groupingId value="-term-valueset"/></resource><resource><extension url="http://hl7.org/fhir/tools/StructureDefinition/resource-sort"><valueInteger value="999999999"/></extension><extension url="http://hl7.org/fhir/StructureDefinition/implementationguide-page"><valueUri value="ValueSet-serviceRequest-category-vs.html"/></extension><reference><reference value="ValueSet/serviceRequest-category-vs"/></reference><name value="ServiceRequest Category Value Set"/><description value="Kode som klassifiserer tjenesten for søk, sortering og visningsformål. (flere koder vil leggest til senere)"/><exampleBoolean value="false"/><groupingId value="-term-valueset"/></resource><resource><extension url="http://hl7.org/fhir/tools/StructureDefinition/resource-sort"><valueInteger value="999999999"/></extension><extension url="http://hl7.org/fhir/StructureDefinition/implementationguide-page"><valueUri value="ValueSet-serviceRequest-performerType-vs.html"/></extension><reference><reference value="ValueSet/serviceRequest-performerType-vs"/></reference><name value="ServiceRequest PerformerType Value Set"/><description value="Koder for valgte profesjonstyper."/><exampleBoolean value="false"/><groupingId value="-term-valueset"/></resource><resource><extension url="http://hl7.org/fhir/tools/StructureDefinition/resource-sort"><valueInteger value="999999999"/></extension><extension url="http://hl7.org/fhir/StructureDefinition/implementationguide-page"><valueUri value="ValueSet-hn-schedule-type-vs.html"/></extension><reference><reference value="ValueSet/hn-schedule-type-vs"/></reference><name value="hn-schedule-type-vs"/><description value="Value set for schedule type"/><exampleBoolean value="false"/><groupingId value="-term-valueset"/></resource><resource><extension url="http://hl7.org/fhir/tools/StructureDefinition/resource-sort"><valueInteger value="999999999"/></extension><extension url="http://hl7.org/fhir/StructureDefinition/implementationguide-page"><valueUri value="ValueSet-hn-scheduleandslot-type-vs.html"/></extension><reference><reference value="ValueSet/hn-scheduleandslot-type-vs"/></reference><name value="hn-scheduleandslot-type-vs"/><description value="Value set for schedule and slot type"/><exampleBoolean value="false"/><groupingId value="-term-valueset"/></resource><resource><extension url="http://hl7.org/fhir/tools/StructureDefinition/resource-sort"><valueInteger value="999999999"/></extension><extension url="http://hl7.org/fhir/StructureDefinition/implementationguide-page"><valueUri value="CodeSystem-no-kodeverk-1101.codesystem.html"/></extension><reference><reference value="CodeSystem/no-kodeverk-1101.codesystem"/></reference><name value="1101 Ja, nei"/><description value="Dette kodeverket inneholder koder for å angi svar Ja eller Nei."/><exampleBoolean value="false"/><groupingId value="-term-codesystem"/></resource><resource><extension url="http://hl7.org/fhir/tools/StructureDefinition/resource-sort"><valueInteger value="999999999"/></extension><extension url="http://hl7.org/fhir/StructureDefinition/implementationguide-page"><valueUri value="CodeSystem-no-kodeverk-3108.codesystem.html"/></extension><reference><reference value="CodeSystem/no-kodeverk-3108.codesystem"/></reference><name value="3108 Reservasjon mot registrering"/><description value="Opplysning om pasienten holdning til registrering av informasjon i register"/><exampleBoolean value="false"/><groupingId value="-term-codesystem"/></resource><resource><extension url="http://hl7.org/fhir/tools/StructureDefinition/resource-sort"><valueInteger value="999999999"/></extension><extension url="http://hl7.org/fhir/StructureDefinition/implementationguide-page"><valueUri value="CodeSystem-no-kodeverk-4101.codesystem.html"/></extension><reference><reference value="CodeSystem/no-kodeverk-4101.codesystem"/></reference><name value="4101 Betalingskategori"/><description value="Dette kodeverket inneholder koder som benyttes for å angi hvem som er betalingsansvarlig."/><exampleBoolean value="false"/><groupingId value="-term-codesystem"/></resource><resource><extension url="http://hl7.org/fhir/tools/StructureDefinition/resource-sort"><valueInteger value="999999999"/></extension><extension url="http://hl7.org/fhir/StructureDefinition/implementationguide-page"><valueUri value="CodeSystem-no-kodeverk-7303.codesystem.html"/></extension><reference><reference value="CodeSystem/no-kodeverk-7303.codesystem"/></reference><name value="7303 Svarrapporteringsprioritet"/><description value="Svarrapporteringsprioritet. Kodeverket har ikke noen beskrivelse."/><exampleBoolean value="false"/><groupingId value="-term-codesystem"/></resource><resource><extension url="http://hl7.org/fhir/tools/StructureDefinition/resource-sort"><valueInteger value="999999999"/></extension><extension url="http://hl7.org/fhir/StructureDefinition/implementationguide-page"><valueUri value="CodeSystem-no-kodeverk-7305.codesystem.html"/></extension><reference><reference value="CodeSystem/no-kodeverk-7305.codesystem"/></reference><name value="7305 Moderator"/><description value="Tilleggsopplysning til diagnose."/><exampleBoolean value="false"/><groupingId value="-term-codesystem"/></resource><resource><extension url="http://hl7.org/fhir/tools/StructureDefinition/resource-sort"><valueInteger value="999999999"/></extension><extension url="http://hl7.org/fhir/StructureDefinition/implementationguide-page"><valueUri value="CodeSystem-no-kodeverk-7611.codesystem.html"/></extension><reference><reference value="CodeSystem/no-kodeverk-7611.codesystem"/></reference><name value="7611 Representasjonsrolle."/><description value="Dersom en innbygger benytter dialogtjenester på vegne av pasient fra helsenorge.no så skal informasjon om hvem som benytter tjeneste oppgis vha. objektet Pasientrelasjon. Pasienten oppgis som vanlig under patient-tagen i Hodemeldingen, mens personen som benytter en dialogtjeneste på vegne av pasienten skal oppgis i objektet Pasientrelasjon. Relasjon angir her representasjonsolle person som benytter tjeneste har til pasient."/><exampleBoolean value="false"/><groupingId value="-term-codesystem"/></resource><resource><extension url="http://hl7.org/fhir/tools/StructureDefinition/resource-sort"><valueInteger value="999999999"/></extension><extension url="http://hl7.org/fhir/StructureDefinition/implementationguide-page"><valueUri value="CodeSystem-no-kodeverk-7617.codesystem.html"/></extension><reference><reference value="CodeSystem/no-kodeverk-7617.codesystem"/></reference><name value="7617 Timetype innbyggerportal"/><description value="Tilleggsopplysning til diagnose."/><exampleBoolean value="false"/><groupingId value="-term-codesystem"/></resource><resource><extension url="http://hl7.org/fhir/tools/StructureDefinition/resource-sort"><valueInteger value="999999999"/></extension><extension url="http://hl7.org/fhir/StructureDefinition/implementationguide-page"><valueUri value="CodeSystem-no-kodeverk-8116.codesystem.html"/></extension><reference><reference value="CodeSystem/no-kodeverk-8116.codesystem"/></reference><name value="8116 ID-type for personer"/><description value="Angir type identifikator for personer."/><exampleBoolean value="false"/><groupingId value="-term-codesystem"/></resource><resource><extension url="http://hl7.org/fhir/tools/StructureDefinition/resource-sort"><valueInteger value="999999999"/></extension><extension url="http://hl7.org/fhir/StructureDefinition/implementationguide-page"><valueUri value="CodeSystem-no-kodeverk-8202.codesystem.html"/></extension><reference><reference value="CodeSystem/no-kodeverk-8202.codesystem"/></reference><name value="8202 Type laboratoriemelding"/><description value="Fagområde innen laboratoriemedisin og bildediagnstikk. Benyttes for å angi type svarrapport"/><exampleBoolean value="false"/><groupingId value="-term-codesystem"/></resource><resource><extension url="http://hl7.org/fhir/tools/StructureDefinition/resource-sort"><valueInteger value="999999999"/></extension><extension url="http://hl7.org/fhir/StructureDefinition/implementationguide-page"><valueUri value="CodeSystem-no-kodeverk-8212.codesystem.html"/></extension><reference><reference value="CodeSystem/no-kodeverk-8212.codesystem"/></reference><name value="8212 Uspesifisert laboratoriekodeverk"/><description value="Dette kodeverk skal benyttes i tilfeller der det er uavklart hvilket type koder som skal være med i en melding. Kodeverket inneholder ingen koder"/><exampleBoolean value="false"/><groupingId value="-term-codesystem"/></resource><resource><extension url="http://hl7.org/fhir/tools/StructureDefinition/resource-sort"><valueInteger value="999999999"/></extension><extension url="http://hl7.org/fhir/StructureDefinition/implementationguide-page"><valueUri value="CodeSystem-no-kodeverk-8216.codesystem.html"/></extension><reference><reference value="CodeSystem/no-kodeverk-8216.codesystem"/></reference><name value="8216 Kodeverk for cytologisk materiale"/><description value="Gynekologisk materiale eller annet cytologisk materiale som er tatt for cytologiske undersøkelser. Kodene dekker opp valgmuligheter fra standard rekvisisjonsskjema for cytologiske undersøkelser."/><exampleBoolean value="false"/><groupingId value="-term-codesystem"/></resource><resource><extension url="http://hl7.org/fhir/tools/StructureDefinition/resource-sort"><valueInteger value="999999999"/></extension><extension url="http://hl7.org/fhir/StructureDefinition/implementationguide-page"><valueUri value="CodeSystem-no-kodeverk-8219.codesystem.html"/></extension><reference><reference value="CodeSystem/no-kodeverk-8219.codesystem"/></reference><name value="8219 Kodeverk for patologisk-anatomiske undersøkelser"/><description value="Kodene beskriver ulike typer patologi-undersøkelser."/><exampleBoolean value="false"/><groupingId value="-term-codesystem"/></resource><resource><extension url="http://hl7.org/fhir/tools/StructureDefinition/resource-sort"><valueInteger value="999999999"/></extension><extension url="http://hl7.org/fhir/StructureDefinition/implementationguide-page"><valueUri value="CodeSystem-no-kodeverk-8231.codesystem.html"/></extension><reference><reference value="CodeSystem/no-kodeverk-8231.codesystem"/></reference><name value="8231 Type tekstsvar"/><description value="Begrunnelse for rekvisisjon/henvisning"/><exampleBoolean value="false"/><groupingId value="-term-codesystem"/></resource><resource><extension url="http://hl7.org/fhir/tools/StructureDefinition/resource-sort"><valueInteger value="999999999"/></extension><extension url="http://hl7.org/fhir/StructureDefinition/implementationguide-page"><valueUri value="CodeSystem-no-kodeverk-8232.codesystem.html"/></extension><reference><reference value="CodeSystem/no-kodeverk-8232.codesystem"/></reference><name value="8232 Forbehandling"/><description value="Forberedelse før undersøkelse"/><exampleBoolean value="false"/><groupingId value="-term-codesystem"/></resource><resource><extension url="http://hl7.org/fhir/tools/StructureDefinition/resource-sort"><valueInteger value="999999999"/></extension><extension url="http://hl7.org/fhir/StructureDefinition/implementationguide-page"><valueUri value="CodeSystem-no-kodeverk-8234.codesystem.html"/></extension><reference><reference value="CodeSystem/no-kodeverk-8234.codesystem"/></reference><name value="8234 Type tekstsvar i kommentar til rekvisisjon og henvisning"/><description value="Type tekstsvar i kommentar til rekvisisjon og henvisning. kodeverket har ikke noen beskrivelse."/><exampleBoolean value="false"/><groupingId value="-term-codesystem"/></resource><resource><extension url="http://hl7.org/fhir/tools/StructureDefinition/resource-sort"><valueInteger value="999999999"/></extension><extension url="http://hl7.org/fhir/StructureDefinition/implementationguide-page"><valueUri value="CodeSystem-no-kodeverk-8239.codesystem.html"/></extension><reference><reference value="CodeSystem/no-kodeverk-8239.codesystem"/></reference><name value="8239 Forholdsoperatorer i svarrapportering av medisinske tjenester"/><description value="Forholdsoperatorer i svarrapportering av medisinske tjeneste"/><exampleBoolean value="false"/><groupingId value="-term-codesystem"/></resource><resource><extension url="http://hl7.org/fhir/tools/StructureDefinition/resource-sort"><valueInteger value="999999999"/></extension><extension url="http://hl7.org/fhir/StructureDefinition/implementationguide-page"><valueUri value="CodeSystem-no-kodeverk-8243.codesystem.html"/></extension><reference><reference value="CodeSystem/no-kodeverk-8243.codesystem"/></reference><name value="8243 Type tekstsvar i tekstlig resultat i svarrapportering av medisinske tjenester"/><description value="Type tekstsvar i tekstlig resultat i svarrapportering av medisinske tjenester"/><exampleBoolean value="false"/><groupingId value="-term-codesystem"/></resource><resource><extension url="http://hl7.org/fhir/tools/StructureDefinition/resource-sort"><valueInteger value="999999999"/></extension><extension url="http://hl7.org/fhir/StructureDefinition/implementationguide-page"><valueUri value="CodeSystem-no-kodeverk-8244.codesystem.html"/></extension><reference><reference value="CodeSystem/no-kodeverk-8244.codesystem"/></reference><name value="8244 Avviksmarkør i svarrapportering av medisinske tjenester"/><description value="Angir svarverdi i forhold til referansegrense"/><exampleBoolean value="false"/><groupingId value="-term-codesystem"/></resource><resource><extension url="http://hl7.org/fhir/tools/StructureDefinition/resource-sort"><valueInteger value="999999999"/></extension><extension url="http://hl7.org/fhir/StructureDefinition/implementationguide-page"><valueUri value="CodeSystem-no-kodeverk-8245.codesystem.html"/></extension><reference><reference value="CodeSystem/no-kodeverk-8245.codesystem"/></reference><name value="8245 Status for resultat i svarrapportering av medisinske tjenester"/><description value="Benyttes for å angi status/steg i arbeidsflyt for en enkelt lab- /røntgenundersøkelse."/><exampleBoolean value="false"/><groupingId value="-term-codesystem"/></resource><resource><extension url="http://hl7.org/fhir/tools/StructureDefinition/resource-sort"><valueInteger value="999999999"/></extension><extension url="http://hl7.org/fhir/StructureDefinition/implementationguide-page"><valueUri value="CodeSystem-no-kodeverk-8264.codesystem.html"/></extension><reference><reference value="CodeSystem/no-kodeverk-8264.codesystem"/></reference><name value="8264 Tjenestekoder for timereservasjon"/><description value="Foreløpig kodeverk basert på tilgjengelige tjenester. Anvendes til booking av time."/><exampleBoolean value="false"/><groupingId value="-term-codesystem"/></resource><resource><extension url="http://hl7.org/fhir/tools/StructureDefinition/resource-sort"><valueInteger value="999999999"/></extension><extension url="http://hl7.org/fhir/StructureDefinition/implementationguide-page"><valueUri value="CodeSystem-no-kodeverk-8268.codesystem.html"/></extension><reference><reference value="CodeSystem/no-kodeverk-8268.codesystem"/></reference><name value="8268 Type identifikator"/><description value="Angir type identifikator for person og virksomhet."/><exampleBoolean value="false"/><groupingId value="-term-codesystem"/></resource><resource><extension url="http://hl7.org/fhir/tools/StructureDefinition/resource-sort"><valueInteger value="999999999"/></extension><extension url="http://hl7.org/fhir/StructureDefinition/implementationguide-page"><valueUri value="CodeSystem-no-kodeverk-8269.codesystem.html"/></extension><reference><reference value="CodeSystem/no-kodeverk-8269.codesystem"/></reference><name value="8269 Kommentar til svarrapport"/><description value="Kodet kommentar til svarrapport"/><exampleBoolean value="false"/><groupingId value="-term-codesystem"/></resource><resource><extension url="http://hl7.org/fhir/tools/StructureDefinition/resource-sort"><valueInteger value="999999999"/></extension><extension url="http://hl7.org/fhir/StructureDefinition/implementationguide-page"><valueUri value="CodeSystem-no-kodeverk-8271.codesystem.html"/></extension><reference><reference value="CodeSystem/no-kodeverk-8271.codesystem"/></reference><name value="8271 Resistens"/><description value="Svarverdier til bruk i resistensbestemmelser (SIR)"/><exampleBoolean value="false"/><groupingId value="-term-codesystem"/></resource><resource><extension url="http://hl7.org/fhir/tools/StructureDefinition/resource-sort"><valueInteger value="999999999"/></extension><extension url="http://hl7.org/fhir/StructureDefinition/implementationguide-page"><valueUri value="CodeSystem-no-kodeverk-8272.codesystem.html"/></extension><reference><reference value="CodeSystem/no-kodeverk-8272.codesystem"/></reference><name value="8272 Anbefaling om ny undersøkelse"/><description value="Anbefaling om ny undersøkelse."/><exampleBoolean value="false"/><groupingId value="-term-codesystem"/></resource><resource><extension url="http://hl7.org/fhir/tools/StructureDefinition/resource-sort"><valueInteger value="999999999"/></extension><extension url="http://hl7.org/fhir/StructureDefinition/implementationguide-page"><valueUri value="CodeSystem-no-kodeverk-8273.codesystem.html"/></extension><reference><reference value="CodeSystem/no-kodeverk-8273.codesystem"/></reference><name value="8273 Hastegrad"/><description value="Anbefalt tidsperspektiv for tiltak."/><exampleBoolean value="false"/><groupingId value="-term-codesystem"/></resource><resource><extension url="http://hl7.org/fhir/tools/StructureDefinition/resource-sort"><valueInteger value="999999999"/></extension><extension url="http://hl7.org/fhir/StructureDefinition/implementationguide-page"><valueUri value="CodeSystem-no-kodeverk-8274.codesystem.html"/></extension><reference><reference value="CodeSystem/no-kodeverk-8274.codesystem"/></reference><name value="8274 Anbefaling om supplerende undersøkelser"/><description value="Om rekvirenten gir tjenesteyter tillatelse til å utføre ytterligere undersøkelser eller andre tiltak basert på resultater og medisinskfaglig skjønn."/><exampleBoolean value="false"/><groupingId value="-term-codesystem"/></resource><resource><extension url="http://hl7.org/fhir/tools/StructureDefinition/resource-sort"><valueInteger value="999999999"/></extension><extension url="http://hl7.org/fhir/StructureDefinition/implementationguide-page"><valueUri value="CodeSystem-no-kodeverk-8275.codesystem.html"/></extension><reference><reference value="CodeSystem/no-kodeverk-8275.codesystem"/></reference><name value="8275 Cytologisk materiale tatt med"/><description value="Cytologisk materiale tatt med."/><exampleBoolean value="false"/><groupingId value="-term-codesystem"/></resource><resource><extension url="http://hl7.org/fhir/tools/StructureDefinition/resource-sort"><valueInteger value="999999999"/></extension><extension url="http://hl7.org/fhir/StructureDefinition/implementationguide-page"><valueUri value="CodeSystem-no-kodeverk-8327.codesystem.html"/></extension><reference><reference value="CodeSystem/no-kodeverk-8327.codesystem"/></reference><name value="8327 Offisiell personidentifikasjon"/><description value="Angir type identifikator for person"/><exampleBoolean value="false"/><groupingId value="-term-codesystem"/></resource><resource><extension url="http://hl7.org/fhir/tools/StructureDefinition/resource-sort"><valueInteger value="999999999"/></extension><extension url="http://hl7.org/fhir/StructureDefinition/implementationguide-page"><valueUri value="CodeSystem-no-kodeverk-8340.codesystem.html"/></extension><reference><reference value="CodeSystem/no-kodeverk-8340.codesystem"/></reference><name value="8340 Tekstlige resultatverdier for mikrobiologiske svar"/><description value="Kodeverk for tekstlig resultatverdier til bruk i svar av mikrobiologiske laboratorieundersøkelser."/><exampleBoolean value="false"/><groupingId value="-term-codesystem"/></resource><resource><extension url="http://hl7.org/fhir/tools/StructureDefinition/resource-sort"><valueInteger value="999999999"/></extension><extension url="http://hl7.org/fhir/StructureDefinition/implementationguide-page"><valueUri value="CodeSystem-no-kodeverk-8351.codesystem.html"/></extension><reference><reference value="CodeSystem/no-kodeverk-8351.codesystem"/></reference><name value="8351 Prøvemateriale"/><description value="Kodeverk for prøvemateriale til bruk i rekvisisjon og svar av laboratorieundersøkelser."/><exampleBoolean value="false"/><groupingId value="-term-codesystem"/></resource><resource><extension url="http://hl7.org/fhir/tools/StructureDefinition/resource-sort"><valueInteger value="999999999"/></extension><extension url="http://hl7.org/fhir/StructureDefinition/implementationguide-page"><valueUri value="CodeSystem-no-kodeverk-8406.codesystem.html"/></extension><reference><reference value="CodeSystem/no-kodeverk-8406.codesystem"/></reference><name value="8406 Omsorgsnivå"/><description value="Dette kodeverket inneholder koder for avvikling."/><exampleBoolean value="false"/><groupingId value="-term-codesystem"/></resource><resource><extension url="http://hl7.org/fhir/tools/StructureDefinition/resource-sort"><valueInteger value="999999999"/></extension><extension url="http://hl7.org/fhir/StructureDefinition/implementationguide-page"><valueUri value="CodeSystem-no-kodeverk-8432.codesystem.html"/></extension><reference><reference value="CodeSystem/no-kodeverk-8432.codesystem"/></reference><name value="8432 Kontakttype"/><description value="Dette kodeverket inneholder koder som katogoriserer type kontakter. Gjelder for polikliniske konsultasjoner og dagbehandlinger etc."/><exampleBoolean value="false"/><groupingId value="-term-codesystem"/></resource><resource><extension url="http://hl7.org/fhir/tools/StructureDefinition/resource-sort"><valueInteger value="999999999"/></extension><extension url="http://hl7.org/fhir/StructureDefinition/implementationguide-page"><valueUri value="CodeSystem-no-kodeverk-8445.codesystem.html"/></extension><reference><reference value="CodeSystem/no-kodeverk-8445.codesystem"/></reference><name value="8445 Ventetid sluttkode"/><description value="Dette kodeverket inneholder koder for avvikling."/><exampleBoolean value="false"/><groupingId value="-term-codesystem"/></resource><resource><extension url="http://hl7.org/fhir/tools/StructureDefinition/resource-sort"><valueInteger value="999999999"/></extension><extension url="http://hl7.org/fhir/StructureDefinition/implementationguide-page"><valueUri value="CodeSystem-no-kodeverk-8446.codesystem.html"/></extension><reference><reference value="CodeSystem/no-kodeverk-8446.codesystem"/></reference><name value="8446 Utsettelseskode"/><description value="Dette kodeverket inneholder koder som beskriver grunner for utsettelse."/><exampleBoolean value="false"/><groupingId value="-term-codesystem"/></resource><resource><extension url="http://hl7.org/fhir/tools/StructureDefinition/resource-sort"><valueInteger value="999999999"/></extension><extension url="http://hl7.org/fhir/StructureDefinition/implementationguide-page"><valueUri value="CodeSystem-no-kodeverk-8624.codesystem.html"/></extension><reference><reference value="CodeSystem/no-kodeverk-8624.codesystem"/></reference><name value="8624 Organisatorisk betegnelse"/><description value="Hvilken type enheten er, hva enheten kalles lokalt. Valg av term har ingen betydning for bestemmelse av nivå eller hierarkisk plassering. Betydningen av slike ord varierer mye fra organisasjon til organisasjon."/><exampleBoolean value="false"/><groupingId value="-term-codesystem"/></resource><resource><extension url="http://hl7.org/fhir/tools/StructureDefinition/resource-sort"><valueInteger value="999999999"/></extension><extension url="http://hl7.org/fhir/StructureDefinition/implementationguide-page"><valueUri value="CodeSystem-no-kodeverk-8628.codesystem.html"/></extension><reference><reference value="CodeSystem/no-kodeverk-8628.codesystem"/></reference><name value="8628 Organisatorisk nivå"/><description value="Kodeverket er ikke lengre nødvendig i OK 2007. Så lenge applikasjonen RESH krever kode for dette vil det fortsatt være en del av OK 2007."/><exampleBoolean value="false"/><groupingId value="-term-codesystem"/></resource><resource><extension url="http://hl7.org/fhir/tools/StructureDefinition/resource-sort"><valueInteger value="999999999"/></extension><extension url="http://hl7.org/fhir/StructureDefinition/implementationguide-page"><valueUri value="CodeSystem-no-kodeverk-9033.codesystem.html"/></extension><reference><reference value="CodeSystem/no-kodeverk-9033.codesystem"/></reference><name value="9033 Slektskap mv. til pasient"/><description value="Dette kodeverket inneholder koder som benyttes for å angi hvilket slektskap eller annet forhold , det er mellom pasienten og den pårørende."/><exampleBoolean value="false"/><groupingId value="-term-codesystem"/></resource><resource><extension url="http://hl7.org/fhir/tools/StructureDefinition/resource-sort"><valueInteger value="999999999"/></extension><extension url="http://hl7.org/fhir/StructureDefinition/implementationguide-page"><valueUri value="CodeSystem-no-kodeverk-9060.codesystem.html"/></extension><reference><reference value="CodeSystem/no-kodeverk-9060.codesystem"/></reference><name value="9060 Kategori helsepersonell"/><description value="Kodeverket inneholder koder som benyttes for å kategorisere helsepersonell med autorisasjon etter Helsepersonelloven § 48, og dyrehelsepersonell med autorisasjon etter Dyrehelsepersonelloven § 4."/><exampleBoolean value="false"/><groupingId value="-term-codesystem"/></resource><resource><extension url="http://hl7.org/fhir/tools/StructureDefinition/resource-sort"><valueInteger value="999999999"/></extension><extension url="http://hl7.org/fhir/StructureDefinition/implementationguide-page"><valueUri value="CodeSystem-no-kodeverk-9505.codesystem.html"/></extension><reference><reference value="CodeSystem/no-kodeverk-9505.codesystem"/></reference><name value="9505 Alderstrinn"/><description value="Dette kodeverket inneholder koder som benyttes for å identifisere de faste alderstrinn (intervall) som er relevante i forbindelse med arbeidet på helsestasjoner og i skolehelsetjenesten."/><exampleBoolean value="false"/><groupingId value="-term-codesystem"/></resource><resource><extension url="http://hl7.org/fhir/tools/StructureDefinition/resource-sort"><valueInteger value="999999999"/></extension><extension url="http://hl7.org/fhir/StructureDefinition/implementationguide-page"><valueUri value="CodeSystem-no-kodeverk-9603.codesystem.html"/></extension><reference><reference value="CodeSystem/no-kodeverk-9603.codesystem"/></reference><name value="9603 Sperring og nekting av dokumenter"/><description value="Kodeverket benyttes for å angi sperring og nekting av dokumenter. Opprettet for bruk i HIS 1169:2016 IHE XDS metadata inntil en nasjonal løsning for tilgangsstyring/håndtering av sperring er etablert."/><exampleBoolean value="false"/><groupingId value="-term-codesystem"/></resource><resource><extension url="http://hl7.org/fhir/tools/StructureDefinition/resource-sort"><valueInteger value="999999999"/></extension><extension url="http://hl7.org/fhir/StructureDefinition/implementationguide-page"><valueUri value="CodeSystem-hn-scheduleAndSlot-type-cs.html"/></extension><reference><reference value="CodeSystem/hn-scheduleAndSlot-type-cs"/></reference><name value="Codes that should be used for schedule and SlotType."/><description value="Codes that should be used for schedule and SlotType."/><exampleBoolean value="false"/><groupingId value="-term-codesystem"/></resource><resource><extension url="http://hl7.org/fhir/tools/StructureDefinition/resource-sort"><valueInteger value="999999999"/></extension><extension url="http://hl7.org/fhir/StructureDefinition/implementationguide-page"><valueUri value="CodeSystem-hn-schedule-type-cs.html"/></extension><reference><reference value="CodeSystem/hn-schedule-type-cs"/></reference><name value="Codes that should be used for schedule type"/><description value="Codes that should be used for schedule type."/><exampleBoolean value="false"/><groupingId value="-term-codesystem"/></resource><resource><extension url="http://hl7.org/fhir/tools/StructureDefinition/resource-sort"><valueInteger value="999999999"/></extension><extension url="http://hl7.org/fhir/StructureDefinition/implementationguide-page"><valueUri value="CodeSystem-no-kodeverk-ICD-10.codesystem.html"/></extension><reference><reference value="CodeSystem/no-kodeverk-ICD-10.codesystem"/></reference><name value="ICD-10"/><description value="Klassifikasjon av sykdommer og beslektede helseproblemer."/><exampleBoolean value="false"/><groupingId value="-term-codesystem"/></resource><resource><extension url="http://hl7.org/fhir/tools/StructureDefinition/resource-sort"><valueInteger value="999999999"/></extension><extension url="http://hl7.org/fhir/StructureDefinition/implementationguide-page"><valueUri value="CodeSystem-no-kodeverk-7270-ncrp.codesystem.html"/></extension><reference><reference value="CodeSystem/no-kodeverk-7270-ncrp.codesystem"/></reference><name value="NCRP"/><description value="Kodeverk for radiologi og nukleærmedisin. Kodeverket skal brukes for å dokumentere og skal kunne brukes for å bestille radiologiske tjenester. Det skal benyttes for både polikliniske og innlagte pasienter. Fra 1. januar 2012 har det vært obligatorisk å bruke dette kodeverket for å rapportere poliklinisk radiologisk aktivitet både for offentlige og private virksomheter."/><exampleBoolean value="false"/><groupingId value="-term-codesystem"/></resource><resource><extension url="http://hl7.org/fhir/tools/StructureDefinition/resource-sort"><valueInteger value="999999999"/></extension><extension url="http://hl7.org/fhir/StructureDefinition/implementationguide-page"><valueUri value="CodeSystem-no-kodeverk-7280-nlk.codesystem.html"/></extension><reference><reference value="CodeSystem/no-kodeverk-7280-nlk.codesystem"/></reference><name value="Norsk laboratoriekodeverk"/><description value="Norsk laboratoriekodverk er et felles kodeverk for laboratorieanalyser utarbeidet i samarbeid med de laboratoriefaglige miljøene fordelt på 6 spesialiteter: Immunologi og transfusjonsmedisin, Klinisk farmakologi, Medisinsk biokjemi, Medisinsk genetikk, Medisinsk mikrobiologi og Patologi."/><exampleBoolean value="false"/><groupingId value="-term-codesystem"/></resource><resource><extension url="http://hl7.org/fhir/tools/StructureDefinition/resource-sort"><valueInteger value="999999999"/></extension><extension url="http://hl7.org/fhir/StructureDefinition/implementationguide-page"><valueUri value="CodeSystem-no-kodeverk-7010-norpat.codesystem.html"/></extension><reference><reference value="CodeSystem/no-kodeverk-7010-norpat.codesystem"/></reference><name value="Norsk patologikodeverk (NORPAT)"/><description value="Norsk patologikodeverk er et kodeverk som benyttes ved norske patologiavdelinger. Kodeverket ble utarbeidet av Den norske patologforenings kode- og nomenklaturutvalg i samarbeid med KITH på grunnlag av The Systematized Nomenclature of Medicine (SNOMED, 1984). Endret navn fra Den norske SNOMED til Norsk patologikodeverk 3. november 2015."/><exampleBoolean value="false"/><groupingId value="-term-codesystem"/></resource><resource><extension url="http://hl7.org/fhir/tools/StructureDefinition/resource-sort"><valueInteger value="999999999"/></extension><extension url="http://hl7.org/fhir/StructureDefinition/implementationguide-page"><valueUri value="CodeSystem-hn-kodeverk-varsling.codesystem.html"/></extension><reference><reference value="CodeSystem/hn-kodeverk-varsling.codesystem"/></reference><name value="Varsling"/><description value="Angir om innbygger skal varsles når en ekstern aktør lagrer eller endrer en ressurs på Helsenorge. I tillegg hvordan avsender organisasjonen skal framstå (navn) i SMS- og e-post varsler til innbygger."/><exampleBoolean value="false"/><groupingId value="-term-codesystem"/></resource><resource><extension url="http://hl7.org/fhir/tools/StructureDefinition/resource-sort"><valueInteger value="999999999"/></extension><extension url="http://hl7.org/fhir/StructureDefinition/implementationguide-page"><valueUri value="NamingSystem-no-basis-apotekenes-konsesjonsnr.html"/></extension><reference><reference value="NamingSystem/no-basis-apotekenes-konsesjonsnr"/></reference><name value="no-basis-apotekenes-konsesjonsnr"/><description value="Ved utstedelse av apotekkonsesjon for et nytt apotek tildeles et apotekkonsesjonsnummer. Konsesjonsnummeret er et firesifret nummer, i en nummerserie som starter på 1001, som er unikt for hvert apotek. Tildeles av Statens legemiddelverk."/><exampleBoolean value="false"/><groupingId value="-term-namingsystem"/></resource><resource><extension url="http://hl7.org/fhir/tools/StructureDefinition/resource-sort"><valueInteger value="999999999"/></extension><extension url="http://hl7.org/fhir/StructureDefinition/implementationguide-page"><valueUri value="NamingSystem-no-basis-dnummer.html"/></extension><reference><reference value="NamingSystem/no-basis-dnummer"/></reference><name value="no-basis-dnummer"/><description value="Personidentifikator for personer som ikke har fødselsnummer og som ikke skal registreres som bosatt i Norge. The D-nummer of the patient. (assigned by the norwegian Skatteetaten)"/><exampleBoolean value="false"/><groupingId value="-term-namingsystem"/></resource><resource><extension url="http://hl7.org/fhir/tools/StructureDefinition/resource-sort"><valueInteger value="999999999"/></extension><extension url="http://hl7.org/fhir/StructureDefinition/implementationguide-page"><valueUri value="NamingSystem-no-basis-foedselsnummer.html"/></extension><reference><reference value="NamingSystem/no-basis-foedselsnummer"/></reference><name value="no-basis-foedselsnummer"/><description value="Fødselsnummer is the official identification of a Norwegian citizen and is registered in the repository called folkeregisteret. Fødselsnummer is a 11-digit number containing 2 control digits."/><exampleBoolean value="false"/><groupingId value="-term-namingsystem"/></resource><resource><extension url="http://hl7.org/fhir/tools/StructureDefinition/resource-sort"><valueInteger value="999999999"/></extension><extension url="http://hl7.org/fhir/StructureDefinition/implementationguide-page"><valueUri value="NamingSystem-no-basis-her-id.html"/></extension><reference><reference value="NamingSystem/no-basis-her-id"/></reference><name value="no-basis-her-id"/><description value="Identifikator for kommunikasjonsparter i Helsenettet.."/><exampleBoolean value="false"/><groupingId value="-term-namingsystem"/></resource><resource><extension url="http://hl7.org/fhir/tools/StructureDefinition/resource-sort"><valueInteger value="999999999"/></extension><extension url="http://hl7.org/fhir/StructureDefinition/implementationguide-page"><valueUri value="NamingSystem-no-basis-orgnr.html"/></extension><reference><reference value="NamingSystem/no-basis-orgnr"/></reference><name value="no-basis-orgnr"/><description value="Nisifret, informasjonsløst nummer som entydig identifiserer virksomheter i Enhetsregisteret"/><exampleBoolean value="false"/><groupingId value="-term-namingsystem"/></resource><resource><extension url="http://hl7.org/fhir/tools/StructureDefinition/resource-sort"><valueInteger value="999999999"/></extension><extension url="http://hl7.org/fhir/StructureDefinition/implementationguide-page"><valueUri value="NamingSystem-no-basis-resh-id.html"/></extension><reference><reference value="NamingSystem/no-basis-resh-id"/></reference><name value="no-basis-resh-id"/><description value="Identifikator for enheter i spesialisthelsetjenesten."/><exampleBoolean value="false"/><groupingId value="-term-namingsystem"/></resource><resource><extension url="http://hl7.org/fhir/tools/StructureDefinition/resource-sort"><valueInteger value="999999999"/></extension><extension url="http://hl7.org/fhir/StructureDefinition/implementationguide-page"><valueUri value="Observation-Eksempel-representasjon-i-meta-security.html"/></extension><reference><reference value="Observation/Eksempel-representasjon-i-meta-security"/></reference><name value="Eksempel-representasjon-i-meta-security"/><description value="Eksempel av bruk av extension for representasjon i meta.security og extension for varselsorganisasjon i meta.tag."/><exampleBoolean value="true"/><groupingId value="-ex-example"/></resource><resource><extension url="http://hl7.org/fhir/tools/StructureDefinition/resource-sort"><valueInteger value="999999999"/></extension><extension url="http://hl7.org/fhir/StructureDefinition/implementationguide-page"><valueUri value="Schedule-Eksempel-schedule-poliklinikk.html"/></extension><reference><reference value="Schedule/Eksempel-schedule-poliklinikk"/></reference><name value="Eksempel-schedule-poliklinikk"/><description value="Schedule for Lab"/><exampleCanonical value="http://helsenorge.no/fhir/StructureDefinition/hn-basis-schedule"/><groupingId value="-ex-example"/></resource><resource><extension url="http://hl7.org/fhir/tools/StructureDefinition/resource-sort"><valueInteger value="999999999"/></extension><extension url="http://hl7.org/fhir/StructureDefinition/implementationguide-page"><valueUri value="Schedule-Eksempel-schedule-vaksine.html"/></extension><reference><reference value="Schedule/Eksempel-schedule-vaksine"/></reference><name value="Eksempel-schedule-vaksine"/><description value="Schedule for vaksine timer"/><exampleCanonical value="http://helsenorge.no/fhir/StructureDefinition/hn-basis-schedule"/><groupingId value="-ex-example"/></resource><resource><extension url="http://hl7.org/fhir/tools/StructureDefinition/resource-sort"><valueInteger value="999999999"/></extension><extension url="http://hl7.org/fhir/StructureDefinition/implementationguide-page"><valueUri value="Patient-PatientExample.html"/></extension><reference><reference value="Patient/PatientExample"/></reference><name value="PatientExample"/><description value="An example of a patient with a license to krill."/><exampleCanonical value="http://helsenorge.no/fhir/StructureDefinition/MyPatient"/><groupingId value="-ex-example"/></resource><resource><extension url="http://hl7.org/fhir/tools/StructureDefinition/resource-sort"><valueInteger value="999999999"/></extension><extension url="http://hl7.org/fhir/StructureDefinition/implementationguide-page"><valueUri value="Schedule-Schedule-Fastlege-Hans-Hansen.html"/></extension><reference><reference value="Schedule/Schedule-Fastlege-Hans-Hansen"/></reference><name value="Schedule-Fastlege-Hans-Hansen"/><description value="Schedule for Fastlege Hans Hansen"/><exampleCanonical value="http://helsenorge.no/fhir/StructureDefinition/hn-basis-schedule"/><groupingId value="-ex-example"/></resource><resource><extension url="http://hl7.org/fhir/tools/StructureDefinition/resource-sort"><valueInteger value="999999999"/></extension><extension url="http://hl7.org/fhir/StructureDefinition/implementationguide-page"><valueUri value="Schedule-Schedule-Koronavaksine.html"/></extension><reference><reference value="Schedule/Schedule-Koronavaksine"/></reference><name value="Schedule-Koronavaksine"/><description value="Schedule for Koronavaksine"/><exampleCanonical value="http://helsenorge.no/fhir/StructureDefinition/hn-basis-schedule"/><groupingId value="-ex-example"/></resource><resource><extension url="http://hl7.org/fhir/tools/StructureDefinition/resource-sort"><valueInteger value="999999999"/></extension><extension url="http://hl7.org/fhir/StructureDefinition/implementationguide-page"><valueUri value="Schedule-Schedule-Lab.html"/></extension><reference><reference value="Schedule/Schedule-Lab"/></reference><name value="Schedule-Lab"/><description value="Schedule for Lab på legekontoret"/><exampleCanonical value="http://helsenorge.no/fhir/StructureDefinition/hn-basis-schedule"/><groupingId value="-ex-example"/></resource><resource><extension url="http://hl7.org/fhir/tools/StructureDefinition/resource-sort"><valueInteger value="999999999"/></extension><extension url="http://hl7.org/fhir/StructureDefinition/implementationguide-page"><valueUri value="Schedule-Schedule-Vikar-September-August.html"/></extension><reference><reference value="Schedule/Schedule-Vikar-September-August"/></reference><name value="Schedule-Vikar-September-August"/><description value="Schedule for Vikar September August"/><exampleCanonical value="http://helsenorge.no/fhir/StructureDefinition/hn-basis-schedule"/><groupingId value="-ex-example"/></resource><resource><extension url="http://hl7.org/fhir/tools/StructureDefinition/resource-sort"><valueInteger value="999999999"/></extension><extension url="http://hl7.org/fhir/StructureDefinition/implementationguide-page"><valueUri value="Patient-example-girl.html"/></extension><reference><reference value="Patient/example-girl"/></reference><name value="example-girl"/><description value="Eksampel pasient"/><exampleBoolean value="true"/><groupingId value="-ex-example"/></resource><resource><extension url="http://hl7.org/fhir/tools/StructureDefinition/resource-sort"><valueInteger value="999999999"/></extension><extension url="http://hl7.org/fhir/StructureDefinition/implementationguide-page"><valueUri value="ServiceRequest-hn-basis-serviceRequest-example.html"/></extension><reference><reference value="ServiceRequest/hn-basis-serviceRequest-example"/></reference><name value="hn-basis-serviceRequest-example"/><exampleCanonical value="http://helsenorge.no/fhir/StructureDefinition/hn-basis-serviceRequest"/><groupingId value="-ex-example"/></resource><resource><extension url="http://hl7.org/fhir/tools/StructureDefinition/resource-sort"><valueInteger value="999999999"/></extension><extension url="http://hl7.org/fhir/StructureDefinition/implementationguide-page"><valueUri value="RelatedPerson-line-danser.html"/></extension><reference><reference value="RelatedPerson/line-danser"/></reference><name value="line-danser"/><description value="Eksampel pårørende"/><exampleBoolean value="true"/><groupingId value="-ex-example"/></resource><page><extension url="http://hl7.org/fhir/tools/StructureDefinition/ig-page-name"><valueUrl value="toc.html"/></extension><nameUrl value="toc.html"/><title value="Table of Contents"/><generation value="html"/><page><extension url="http://hl7.org/fhir/tools/StructureDefinition/ig-page-name"><valueUrl value="index.html"/></extension><nameUrl value="index.html"/><title value="Home"/><generation value="markdown"/></page><page><extension url="http://hl7.org/fhir/tools/StructureDefinition/ig-page-name"><valueUrl value="download.html"/></extension><nameUrl value="download.html"/><title value="Download"/><generation value="markdown"/></page><page><extension url="http://hl7.org/fhir/tools/StructureDefinition/ig-page-name"><valueUrl value="artifacts.html"/></extension><nameUrl value="artifacts.html"/><title value="Artifacts Summary"/><generation value="html"/><page><extension url="http://hl7.org/fhir/tools/StructureDefinition/ig-page-name"><valueUrl value="StructureDefinition-hn-basis-schedule.html"/></extension><nameUrl value="StructureDefinition-hn-basis-schedule.html"/><title value="HnBasisSchedule"/><generation value="generated"/></page><page><extension url="http://hl7.org/fhir/tools/StructureDefinition/ig-page-name"><valueUrl value="StructureDefinition-hn-basis-serviceRequest.html"/></extension><nameUrl value="StructureDefinition-hn-basis-serviceRequest.html"/><title value="HnBasisServiceRequest"/><generation value="generated"/></page><page><extension url="http://hl7.org/fhir/tools/StructureDefinition/ig-page-name"><valueUrl value="StructureDefinition-hn-basis-slot.html"/></extension><nameUrl value="StructureDefinition-hn-basis-slot.html"/><title value="HnBasisSlot"/><generation value="generated"/></page><page><extension url="http://hl7.org/fhir/tools/StructureDefinition/ig-page-name"><valueUrl value="StructureDefinition-MyPatient.html"/></extension><nameUrl value="StructureDefinition-MyPatient.html"/><title value="MyPatient"/><generation value="generated"/></page><page><extension url="http://hl7.org/fhir/tools/StructureDefinition/ig-page-name"><valueUrl value="StructureDefinition-NoVitalSignsObservationBloodpressure.html"/></extension><nameUrl value="StructureDefinition-NoVitalSignsObservationBloodpressure.html"/><title value="NO VitalSigns Observation - Blood Pressure"/><generation value="generated"/></page><page><extension url="http://hl7.org/fhir/tools/StructureDefinition/ig-page-name"><valueUrl value="StructureDefinition-additional-code.html"/></extension><nameUrl value="StructureDefinition-additional-code.html"/><title value="Alternative codes på serviceRequest.code"/><generation value="generated"/></page><page><extension url="http://hl7.org/fhir/tools/StructureDefinition/ig-page-name"><valueUrl value="StructureDefinition-hn-extension-free-slot-planningHorizon.html"/></extension><nameUrl value="StructureDefinition-hn-extension-free-slot-planningHorizon.html"/><title value="Periode for første og siste ledige slot i timebok"/><generation value="generated"/></page><page><extension url="http://hl7.org/fhir/tools/StructureDefinition/ig-page-name"><valueUrl value="StructureDefinition-hn-extension-representant.html"/></extension><nameUrl value="StructureDefinition-hn-extension-representant.html"/><title value="Representant"/><generation value="generated"/></page><page><extension url="http://hl7.org/fhir/tools/StructureDefinition/ig-page-name"><valueUrl value="StructureDefinition-hn-extension-varselorganisasjon.html"/></extension><nameUrl value="StructureDefinition-hn-extension-varselorganisasjon.html"/><title value="Varselorganisasjon"/><generation value="generated"/></page><page><extension url="http://hl7.org/fhir/tools/StructureDefinition/ig-page-name"><valueUrl value="ValueSet-cs-8116-Dnr-Fnr-vs.html"/></extension><nameUrl value="ValueSet-cs-8116-Dnr-Fnr-vs.html"/><title value="DNR og FNR fra Volven 8116"/><generation value="generated"/></page><page><extension url="http://hl7.org/fhir/tools/StructureDefinition/ig-page-name"><valueUrl value="ValueSet-hn-schedule-type-vs.html"/></extension><nameUrl value="ValueSet-hn-schedule-type-vs.html"/><title value="hn-schedule-type-vs"/><generation value="generated"/></page><page><extension url="http://hl7.org/fhir/tools/StructureDefinition/ig-page-name"><valueUrl value="ValueSet-hn-scheduleandslot-type-vs.html"/></extension><nameUrl value="ValueSet-hn-scheduleandslot-type-vs.html"/><title value="hn-scheduleandslot-type-vs"/><generation value="generated"/></page><page><extension url="http://hl7.org/fhir/tools/StructureDefinition/ig-page-name"><valueUrl value="ValueSet-serviceRequest-category-vs.html"/></extension><nameUrl value="ValueSet-serviceRequest-category-vs.html"/><title value="ServiceRequest Category Value Set"/><generation value="generated"/></page><page><extension url="http://hl7.org/fhir/tools/StructureDefinition/ig-page-name"><valueUrl value="ValueSet-serviceRequest-performerType-vs.html"/></extension><nameUrl value="ValueSet-serviceRequest-performerType-vs.html"/><title value="ServiceRequest PerformerType Value Set"/><generation value="generated"/></page><page><extension url="http://hl7.org/fhir/tools/StructureDefinition/ig-page-name"><valueUrl value="CodeSystem-no-kodeverk-1101.codesystem.html"/></extension><nameUrl value="CodeSystem-no-kodeverk-1101.codesystem.html"/><title value="1101 Ja, nei"/><generation value="generated"/></page><page><extension url="http://hl7.org/fhir/tools/StructureDefinition/ig-page-name"><valueUrl value="CodeSystem-no-kodeverk-3108.codesystem.html"/></extension><nameUrl value="CodeSystem-no-kodeverk-3108.codesystem.html"/><title value="3108 Reservasjon mot registrering"/><generation value="generated"/></page><page><extension url="http://hl7.org/fhir/tools/StructureDefinition/ig-page-name"><valueUrl value="CodeSystem-no-kodeverk-4101.codesystem.html"/></extension><nameUrl value="CodeSystem-no-kodeverk-4101.codesystem.html"/><title value="4101 Betalingskategori"/><generation value="generated"/></page><page><extension url="http://hl7.org/fhir/tools/StructureDefinition/ig-page-name"><valueUrl value="CodeSystem-no-kodeverk-7303.codesystem.html"/></extension><nameUrl value="CodeSystem-no-kodeverk-7303.codesystem.html"/><title value="7303 Svarrapporteringsprioritet"/><generation value="generated"/></page><page><extension url="http://hl7.org/fhir/tools/StructureDefinition/ig-page-name"><valueUrl value="CodeSystem-no-kodeverk-7305.codesystem.html"/></extension><nameUrl value="CodeSystem-no-kodeverk-7305.codesystem.html"/><title value="7305 Moderator"/><generation value="generated"/></page><page><extension url="http://hl7.org/fhir/tools/StructureDefinition/ig-page-name"><valueUrl value="CodeSystem-no-kodeverk-7611.codesystem.html"/></extension><nameUrl value="CodeSystem-no-kodeverk-7611.codesystem.html"/><title value="7611 Representasjonsrolle."/><generation value="generated"/></page><page><extension url="http://hl7.org/fhir/tools/StructureDefinition/ig-page-name"><valueUrl value="CodeSystem-no-kodeverk-7617.codesystem.html"/></extension><nameUrl value="CodeSystem-no-kodeverk-7617.codesystem.html"/><title value="7617 Timetype innbyggerportal"/><generation value="generated"/></page><page><extension url="http://hl7.org/fhir/tools/StructureDefinition/ig-page-name"><valueUrl value="CodeSystem-no-kodeverk-8116.codesystem.html"/></extension><nameUrl value="CodeSystem-no-kodeverk-8116.codesystem.html"/><title value="8116 ID-type for personer"/><generation value="generated"/></page><page><extension url="http://hl7.org/fhir/tools/StructureDefinition/ig-page-name"><valueUrl value="CodeSystem-no-kodeverk-8202.codesystem.html"/></extension><nameUrl value="CodeSystem-no-kodeverk-8202.codesystem.html"/><title value="8202 Type laboratoriemelding"/><generation value="generated"/></page><page><extension url="http://hl7.org/fhir/tools/StructureDefinition/ig-page-name"><valueUrl value="CodeSystem-no-kodeverk-8212.codesystem.html"/></extension><nameUrl value="CodeSystem-no-kodeverk-8212.codesystem.html"/><title value="8212 Uspesifisert laboratoriekodeverk"/><generation value="generated"/></page><page><extension url="http://hl7.org/fhir/tools/StructureDefinition/ig-page-name"><valueUrl value="CodeSystem-no-kodeverk-8216.codesystem.html"/></extension><nameUrl value="CodeSystem-no-kodeverk-8216.codesystem.html"/><title value="8216 Kodeverk for cytologisk materiale"/><generation value="generated"/></page><page><extension url="http://hl7.org/fhir/tools/StructureDefinition/ig-page-name"><valueUrl value="CodeSystem-no-kodeverk-8219.codesystem.html"/></extension><nameUrl value="CodeSystem-no-kodeverk-8219.codesystem.html"/><title value="8219 Kodeverk for patologisk-anatomiske undersøkelser"/><generation value="generated"/></page><page><extension url="http://hl7.org/fhir/tools/StructureDefinition/ig-page-name"><valueUrl value="CodeSystem-no-kodeverk-8231.codesystem.html"/></extension><nameUrl value="CodeSystem-no-kodeverk-8231.codesystem.html"/><title value="8231 Type tekstsvar"/><generation value="generated"/></page><page><extension url="http://hl7.org/fhir/tools/StructureDefinition/ig-page-name"><valueUrl value="CodeSystem-no-kodeverk-8232.codesystem.html"/></extension><nameUrl value="CodeSystem-no-kodeverk-8232.codesystem.html"/><title value="8232 Forbehandling"/><generation value="generated"/></page><page><extension url="http://hl7.org/fhir/tools/StructureDefinition/ig-page-name"><valueUrl value="CodeSystem-no-kodeverk-8234.codesystem.html"/></extension><nameUrl value="CodeSystem-no-kodeverk-8234.codesystem.html"/><title value="8234 Type tekstsvar i kommentar til rekvisisjon og henvisning"/><generation value="generated"/></page><page><extension url="http://hl7.org/fhir/tools/StructureDefinition/ig-page-name"><valueUrl value="CodeSystem-no-kodeverk-8239.codesystem.html"/></extension><nameUrl value="CodeSystem-no-kodeverk-8239.codesystem.html"/><title value="8239 Forholdsoperatorer i svarrapportering av medisinske tjenester"/><generation value="generated"/></page><page><extension url="http://hl7.org/fhir/tools/StructureDefinition/ig-page-name"><valueUrl value="CodeSystem-no-kodeverk-8243.codesystem.html"/></extension><nameUrl value="CodeSystem-no-kodeverk-8243.codesystem.html"/><title value="8243 Type tekstsvar i tekstlig resultat i svarrapportering av medisinske tjenester"/><generation value="generated"/></page><page><extension url="http://hl7.org/fhir/tools/StructureDefinition/ig-page-name"><valueUrl value="CodeSystem-no-kodeverk-8244.codesystem.html"/></extension><nameUrl value="CodeSystem-no-kodeverk-8244.codesystem.html"/><title value="8244 Avviksmarkør i svarrapportering av medisinske tjenester"/><generation value="generated"/></page><page><extension url="http://hl7.org/fhir/tools/StructureDefinition/ig-page-name"><valueUrl value="CodeSystem-no-kodeverk-8245.codesystem.html"/></extension><nameUrl value="CodeSystem-no-kodeverk-8245.codesystem.html"/><title value="8245 Status for resultat i svarrapportering av medisinske tjenester"/><generation value="generated"/></page><page><extension url="http://hl7.org/fhir/tools/StructureDefinition/ig-page-name"><valueUrl value="CodeSystem-no-kodeverk-8264.codesystem.html"/></extension><nameUrl value="CodeSystem-no-kodeverk-8264.codesystem.html"/><title value="8264 Tjenestekoder for timereservasjon"/><generation value="generated"/></page><page><extension url="http://hl7.org/fhir/tools/StructureDefinition/ig-page-name"><valueUrl value="CodeSystem-no-kodeverk-8268.codesystem.html"/></extension><nameUrl value="CodeSystem-no-kodeverk-8268.codesystem.html"/><title value="8268 Type identifikator"/><generation value="generated"/></page><page><extension url="http://hl7.org/fhir/tools/StructureDefinition/ig-page-name"><valueUrl value="CodeSystem-no-kodeverk-8269.codesystem.html"/></extension><nameUrl value="CodeSystem-no-kodeverk-8269.codesystem.html"/><title value="8269 Kommentar til svarrapport"/><generation value="generated"/></page><page><extension url="http://hl7.org/fhir/tools/StructureDefinition/ig-page-name"><valueUrl value="CodeSystem-no-kodeverk-8271.codesystem.html"/></extension><nameUrl value="CodeSystem-no-kodeverk-8271.codesystem.html"/><title value="8271 Resistens"/><generation value="generated"/></page><page><extension url="http://hl7.org/fhir/tools/StructureDefinition/ig-page-name"><valueUrl value="CodeSystem-no-kodeverk-8272.codesystem.html"/></extension><nameUrl value="CodeSystem-no-kodeverk-8272.codesystem.html"/><title value="8272 Anbefaling om ny undersøkelse"/><generation value="generated"/></page><page><extension url="http://hl7.org/fhir/tools/StructureDefinition/ig-page-name"><valueUrl value="CodeSystem-no-kodeverk-8273.codesystem.html"/></extension><nameUrl value="CodeSystem-no-kodeverk-8273.codesystem.html"/><title value="8273 Hastegrad"/><generation value="generated"/></page><page><extension url="http://hl7.org/fhir/tools/StructureDefinition/ig-page-name"><valueUrl value="CodeSystem-no-kodeverk-8274.codesystem.html"/></extension><nameUrl value="CodeSystem-no-kodeverk-8274.codesystem.html"/><title value="8274 Anbefaling om supplerende undersøkelser"/><generation value="generated"/></page><page><extension url="http://hl7.org/fhir/tools/StructureDefinition/ig-page-name"><valueUrl value="CodeSystem-no-kodeverk-8275.codesystem.html"/></extension><nameUrl value="CodeSystem-no-kodeverk-8275.codesystem.html"/><title value="8275 Cytologisk materiale tatt med"/><generation value="generated"/></page><page><extension url="http://hl7.org/fhir/tools/StructureDefinition/ig-page-name"><valueUrl value="CodeSystem-no-kodeverk-8327.codesystem.html"/></extension><nameUrl value="CodeSystem-no-kodeverk-8327.codesystem.html"/><title value="8327 Offisiell personidentifikasjon"/><generation value="generated"/></page><page><extension url="http://hl7.org/fhir/tools/StructureDefinition/ig-page-name"><valueUrl value="CodeSystem-no-kodeverk-8340.codesystem.html"/></extension><nameUrl value="CodeSystem-no-kodeverk-8340.codesystem.html"/><title value="8340 Tekstlige resultatverdier for mikrobiologiske svar"/><generation value="generated"/></page><page><extension url="http://hl7.org/fhir/tools/StructureDefinition/ig-page-name"><valueUrl value="CodeSystem-no-kodeverk-8351.codesystem.html"/></extension><nameUrl value="CodeSystem-no-kodeverk-8351.codesystem.html"/><title value="8351 Prøvemateriale"/><generation value="generated"/></page><page><extension url="http://hl7.org/fhir/tools/StructureDefinition/ig-page-name"><valueUrl value="CodeSystem-no-kodeverk-8406.codesystem.html"/></extension><nameUrl value="CodeSystem-no-kodeverk-8406.codesystem.html"/><title value="8406 Omsorgsnivå"/><generation value="generated"/></page><page><extension url="http://hl7.org/fhir/tools/StructureDefinition/ig-page-name"><valueUrl value="CodeSystem-no-kodeverk-8432.codesystem.html"/></extension><nameUrl value="CodeSystem-no-kodeverk-8432.codesystem.html"/><title value="8432 Kontakttype"/><generation value="generated"/></page><page><extension url="http://hl7.org/fhir/tools/StructureDefinition/ig-page-name"><valueUrl value="CodeSystem-no-kodeverk-8445.codesystem.html"/></extension><nameUrl value="CodeSystem-no-kodeverk-8445.codesystem.html"/><title value="8445 Ventetid sluttkode"/><generation value="generated"/></page><page><extension url="http://hl7.org/fhir/tools/StructureDefinition/ig-page-name"><valueUrl value="CodeSystem-no-kodeverk-8446.codesystem.html"/></extension><nameUrl value="CodeSystem-no-kodeverk-8446.codesystem.html"/><title value="8446 Utsettelseskode"/><generation value="generated"/></page><page><extension url="http://hl7.org/fhir/tools/StructureDefinition/ig-page-name"><valueUrl value="CodeSystem-no-kodeverk-8624.codesystem.html"/></extension><nameUrl value="CodeSystem-no-kodeverk-8624.codesystem.html"/><title value="8624 Organisatorisk betegnelse"/><generation value="generated"/></page><page><extension url="http://hl7.org/fhir/tools/StructureDefinition/ig-page-name"><valueUrl value="CodeSystem-no-kodeverk-8628.codesystem.html"/></extension><nameUrl value="CodeSystem-no-kodeverk-8628.codesystem.html"/><title value="8628 Organisatorisk nivå"/><generation value="generated"/></page><page><extension url="http://hl7.org/fhir/tools/StructureDefinition/ig-page-name"><valueUrl value="CodeSystem-no-kodeverk-9033.codesystem.html"/></extension><nameUrl value="CodeSystem-no-kodeverk-9033.codesystem.html"/><title value="9033 Slektskap mv. til pasient"/><generation value="generated"/></page><page><extension url="http://hl7.org/fhir/tools/StructureDefinition/ig-page-name"><valueUrl value="CodeSystem-no-kodeverk-9060.codesystem.html"/></extension><nameUrl value="CodeSystem-no-kodeverk-9060.codesystem.html"/><title value="9060 Kategori helsepersonell"/><generation value="generated"/></page><page><extension url="http://hl7.org/fhir/tools/StructureDefinition/ig-page-name"><valueUrl value="CodeSystem-no-kodeverk-9505.codesystem.html"/></extension><nameUrl value="CodeSystem-no-kodeverk-9505.codesystem.html"/><title value="9505 Alderstrinn"/><generation value="generated"/></page><page><extension url="http://hl7.org/fhir/tools/StructureDefinition/ig-page-name"><valueUrl value="CodeSystem-no-kodeverk-9603.codesystem.html"/></extension><nameUrl value="CodeSystem-no-kodeverk-9603.codesystem.html"/><title value="9603 Sperring og nekting av dokumenter"/><generation value="generated"/></page><page><extension url="http://hl7.org/fhir/tools/StructureDefinition/ig-page-name"><valueUrl value="CodeSystem-hn-scheduleAndSlot-type-cs.html"/></extension><nameUrl value="CodeSystem-hn-scheduleAndSlot-type-cs.html"/><title value="Codes that should be used for schedule and SlotType."/><generation value="generated"/></page><page><extension url="http://hl7.org/fhir/tools/StructureDefinition/ig-page-name"><valueUrl value="CodeSystem-hn-schedule-type-cs.html"/></extension><nameUrl value="CodeSystem-hn-schedule-type-cs.html"/><title value="Codes that should be used for schedule type"/><generation value="generated"/></page><page><extension url="http://hl7.org/fhir/tools/StructureDefinition/ig-page-name"><valueUrl value="CodeSystem-no-kodeverk-ICD-10.codesystem.html"/></extension><nameUrl value="CodeSystem-no-kodeverk-ICD-10.codesystem.html"/><title value="ICD-10"/><generation value="generated"/></page><page><extension url="http://hl7.org/fhir/tools/StructureDefinition/ig-page-name"><valueUrl value="CodeSystem-no-kodeverk-7270-ncrp.codesystem.html"/></extension><nameUrl value="CodeSystem-no-kodeverk-7270-ncrp.codesystem.html"/><title value="NCRP"/><generation value="generated"/></page><page><extension url="http://hl7.org/fhir/tools/StructureDefinition/ig-page-name"><valueUrl value="CodeSystem-no-kodeverk-7280-nlk.codesystem.html"/></extension><nameUrl value="CodeSystem-no-kodeverk-7280-nlk.codesystem.html"/><title value="Norsk laboratoriekodeverk"/><generation value="generated"/></page><page><extension url="http://hl7.org/fhir/tools/StructureDefinition/ig-page-name"><valueUrl value="CodeSystem-no-kodeverk-7010-norpat.codesystem.html"/></extension><nameUrl value="CodeSystem-no-kodeverk-7010-norpat.codesystem.html"/><title value="Norsk patologikodeverk (NORPAT)"/><generation value="generated"/></page><page><extension url="http://hl7.org/fhir/tools/StructureDefinition/ig-page-name"><valueUrl value="CodeSystem-hn-kodeverk-varsling.codesystem.html"/></extension><nameUrl value="CodeSystem-hn-kodeverk-varsling.codesystem.html"/><title value="Varsling"/><generation value="generated"/></page><page><extension url="http://hl7.org/fhir/tools/StructureDefinition/ig-page-name"><valueUrl value="NamingSystem-no-basis-apotekenes-konsesjonsnr.html"/></extension><nameUrl value="NamingSystem-no-basis-apotekenes-konsesjonsnr.html"/><title value="no-basis-apotekenes-konsesjonsnr"/><generation value="generated"/></page><page><extension url="http://hl7.org/fhir/tools/StructureDefinition/ig-page-name"><valueUrl value="NamingSystem-no-basis-dnummer.html"/></extension><nameUrl value="NamingSystem-no-basis-dnummer.html"/><title value="no-basis-dnummer"/><generation value="generated"/></page><page><extension url="http://hl7.org/fhir/tools/StructureDefinition/ig-page-name"><valueUrl value="NamingSystem-no-basis-foedselsnummer.html"/></extension><nameUrl value="NamingSystem-no-basis-foedselsnummer.html"/><title value="no-basis-foedselsnummer"/><generation value="generated"/></page><page><extension url="http://hl7.org/fhir/tools/StructureDefinition/ig-page-name"><valueUrl value="NamingSystem-no-basis-her-id.html"/></extension><nameUrl value="NamingSystem-no-basis-her-id.html"/><title value="no-basis-her-id"/><generation value="generated"/></page><page><extension url="http://hl7.org/fhir/tools/StructureDefinition/ig-page-name"><valueUrl value="NamingSystem-no-basis-orgnr.html"/></extension><nameUrl value="NamingSystem-no-basis-orgnr.html"/><title value="no-basis-orgnr"/><generation value="generated"/></page><page><extension url="http://hl7.org/fhir/tools/StructureDefinition/ig-page-name"><valueUrl value="NamingSystem-no-basis-resh-id.html"/></extension><nameUrl value="NamingSystem-no-basis-resh-id.html"/><title value="no-basis-resh-id"/><generation value="generated"/></page><page><extension url="http://hl7.org/fhir/tools/StructureDefinition/ig-page-name"><valueUrl value="Observation-Eksempel-representasjon-i-meta-security.html"/></extension><nameUrl value="Observation-Eksempel-representasjon-i-meta-security.html"/><title value="Eksempel-representasjon-i-meta-security"/><generation value="generated"/></page><page><extension url="http://hl7.org/fhir/tools/StructureDefinition/ig-page-name"><valueUrl value="Schedule-Eksempel-schedule-poliklinikk.html"/></extension><nameUrl value="Schedule-Eksempel-schedule-poliklinikk.html"/><title value="Eksempel-schedule-poliklinikk"/><generation value="generated"/></page><page><extension url="http://hl7.org/fhir/tools/StructureDefinition/ig-page-name"><valueUrl value="Schedule-Eksempel-schedule-vaksine.html"/></extension><nameUrl value="Schedule-Eksempel-schedule-vaksine.html"/><title value="Eksempel-schedule-vaksine"/><generation value="generated"/></page><page><extension url="http://hl7.org/fhir/tools/StructureDefinition/ig-page-name"><valueUrl value="Patient-example-girl.html"/></extension><nameUrl value="Patient-example-girl.html"/><title value="example-girl"/><generation value="generated"/></page><page><extension url="http://hl7.org/fhir/tools/StructureDefinition/ig-page-name"><valueUrl value="ServiceRequest-hn-basis-serviceRequest-example.html"/></extension><nameUrl value="ServiceRequest-hn-basis-serviceRequest-example.html"/><title value="hn-basis-serviceRequest-example"/><generation value="generated"/></page><page><extension url="http://hl7.org/fhir/tools/StructureDefinition/ig-page-name"><valueUrl value="RelatedPerson-line-danser.html"/></extension><nameUrl value="RelatedPerson-line-danser.html"/><title value="line-danser"/><generation value="generated"/></page><page><extension url="http://hl7.org/fhir/tools/StructureDefinition/ig-page-name"><valueUrl value="Patient-PatientExample.html"/></extension><nameUrl value="Patient-PatientExample.html"/><title value="PatientExample"/><generation value="generated"/></page><page><extension url="http://hl7.org/fhir/tools/StructureDefinition/ig-page-name"><valueUrl value="Schedule-Schedule-Fastlege-Hans-Hansen.html"/></extension><nameUrl value="Schedule-Schedule-Fastlege-Hans-Hansen.html"/><title value="Schedule-Fastlege-Hans-Hansen"/><generation value="generated"/></page><page><extension url="http://hl7.org/fhir/tools/StructureDefinition/ig-page-name"><valueUrl value="Schedule-Schedule-Koronavaksine.html"/></extension><nameUrl value="Schedule-Schedule-Koronavaksine.html"/><title value="Schedule-Koronavaksine"/><generation value="generated"/></page><page><extension url="http://hl7.org/fhir/tools/StructureDefinition/ig-page-name"><valueUrl value="Schedule-Schedule-Lab.html"/></extension><nameUrl value="Schedule-Schedule-Lab.html"/><title value="Schedule-Lab"/><generation value="generated"/></page><page><extension url="http://hl7.org/fhir/tools/StructureDefinition/ig-page-name"><valueUrl value="Schedule-Schedule-Vikar-September-August.html"/></extension><nameUrl value="Schedule-Schedule-Vikar-September-August.html"/><title value="Schedule-Vikar-September-August"/><generation value="generated"/></page></page></page><parameter><code value="path-resource"/><value value="input/capabilities"/></parameter><parameter><code value="path-resource"/><value value="input/examples"/></parameter><parameter><code value="path-resource"/><value value="input/extensions"/></parameter><parameter><code value="path-resource"/><value value="input/models"/></parameter><parameter><code value="path-resource"/><value value="input/operations"/></parameter><parameter><code value="path-resource"/><value value="input/profiles"/></parameter><parameter><code value="path-resource"/><value value="input/resources"/></parameter><parameter><code value="path-resource"/><value value="input/vocabulary"/></parameter><parameter><code value="path-resource"/><value value="input/maps"/></parameter><parameter><code value="path-resource"/><value value="input/testing"/></parameter><parameter><code value="path-resource"/><value value="input/history"/></parameter><parameter><code value="path-resource"/><value value="fsh-generated/resources"/></parameter><parameter><code value="path-pages"/><value value="template/config"/></parameter><parameter><code value="path-pages"/><value value="input/images"/></parameter><parameter><code value="path-tx-cache"/><value value="input-cache/txcache"/></parameter></definition></ImplementationGuide>