<?xml version="1.0" encoding="UTF-8"?><NamingSystem xmlns="http://hl7.org/fhir"><id value="no-basis-apotekenes-konsesjonsnr"/><text><status value="generated"/><div xmlns="http://www.w3.org/1999/xhtml"><p class="res-header-id"><b>Generated Narrative: NamingSystem no-basis-apotekenes-konsesjonsnr</b></p><a name="no-basis-apotekenes-konsesjonsnr"> </a><a name="hcno-basis-apotekenes-konsesjonsnr"> </a><a name="no-basis-apotekenes-konsesjonsnr-no-NO"> </a><h3>Summary</h3><table class="grid"><tr><td>Defining URL</td><td>http://helsenorge.no/fhir/NamingSystem/no-basis-apotekenes-konsesjonsnr</td></tr><tr><td>Version</td><td>1.2.1</td></tr><tr><td>Name</td><td>ApotekenesKonsesjonsnr</td></tr><tr><td>Status</td><td>active</td></tr><tr><td>Definition</td><td><div><p>Ved utstedelse av apotekkonsesjon for et nytt apotek tildeles et apotekkonsesjonsnummer. Konsesjonsnummeret er et firesifret nummer, i en nummerserie som starter på 1001, som er unikt for hvert apotek. Tildeles av Statens legemiddelverk.</p>
</div></td></tr></table><h3>Identifiers</h3><table class="grid"><tr><td><b>Type</b></td><td><b>Value</b></td><td><b>Preferred</b></td></tr><tr><td>URI</td><td>http://hl7.no/fhir/NamingSystem/AKO</td><td>false</td></tr><tr><td>OID</td><td>2.16.578.1.12.4.1.4.107</td><td>true</td></tr></table></div></text><extension url="http://hl7.org/fhir/5.0/StructureDefinition/extension-NamingSystem.url"><valueUri value="http://helsenorge.no/fhir/NamingSystem/no-basis-apotekenes-konsesjonsnr"/></extension><extension url="http://hl7.org/fhir/5.0/StructureDefinition/extension-NamingSystem.version"><valueString value="1.2.1"/></extension><name value="ApotekenesKonsesjonsnr"/><status value="active"/><kind value="identifier"/><date value="2022-02-10"/><responsible value="Statens legemiddelverk"/><description value="Ved utstedelse av apotekkonsesjon for et nytt apotek tildeles et apotekkonsesjonsnummer. Konsesjonsnummeret er et firesifret nummer, i en nummerserie som starter på 1001, som er unikt for hvert apotek. Tildeles av Statens legemiddelverk."/><jurisdiction><coding><system value="urn:iso:std:iso:3166"/><code value="NO"/><display value="Norway"/></coding></jurisdiction><uniqueId><type value="uri"/><value value="http://hl7.no/fhir/NamingSystem/AKO"/><preferred value="false"/></uniqueId><uniqueId><type value="oid"/><value value="2.16.578.1.12.4.1.4.107"/><preferred value="true"/></uniqueId></NamingSystem>