<?xml version="1.0" encoding="UTF-8"?><NamingSystem xmlns="http://hl7.org/fhir"><id value="no-basis-resh-id"/><text><status value="generated"/><div xmlns="http://www.w3.org/1999/xhtml"><p class="res-header-id"><b>Generated Narrative: NamingSystem no-basis-resh-id</b></p><a name="no-basis-resh-id"> </a><a name="hcno-basis-resh-id"> </a><a name="no-basis-resh-id-no-NO"> </a><h3>Summary</h3><table class="grid"><tr><td>Defining URL</td><td>http://helsenorge.no/fhir/NamingSystem/no-basis-resh-id</td></tr><tr><td>Version</td><td>1.3.0</td></tr><tr><td>Name</td><td>RESHid</td></tr><tr><td>Status</td><td>active</td></tr><tr><td>Definition</td><td><div><p>Identifikator for enheter i spesialisthelsetjenesten.</p>
</div></td></tr></table><h3>Identifiers</h3><table class="grid"><tr><td><b>Type</b></td><td><b>Value</b></td><td><b>Preferred</b></td></tr><tr><td>URI</td><td>http://hl7.no/fhir/NamingSystem/RESHid</td><td>false</td></tr><tr><td>OID</td><td>2.16.578.1.12.4.1.4.102</td><td>true</td></tr></table></div></text><extension url="http://hl7.org/fhir/5.0/StructureDefinition/extension-NamingSystem.url"><valueUri value="http://helsenorge.no/fhir/NamingSystem/no-basis-resh-id"/></extension><extension url="http://hl7.org/fhir/5.0/StructureDefinition/extension-NamingSystem.version"><valueString value="1.3.0"/></extension><name value="RESHid"/><status value="active"/><kind value="identifier"/><date value="2022-02-10"/><responsible value="Norsk helsenett"/><description value="Identifikator for enheter i spesialisthelsetjenesten."/><jurisdiction><coding><system value="urn:iso:std:iso:3166"/><code value="NO"/><display value="Norway"/></coding></jurisdiction><uniqueId><type value="uri"/><value value="http://hl7.no/fhir/NamingSystem/RESHid"/><preferred value="false"/></uniqueId><uniqueId><type value="oid"/><value value="2.16.578.1.12.4.1.4.102"/><preferred value="true"/></uniqueId></NamingSystem>