<?xml version="1.0" encoding="UTF-8"?><ValueSet xmlns="http://hl7.org/fhir"><id value="serviceRequest-category-vs"/><text><status value="generated"/><div xmlns="http://www.w3.org/1999/xhtml"><ul><li>Include these codes as defined in <a href="http://www.snomed.org/"><code>http://snomed.info/sct</code></a><table class="none"><tr><td style="white-space:nowrap"><b>Code</b></td><td><b>Display</b></td></tr><tr><td><a href="http://snomed.info/id/1269515004">1269515004</a></td><td>Face to face consultation with patient</td></tr><tr><td><a href="http://snomed.info/id/719410009">719410009</a></td><td>Consultation via video conference</td></tr></table></li></ul></div></text><url value="http://helsenorge.no/fhir/ValueSet/serviceRequest-category-vs"/><version value="0.2.0"/><name value="ServiceRequestCategoryVS"/><title value="ServiceRequest Category Value Set"/><status value="draft"/><experimental value="true"/><date value="2023-11-17T13:16:17+01:00"/><description value="Kode som klassifiserer tjenesten for søk, sortering og visningsformål. (flere koder vil leggest til senere)"/><jurisdiction><coding><system value="urn:iso:std:iso:3166"/><code value="NO"/><display value="Norway"/></coding></jurisdiction><compose><include><system value="http://snomed.info/sct"/><concept><code value="1269515004"/><display value="Face to face consultation with patient"/></concept><concept><code value="719410009"/><display value="Consultation via video conference"/></concept></include></compose></ValueSet>