<?xml version="1.0" encoding="UTF-8"?><ValueSet xmlns="http://hl7.org/fhir"><id value="hn-schedule-type-vs"/><text><status value="generated"/><div xmlns="http://www.w3.org/1999/xhtml"><p class="res-header-id"><b>Generated Narrative: ValueSet hn-schedule-type-vs</b></p><a name="hn-schedule-type-vs"> </a><a name="hchn-schedule-type-vs"> </a><a name="hn-schedule-type-vs-no-NO"> </a><ul><li>Include all codes defined in <a href="CodeSystem-hn-schedule-type-cs.html"><code>http://helsenorge.no/fhir/CodeSystem/hn-schedule-type-cs</code></a></li></ul></div></text><url value="http://helsenorge.no/fhir/ValueSet/hn-schedule-type-vs"/><version value="1.2.1"/><name value="HnScheduleTypeVS"/><title value="hn-schedule-type-vs"/><status value="draft"/><experimental value="true"/><date value="2025-07-07T08:59:22+02:00"/><description value="Value set for schedule type"/><jurisdiction><coding><system value="urn:iso:std:iso:3166"/><code value="NO"/><display value="Norway"/></coding></jurisdiction><compose><include><system value="http://helsenorge.no/fhir/CodeSystem/hn-schedule-type-cs"/></include></compose></ValueSet>