<?xml version="1.0" encoding="UTF-8"?><ValueSet xmlns="http://hl7.org/fhir"><id value="serviceRequest-code-vs"/><text><status value="generated"/><div xmlns="http://www.w3.org/1999/xhtml"><p>This value set includes codes based on the following rules:</p><ul><li>Include codes from <a href="http://www.snomed.org/"><code>http://snomed.info/sct</code></a> where concept  is-a  15220000 (null)</li><li>Include codes from <a href="http://www.snomed.org/"><code>http://snomed.info/sct</code></a> where concept  is-a  11429006 (null)</li><li>Include codes from <a href="http://www.snomed.org/"><code>http://snomed.info/sct</code></a> where concept  is-a  1237136005 (null)</li><li>Include these codes as defined in <a href="http://www.snomed.org/"><code>http://snomed.info/sct</code></a><table class="none"><tr><td style="white-space:nowrap"><b>Code</b></td><td><b>Display</b></td></tr><tr><td><a href="http://snomed.info/id/1269515004">1269515004</a></td><td>Face-to-face encounter</td></tr><tr><td><a href="http://snomed.info/id/719410009">719410009</a></td><td>Consultation via video conference</td></tr></table></li></ul><p>This value set excludes codes based on the following rules:</p><ul><li>Exclude these codes as defined in <a href="http://www.snomed.org/"><code>http://snomed.info/sct</code></a><table class="none"><tr><td style="white-space:nowrap"><b>Code</b></td><td><b>Display</b></td></tr><tr><td><a href="http://snomed.info/id/12843005">12843005</a></td><td>Subsequent hospital visit by physician</td></tr></table></li></ul></div></text><url value="http://helsenorge.no/fhir/ValueSet/serviceRequest-code-vs"/><version value="0.2.0"/><name value="ServiceRequestCodeVS"/><title value="ServiceRequest code Value Set"/><status value="draft"/><experimental value="true"/><date value="2023-11-15T00:11:46+01:00"/><description value="Kode for tjenesten for søkt om."/><jurisdiction><coding><system value="urn:iso:std:iso:3166"/><code value="NO"/><display value="Norway"/></coding></jurisdiction><compose><include><system value="http://snomed.info/sct"/><filter><property value="concept"/><op value="is-a"/><value value="15220000"/></filter></include><include><system value="http://snomed.info/sct"/><filter><property value="concept"/><op value="is-a"/><value value="11429006"/></filter></include><include><system value="http://snomed.info/sct"/><filter><property value="concept"/><op value="is-a"/><value value="1237136005"/></filter></include><include><system value="http://snomed.info/sct"/><concept><code value="1269515004"/><display value="Face-to-face encounter"/></concept><concept><code value="719410009"/><display value="Consultation via video conference"/></concept></include><exclude><system value="http://snomed.info/sct"/><concept><code value="12843005"/><display value="Subsequent hospital visit by physician"/></concept></exclude></compose></ValueSet>