{
  "resourceType" : "Bundle",
  "id" : "f2020187-0915-4379-bbc2-8ad907649e0e",
  "meta" : {
    "lastUpdated" : "2023-12-13T16:08:28.352+01:00"
  },
  "type" : "collection",
  "entry" : [{
    "fullUrl" : "http://helsenorge.no/fhir/ValueSet/serviceRequest-category-vs",
    "resource" : {
      "resourceType" : "ValueSet",
      "text" : {
        "status" : "generated",
        "div" : "<div xmlns=\"http://www.w3.org/1999/xhtml\"><p>This value set contains 2 concepts</p><div style=\"border: black 1px dotted; background-color: #EEEEEE; padding: 8px; margin-bottom: 8px\"><p>Expansion based on: </p><ul><li>SNOMED CT International edition 01-sep. 2023</li><li>SNOMED CT International edition 01-sep. 2023</li></ul></div><table class=\"codes\"><tr><td style=\"white-space:nowrap\"><b>Code</b></td><td><b>System</b></td><td><b>Display</b></td></tr><tr><td style=\"white-space:nowrap\"><a name=\"http---snomed.info-sct-1269515004\"> </a>\u00a0\u00a0<a href=\"http://snomed.info/id/1269515004\">1269515004</a></td><td>http://snomed.info/sct</td><td>Face to face consultation with patient</td></tr><tr><td style=\"white-space:nowrap\"><a name=\"http---snomed.info-sct-719410009\"> </a>\u00a0\u00a0<a href=\"http://snomed.info/id/719410009\">719410009</a></td><td>http://snomed.info/sct</td><td>Consultation via video conference</td></tr></table></div>"
      },
      "url" : "http://helsenorge.no/fhir/ValueSet/serviceRequest-category-vs",
      "version" : "0.2.0",
      "name" : "ServiceRequestCategoryVS",
      "title" : "ServiceRequest Category Value Set",
      "status" : "draft",
      "experimental" : true,
      "date" : "2023-12-13T16:08:28+01:00",
      "jurisdiction" : [{
        "coding" : [{
          "system" : "urn:iso:std:iso:3166",
          "code" : "NO",
          "display" : "Norway"
        }]
      }],
      "expansion" : {
        "identifier" : "urn:uuid:2342d780-5b09-4bde-a8e8-a76bd1b2035a",
        "timestamp" : "2023-12-13T16:08:58+01:00",
        "total" : 2,
        "parameter" : [{
          "name" : "excludeNested",
          "valueBoolean" : false
        },
        {
          "name" : "used-valueset",
          "valueUri" : "null"
        },
        {
          "name" : "limitedExpansion",
          "valueBoolean" : true
        },
        {
          "name" : "used-codesystem",
          "valueUri" : "http://snomed.info/sct|http://snomed.info/sct/900000000000207008/version/20230901"
        },
        {
          "name" : "version",
          "valueUri" : "http://snomed.info/sct|http://snomed.info/sct/900000000000207008/version/20230901"
        }],
        "contains" : [{
          "system" : "http://snomed.info/sct",
          "code" : "1269515004",
          "display" : "Face to face consultation with patient"
        },
        {
          "system" : "http://snomed.info/sct",
          "code" : "719410009",
          "display" : "Consultation via video conference"
        }]
      }
    }
  }]
}