{
  "resourceType" : "Bundle",
  "id" : "cc62d004-631f-4333-a6ae-74ad450b9adb",
  "meta" : {
    "lastUpdated" : "2025-02-12T17:25:34.386+01:00"
  },
  "type" : "collection",
  "entry" : [{
    "fullUrl" : "http://helsenorge.no/fhir/ValueSet/hn-schedule-type-vs",
    "resource" : {
      "resourceType" : "ValueSet",
      "text" : {
        "status" : "generated",
        "div" : "<div xmlns=\"http://www.w3.org/1999/xhtml\"><p class=\"res-header-id\"><b>Generated Narrative: ValueSet </b></p><p style=\"border: black 1px dotted; background-color: #EEEEEE; padding: 8px; margin-bottom: 8px\">Expansion done internally based on <a href=\"CodeSystem-hn-schedule-type-cs.html\">codesystem Codes that should be used for schedule type v1.1.0 (CodeSystem)</a></p><p>This value set contains 6 concepts</p><table class=\"codes\"><tr><td style=\"white-space:nowrap\"><b>Code</b></td><td><b>System</b></td><td><b>Display</b></td></tr><tr><td style=\"white-space:nowrap\"><a name=\"x-http://helsenorge.no/fhir/CodeSystem/hn-schedule-type-cs-Lab\"> </a>\u00a0\u00a0<a href=\"CodeSystem-hn-schedule-type-cs.html#hn-schedule-type-cs-Lab\">Lab</a></td><td>http://helsenorge.no/fhir/CodeSystem/hn-schedule-type-cs</td><td>Lab</td></tr><tr><td style=\"white-space:nowrap\"><a name=\"x-http://helsenorge.no/fhir/CodeSystem/hn-schedule-type-cs-Vaksine\"> </a>\u00a0\u00a0<a href=\"CodeSystem-hn-schedule-type-cs.html#hn-schedule-type-cs-Vaksine\">Vaksine</a></td><td>http://helsenorge.no/fhir/CodeSystem/hn-schedule-type-cs</td><td>Vaksine</td></tr><tr><td style=\"white-space:nowrap\"><a name=\"x-http://helsenorge.no/fhir/CodeSystem/hn-schedule-type-cs-Koronavaksine\"> </a>\u00a0\u00a0<a href=\"CodeSystem-hn-schedule-type-cs.html#hn-schedule-type-cs-Koronavaksine\">Koronavaksine</a></td><td>http://helsenorge.no/fhir/CodeSystem/hn-schedule-type-cs</td><td>Koronavaksine</td></tr><tr><td style=\"white-space:nowrap\"><a name=\"x-http://helsenorge.no/fhir/CodeSystem/hn-schedule-type-cs-Koronatest\"> </a>\u00a0\u00a0<a href=\"CodeSystem-hn-schedule-type-cs.html#hn-schedule-type-cs-Koronatest\">Koronatest</a></td><td>http://helsenorge.no/fhir/CodeSystem/hn-schedule-type-cs</td><td>Koronatest</td></tr><tr><td style=\"white-space:nowrap\"><a name=\"x-http://helsenorge.no/fhir/CodeSystem/hn-schedule-type-cs-Behandlertimebok\"> </a>\u00a0\u00a0<a href=\"CodeSystem-hn-schedule-type-cs.html#hn-schedule-type-cs-Behandlertimebok\">Behandlertimebok</a></td><td>http://helsenorge.no/fhir/CodeSystem/hn-schedule-type-cs</td><td>Behandlertimebok</td></tr><tr><td style=\"white-space:nowrap\"><a name=\"x-http://helsenorge.no/fhir/CodeSystem/hn-schedule-type-cs-Annen\"> </a>\u00a0\u00a0<a href=\"CodeSystem-hn-schedule-type-cs.html#hn-schedule-type-cs-Annen\">Annen</a></td><td>http://helsenorge.no/fhir/CodeSystem/hn-schedule-type-cs</td><td>Annen</td></tr></table></div>"
      },
      "url" : "http://helsenorge.no/fhir/ValueSet/hn-schedule-type-vs",
      "version" : "1.1.0",
      "name" : "HnScheduleTypeVS",
      "title" : "hn-schedule-type-vs",
      "status" : "draft",
      "experimental" : true,
      "date" : "2025-02-12T17:25:34+01:00",
      "jurisdiction" : [{
        "coding" : [{
          "system" : "urn:iso:std:iso:3166",
          "code" : "NO",
          "display" : "Norway"
        }]
      }],
      "expansion" : {
        "identifier" : "urn:uuid:25a7c56b-31a9-42cd-b836-146f4bdb122c",
        "timestamp" : "2025-02-12T17:26:14+01:00",
        "total" : 6,
        "offset" : 0,
        "parameter" : [{
          "name" : "count",
          "valueInteger" : 1000
        },
        {
          "name" : "offset",
          "valueInteger" : 0
        },
        {
          "name" : "excludeNested",
          "valueBoolean" : false
        },
        {
          "name" : "used-codesystem",
          "valueUri" : "http://helsenorge.no/fhir/CodeSystem/hn-schedule-type-cs|1.1.0"
        }],
        "contains" : [{
          "system" : "http://helsenorge.no/fhir/CodeSystem/hn-schedule-type-cs",
          "code" : "Lab",
          "display" : "Lab"
        },
        {
          "system" : "http://helsenorge.no/fhir/CodeSystem/hn-schedule-type-cs",
          "code" : "Vaksine",
          "display" : "Vaksine"
        },
        {
          "system" : "http://helsenorge.no/fhir/CodeSystem/hn-schedule-type-cs",
          "code" : "Koronavaksine",
          "display" : "Koronavaksine"
        },
        {
          "system" : "http://helsenorge.no/fhir/CodeSystem/hn-schedule-type-cs",
          "code" : "Koronatest",
          "display" : "Koronatest"
        },
        {
          "system" : "http://helsenorge.no/fhir/CodeSystem/hn-schedule-type-cs",
          "code" : "Behandlertimebok",
          "display" : "Behandlertimebok"
        },
        {
          "system" : "http://helsenorge.no/fhir/CodeSystem/hn-schedule-type-cs",
          "code" : "Annen",
          "display" : "Annen"
        }]
      }
    }
  },
  {
    "fullUrl" : "http://helsenorge.no/fhir/ValueSet/serviceRequest-category-vs",
    "resource" : {
      "resourceType" : "ValueSet",
      "text" : {
        "status" : "generated",
        "div" : "<div xmlns=\"http://www.w3.org/1999/xhtml\"><p class=\"res-header-id\"><b>Generated Narrative: ValueSet </b></p><p style=\"border: black 1px dotted; background-color: #EEEEEE; padding: 8px; margin-bottom: 8px\">Expansion done internally based on SNOMED CT 900000000000207008 edition 01-aug. 2024</p><p>This value set contains 2 concepts</p><table class=\"codes\"><tr><td style=\"white-space:nowrap\"><b>Code</b></td><td><b>System</b></td><td><b>Display</b></td></tr><tr><td style=\"white-space:nowrap\"><a name=\"x-http://snomed.info/sct-1269515004\"> </a>\u00a0\u00a0<a href=\"http://snomed.info/id/1269515004\">1269515004</a></td><td>http://snomed.info/sct</td><td>Face to face consultation with patient (procedure)</td></tr><tr><td style=\"white-space:nowrap\"><a name=\"x-http://snomed.info/sct-719410009\"> </a>\u00a0\u00a0<a href=\"http://snomed.info/id/719410009\">719410009</a></td><td>http://snomed.info/sct</td><td>Consultation via video conference (procedure)</td></tr></table></div>"
      },
      "url" : "http://helsenorge.no/fhir/ValueSet/serviceRequest-category-vs",
      "version" : "1.1.0",
      "name" : "ServiceRequestCategoryVS",
      "title" : "ServiceRequest Category Value Set",
      "status" : "active",
      "experimental" : true,
      "date" : "2025-02-12T17:25:34+01:00",
      "jurisdiction" : [{
        "coding" : [{
          "system" : "urn:iso:std:iso:3166",
          "code" : "NO",
          "display" : "Norway"
        }]
      }],
      "expansion" : {
        "identifier" : "urn:uuid:af626014-2fb8-4908-bae2-5f570d0ea28c",
        "timestamp" : "2025-02-12T17:26:14+01:00",
        "total" : 2,
        "offset" : 0,
        "parameter" : [{
          "name" : "count",
          "valueInteger" : 1000
        },
        {
          "name" : "offset",
          "valueInteger" : 0
        },
        {
          "name" : "excludeNested",
          "valueBoolean" : false
        },
        {
          "name" : "used-valueset",
          "valueUri" : "null"
        },
        {
          "name" : "used-codesystem",
          "valueUri" : "http://snomed.info/sct|http://snomed.info/sct/900000000000207008/version/20240801"
        },
        {
          "name" : "version",
          "valueUri" : "http://snomed.info/sct|http://snomed.info/sct/900000000000207008/version/20240801"
        }],
        "contains" : [{
          "system" : "http://snomed.info/sct",
          "code" : "1269515004",
          "display" : "Face to face consultation with patient (procedure)"
        },
        {
          "system" : "http://snomed.info/sct",
          "code" : "719410009",
          "display" : "Consultation via video conference (procedure)"
        }]
      }
    }
  }]
}