{
  "resourceType" : "CodeSystem",
  "id" : "no-kodeverk-8271.codesystem",
  "text" : {
    "status" : "generated",
    "div" : "<div xmlns=\"http://www.w3.org/1999/xhtml\"><p class=\"res-header-id\"><b>Generated Narrative: CodeSystem no-kodeverk-8271.codesystem</b></p><a name=\"no-kodeverk-8271.codesystem\"> </a><a name=\"hcno-kodeverk-8271.codesystem\"> </a><a name=\"no-kodeverk-8271.codesystem-no-NO\"> </a><p>This case-sensitive code system <code>http://helsenorge.no/fhir/CodeSystem/no-kodeverk-8271.codesystem</code> defines the following codes:</p><table class=\"codes\"><tr><td style=\"white-space:nowrap\"><b>Code</b></td><td><b>Display</b></td></tr><tr><td style=\"white-space:nowrap\">S<a name=\"no-kodeverk-8271.codesystem-S\"> </a></td><td>Sensitiv, standarddose</td></tr><tr><td style=\"white-space:nowrap\">I<a name=\"no-kodeverk-8271.codesystem-I\"> </a></td><td>Sensitiv, økt eksponering</td></tr><tr><td style=\"white-space:nowrap\">R<a name=\"no-kodeverk-8271.codesystem-R\"> </a></td><td>Resistent</td></tr></table></div>"
  },
  "url" : "http://helsenorge.no/fhir/CodeSystem/no-kodeverk-8271.codesystem",
  "identifier" : [{
    "system" : "urn:ietf:rfc:3986",
    "value" : "urn:oid:2.16.578.1.12.4.1.1.8271"
  }],
  "version" : "1.3.1",
  "name" : "NoKodeverk8271",
  "title" : "8271 Resistens",
  "status" : "active",
  "experimental" : false,
  "date" : "2025-10-01T13:36:52+02:00",
  "description" : "Svarverdier til bruk i resistensbestemmelser (SIR)",
  "jurisdiction" : [{
    "coding" : [{
      "system" : "urn:iso:std:iso:3166",
      "code" : "NO",
      "display" : "Norway"
    }]
  }],
  "caseSensitive" : true,
  "content" : "complete",
  "count" : 3,
  "concept" : [{
    "code" : "S",
    "display" : "Sensitiv, standarddose"
  },
  {
    "code" : "I",
    "display" : "Sensitiv, økt eksponering"
  },
  {
    "code" : "R",
    "display" : "Resistent"
  }]
}