{
  "resourceType" : "CodeSystem",
  "id" : "no-kodeverk-8244.codesystem",
  "text" : {
    "status" : "generated",
    "div" : "<div xmlns=\"http://www.w3.org/1999/xhtml\"><p>This case-sensitive code system <code>http://helsenorge.no/fhir/CodeSystem/no-kodeverk-8244.codesystem</code> defines the following codes:</p><table class=\"codes\"><tr><td style=\"white-space:nowrap\"><b>Code</b></td><td><b>Display</b></td></tr><tr><td style=\"white-space:nowrap\">1<a name=\"no-kodeverk-8244.codesystem-1\"> </a></td><td>Over øvre referansegrense</td></tr><tr><td style=\"white-space:nowrap\">2<a name=\"no-kodeverk-8244.codesystem-2\"> </a></td><td>Under nedre referansegrense</td></tr><tr><td style=\"white-space:nowrap\">3<a name=\"no-kodeverk-8244.codesystem-3\"> </a></td><td>Utenfor referansegrensene</td></tr></table></div>"
  },
  "url" : "http://helsenorge.no/fhir/CodeSystem/no-kodeverk-8244.codesystem",
  "identifier" : [{
    "system" : "urn:ietf:rfc:3986",
    "value" : "urn:oid:2.16.578.1.12.4.1.1.8244"
  }],
  "version" : "0.2.0",
  "name" : "NoKodeverk8244",
  "title" : "8244 Avviksmarkør i svarrapportering av medisinske tjenester",
  "status" : "active",
  "experimental" : false,
  "date" : "2023-12-13T00:44:24+01:00",
  "publisher" : "Direktoratet for e-helse",
  "description" : "Angir svarverdi i forhold til referansegrense",
  "jurisdiction" : [{
    "coding" : [{
      "system" : "urn:iso:std:iso:3166",
      "code" : "NO",
      "display" : "Norway"
    }]
  }],
  "caseSensitive" : true,
  "content" : "complete",
  "count" : 3,
  "concept" : [{
    "code" : "1",
    "display" : "Over øvre referansegrense"
  },
  {
    "code" : "2",
    "display" : "Under nedre referansegrense"
  },
  {
    "code" : "3",
    "display" : "Utenfor referansegrensene"
  }]
}