<?xml version="1.0" encoding="UTF-8"?>

<CodeSystem xmlns="http://hl7.org/fhir">
  <id value="no-kodeverk-8628.codesystem"/>
  <text>
    <status value="generated"/><div xmlns="http://www.w3.org/1999/xhtml"><p>This case-sensitive code system <code>http://helsenorge.no/fhir/CodeSystem/no-kodeverk-8628.codesystem</code> defines the following codes:</p><table class="codes"><tr><td style="white-space:nowrap"><b>Code</b></td><td><b>Display</b></td></tr><tr><td style="white-space:nowrap">1<a name="no-kodeverk-8628.codesystem-1"> </a></td><td>RHF</td></tr><tr><td style="white-space:nowrap">2<a name="no-kodeverk-8628.codesystem-2"> </a></td><td>HF</td></tr><tr><td style="white-space:nowrap">3<a name="no-kodeverk-8628.codesystem-3"> </a></td><td>Institusjon</td></tr><tr><td style="white-space:nowrap">9<a name="no-kodeverk-8628.codesystem-9"> </a></td><td>Annet</td></tr></table></div>
  </text>
  <url value="http://helsenorge.no/fhir/CodeSystem/no-kodeverk-8628.codesystem"/>
  <identifier>
    <system value="urn:ietf:rfc:3986"/>
    <value value="urn:oid:2.16.578.1.12.4.1.1.8628"/>
  </identifier>
  <version value="0.2.0"/>
  <name value="NoKodeverk8628"/>
  <title value="8628 Organisatorisk nivå"/>
  <status value="retired"/>
  <experimental value="false"/>
  <date value="2006-06-26"/>
  <publisher value="Direktoratet for e-helse"/>
  <description value="Kodeverket er ikke lengre nødvendig i OK 2007. Så lenge applikasjonen RESH krever kode for dette vil det fortsatt være en del av OK 2007."/>
  <jurisdiction>
    <coding>
      <system value="urn:iso:std:iso:3166"/>
      <code value="NO"/>
      <display value="Norway"/>
    </coding>
  </jurisdiction>
  <caseSensitive value="true"/>
  <content value="complete"/>
  <count value="4"/>
  <concept>
    <code value="1"/>
    <display value="RHF"/>
  </concept>
  <concept>
    <code value="2"/>
    <display value="HF"/>
  </concept>
  <concept>
    <code value="3"/>
    <display value="Institusjon"/>
  </concept>
  <concept>
    <code value="9"/>
    <display value="Annet"/>
  </concept>
</CodeSystem>