<?xml version="1.0" encoding="UTF-8"?>

<CodeSystem xmlns="http://hl7.org/fhir">
  <id value="no-kodeverk-8245.codesystem"/>
  <text>
    <status value="generated"/><div xmlns="http://www.w3.org/1999/xhtml"><p class="res-header-id"><b>Generated Narrative: CodeSystem no-kodeverk-8245.codesystem</b></p><a name="no-kodeverk-8245.codesystem"> </a><a name="hcno-kodeverk-8245.codesystem"> </a><a name="no-kodeverk-8245.codesystem-no-NO"> </a><p>This case-sensitive code system <code>http://helsenorge.no/fhir/CodeSystem/no-kodeverk-8245.codesystem</code> defines the following codes:</p><table class="codes"><tr><td style="white-space:nowrap"><b>Code</b></td><td><b>Display</b></td></tr><tr><td style="white-space:nowrap">1<a name="no-kodeverk-8245.codesystem-1"> </a></td><td>Revidert</td></tr><tr><td style="white-space:nowrap">2<a name="no-kodeverk-8245.codesystem-2"> </a></td><td>Foreløpig</td></tr><tr><td style="white-space:nowrap">3<a name="no-kodeverk-8245.codesystem-3"> </a></td><td>Endelig</td></tr><tr><td style="white-space:nowrap">4<a name="no-kodeverk-8245.codesystem-4"> </a></td><td>Tillegg</td></tr><tr><td style="white-space:nowrap">5<a name="no-kodeverk-8245.codesystem-5"> </a></td><td>Henvisning registrert</td></tr><tr><td style="white-space:nowrap">6<a name="no-kodeverk-8245.codesystem-6"> </a></td><td>Prosedyrer registrert/planlagt</td></tr><tr><td style="white-space:nowrap">7<a name="no-kodeverk-8245.codesystem-7"> </a></td><td>Tildelt time</td></tr><tr><td style="white-space:nowrap">8<a name="no-kodeverk-8245.codesystem-8"> </a></td><td>Undersøkelse gjennomført</td></tr><tr><td style="white-space:nowrap">9<a name="no-kodeverk-8245.codesystem-9"> </a></td><td>Diktert</td></tr><tr><td style="white-space:nowrap">10<a name="no-kodeverk-8245.codesystem-10"> </a></td><td>Skrevet (usignert svar foreligger)</td></tr><tr><td style="white-space:nowrap">11<a name="no-kodeverk-8245.codesystem-11"> </a></td><td>Signert</td></tr><tr><td style="white-space:nowrap">12<a name="no-kodeverk-8245.codesystem-12"> </a></td><td>Korrigert (usignert tilleggsbeskrivelse foreligger)</td></tr><tr><td style="white-space:nowrap">13<a name="no-kodeverk-8245.codesystem-13"> </a></td><td>Signert korrigert/tilleggsbeskrivelse foreligger</td></tr><tr><td style="white-space:nowrap">14<a name="no-kodeverk-8245.codesystem-14"> </a></td><td>Undersøkelse slettet</td></tr><tr><td style="white-space:nowrap">15<a name="no-kodeverk-8245.codesystem-15"> </a></td><td>I prosess</td></tr></table></div>
  </text>
  <url value="http://helsenorge.no/fhir/CodeSystem/no-kodeverk-8245.codesystem"/>
  <identifier>
    <system value="urn:ietf:rfc:3986"/>
    <value value="urn:oid:2.16.578.1.12.4.1.1.8245"/>
  </identifier>
  <version value="1.2.1"/>
  <name value="NoKodeverk8245"/>
  <title value="8245 Status for resultat i svarrapportering av medisinske tjenester"/>
  <status value="active"/>
  <experimental value="false"/>
  <date value="2025-09-28T17:18:13+02:00"/>
  <description value="Benyttes for å angi status/steg i arbeidsflyt for en enkelt lab- /røntgenundersøkelse."/>
  <jurisdiction>
    <coding>
      <system value="urn:iso:std:iso:3166"/>
      <code value="NO"/>
      <display value="Norway"/>
    </coding>
  </jurisdiction>
  <caseSensitive value="true"/>
  <content value="complete"/>
  <count value="15"/>
  <concept>
    <code value="1"/>
    <display value="Revidert"/>
  </concept>
  <concept>
    <code value="2"/>
    <display value="Foreløpig"/>
  </concept>
  <concept>
    <code value="3"/>
    <display value="Endelig"/>
  </concept>
  <concept>
    <code value="4"/>
    <display value="Tillegg"/>
  </concept>
  <concept>
    <code value="5"/>
    <display value="Henvisning registrert"/>
  </concept>
  <concept>
    <code value="6"/>
    <display value="Prosedyrer registrert/planlagt"/>
  </concept>
  <concept>
    <code value="7"/>
    <display value="Tildelt time"/>
  </concept>
  <concept>
    <code value="8"/>
    <display value="Undersøkelse gjennomført"/>
  </concept>
  <concept>
    <code value="9"/>
    <display value="Diktert"/>
  </concept>
  <concept>
    <code value="10"/>
    <display value="Skrevet (usignert svar foreligger)"/>
  </concept>
  <concept>
    <code value="11"/>
    <display value="Signert"/>
  </concept>
  <concept>
    <code value="12"/>
    <display value="Korrigert (usignert tilleggsbeskrivelse foreligger)"/>
  </concept>
  <concept>
    <code value="13"/>
    <display value="Signert korrigert/tilleggsbeskrivelse foreligger"/>
  </concept>
  <concept>
    <code value="14"/>
    <display value="Undersøkelse slettet"/>
  </concept>
  <concept>
    <code value="15"/>
    <display value="I prosess"/>
  </concept>
</CodeSystem>