<?xml version="1.0" encoding="UTF-8"?>

<CodeSystem xmlns="http://hl7.org/fhir">
  <id value="no-kodeverk-8234.codesystem"/>
  <text>
    <status value="generated"/><div xmlns="http://www.w3.org/1999/xhtml"><p>This case-sensitive code system <code>http://helsenorge.no/fhir/CodeSystem/no-kodeverk-8234.codesystem</code> defines codes, but no codes are represented here</p></div>
  </text>
  <url value="http://helsenorge.no/fhir/CodeSystem/no-kodeverk-8234.codesystem"/>
  <identifier>
    <system value="urn:ietf:rfc:3986"/>
    <value value="urn:oid:2.16.578.1.12.4.1.1.8234"/>
  </identifier>
  <version value="0.2.0"/>
  <name value="NoKodeverk8234"/>
  <title value="8234 Type tekstsvar i kommentar til rekvisisjon og henvisning"/>
  <status value="active"/>
  <experimental value="false"/>
  <date value="2023-12-13T17:25:33+01:00"/>
  <publisher value="Direktoratet for e-helse"/>
  <description value="Type tekstsvar i kommentar til rekvisisjon og henvisning. kodeverket har ikke noen beskrivelse."/>
  <jurisdiction>
    <coding>
      <system value="urn:iso:std:iso:3166"/>
      <code value="NO"/>
      <display value="Norway"/>
    </coding>
  </jurisdiction>
  <caseSensitive value="true"/>
  <content value="not-present"/>
</CodeSystem>