{
  "resourceType" : "CodeSystem",
  "id" : "no-kodeverk-7305.codesystem",
  "text" : {
    "status" : "generated",
    "div" : "<div xmlns=\"http://www.w3.org/1999/xhtml\"><p>This case-sensitive code system <code>http://helsenorge.no/fhir/CodeSystem/no-kodeverk-7305.codesystem</code> defines the following codes:</p><table class=\"codes\"><tr><td style=\"white-space:nowrap\"><b>Code</b></td><td><b>Display</b></td><td><b>Definition</b></td></tr><tr><td style=\"white-space:nowrap\">S<a name=\"no-kodeverk-7305.codesystem-S\"> </a></td><td>ICD10 stjernekode</td><td/></tr><tr><td style=\"white-space:nowrap\">A<a name=\"no-kodeverk-7305.codesystem-A\"> </a></td><td>ATC-kode</td><td>(til bruk ved ICD10)</td></tr><tr><td style=\"white-space:nowrap\">AN<a name=\"no-kodeverk-7305.codesystem-AN\"> </a></td><td>Anatomisk lokalisasjon</td><td/></tr><tr><td style=\"white-space:nowrap\">DI<a name=\"no-kodeverk-7305.codesystem-DI\"> </a></td><td>Diagnosestatus</td><td/></tr><tr><td style=\"white-space:nowrap\">FO<a name=\"no-kodeverk-7305.codesystem-FO\"> </a></td><td>Forløp</td><td/></tr><tr><td style=\"white-space:nowrap\">LA<a name=\"no-kodeverk-7305.codesystem-LA\"> </a></td><td>Lateralitet</td><td/></tr></table></div>"
  },
  "url" : "http://helsenorge.no/fhir/CodeSystem/no-kodeverk-7305.codesystem",
  "identifier" : [{
    "system" : "urn:ietf:rfc:3986",
    "value" : "urn:oid:2.16.578.1.12.4.1.1.7305"
  }],
  "version" : "0.1.0",
  "name" : "NoKodeverk7305",
  "title" : "7305 Moderator",
  "status" : "active",
  "experimental" : false,
  "date" : "2023-11-03T01:33:43+01:00",
  "publisher" : "Direktoratet for e-helse",
  "description" : "Tilleggsopplysning til diagnose.",
  "jurisdiction" : [{
    "coding" : [{
      "system" : "urn:iso:std:iso:3166",
      "code" : "NO",
      "display" : "Norway"
    }]
  }],
  "caseSensitive" : true,
  "content" : "complete",
  "count" : 6,
  "concept" : [{
    "code" : "S",
    "display" : "ICD10 stjernekode"
  },
  {
    "code" : "A",
    "display" : "ATC-kode",
    "definition" : "(til bruk ved ICD10)"
  },
  {
    "code" : "AN",
    "display" : "Anatomisk lokalisasjon"
  },
  {
    "code" : "DI",
    "display" : "Diagnosestatus"
  },
  {
    "code" : "FO",
    "display" : "Forløp"
  },
  {
    "code" : "LA",
    "display" : "Lateralitet"
  }]
}