{
  "codeSystems" : [
    {
      "url" : "http://helsenorge.no/fhir/CodeSystem/hn-scheduleAndSlot-type-cs",
      "version" : "1.0.0",
      "status" : "draft",
      "name" : "HnScheduleAndSlotTypeCS",
      "title" : "Codes that should be used for schedule and SlotType.",
      "description" : "Codes that should be used for schedule and SlotType.",
      "uses" : {
      },
      "ValueSet-hn-scheduleandslot-type-vs.html" : "hn-scheduleandslot-type-vs"
    },
    {
      "url" : "http://snomed.info/sct",
      "version" : null,
      "status" : "active",
      "name" : "SNOMED_CT",
      "title" : "SNOMED CT (all versions)",
      "description" : "SNOMED CT is the most comprehensive and precise clinical health terminology product in the world, owned and distributed around the world by The International Health Terminology Standards Development Organisation (IHTSDO).",
      "oids" : ["2.16.840.1.113883.6.96"],
      "uses" : {
      },
      "ValueSet-serviceRequest-performerType-vs.html" : "ServiceRequest PerformerType Value Set",
      "ValueSet-serviceRequest-category-vs.html" : "ServiceRequest Category Value Set"
    },
    {
      "url" : "http://terminology.hl7.org/CodeSystem/service-category",
      "version" : "1.1.0",
      "status" : "draft",
      "name" : "ServiceCategory",
      "title" : "Service category",
      "description" : "This value set defines an example set of codes that can be used to classify groupings of service-types/specialties.",
      "oids" : ["2.16.840.1.113883.4.642.1.1144"],
      "uses" : {
      },
      "http://hl7.org/fhir/R4/valueset-service-category.html" : "Service category"
    }
  ]
}
