{
  "codeSystems" : [
    {
      "url" : "http://helsenorge.no/fhir/CodeSystem/henvisningsstatus",
      "version" : "1.2.0",
      "status" : "active",
      "name" : "HnHenvisningsstatus",
      "title" : "Henvisningsstatus (HIS 1206)",
      "description" : "Koder som angir status for henvisning i henhold til HIS 1206:2018.",
      "uses" : {
      },
      "ValueSet-henvisningsstatus-vs.html" : "Henvisningsstatus ValueSet"
    },
    {
      "url" : "http://helsenorge.no/fhir/CodeSystem/hn-schedule-type-cs",
      "version" : "1.2.0",
      "status" : "draft",
      "name" : "HnScheduleTypeCS",
      "title" : "Codes that should be used for schedule type",
      "description" : "Codes that should be used for schedule type.",
      "uses" : {
      },
      "ValueSet-hn-schedule-type-vs.html" : "hn-schedule-type-vs"
    },
    {
      "url" : "http://helsenorge.no/fhir/CodeSystem/hn-scheduleAndSlot-type-cs",
      "version" : "1.2.0",
      "status" : "draft",
      "name" : "HnScheduleAndSlotTypeCS",
      "title" : "Codes that should be used for schedule and SlotType.",
      "description" : "Codes that should be used for schedule and SlotType.",
      "uses" : {
      },
      "ValueSet-hn-scheduleandslot-type-vs.html" : "hn-scheduleandslot-type-vs"
    },
    {
      "url" : "http://snomed.info/sct",
      "version" : null,
      "status" : "active",
      "name" : "SNOMED_CT",
      "title" : "SNOMED CT (all versions)",
      "description" : "SNOMED CT is the most comprehensive and precise clinical health terminology product in the world, owned and distributed around the world by The International Health Terminology Standards Development Organisation (IHTSDO).",
      "oids" : ["2.16.840.1.113883.6.96"],
      "uses" : {
      },
      "ValueSet-serviceRequest-category-vs.html" : "ServiceRequest Category Value Set",
      "ValueSet-serviceRequest-performerType-vs.html" : "ServiceRequest PerformerType Value Set"
    },
    {
      "url" : "http://terminology.hl7.org/CodeSystem/service-category",
      "version" : "1.1.1",
      "status" : "active",
      "name" : "ServiceCategory",
      "title" : "Service category",
      "description" : "This value set defines an example set of codes that can be used to classify groupings of service-types/specialties.",
      "oids" : ["2.16.840.1.113883.4.642.1.1144"],
      "uses" : {
      },
      "http://hl7.org/fhir/R4/valueset-service-category.html" : "Service category"
    }
  ]
}
