<?xml version="1.0" encoding="UTF-8"?>

<CodeSystem xmlns="http://hl7.org/fhir">
  <id value="no-kodeverk-8327.codesystem"/>
  <text>
    <status value="generated"/><div xmlns="http://www.w3.org/1999/xhtml"><p>This case-sensitive code system <code>http://helsenorge.no/fhir/CodeSystem/no-kodeverk-8327.codesystem</code> defines the following codes:</p><table class="codes"><tr><td style="white-space:nowrap"><b>Code</b></td><td><b>Display</b></td></tr><tr><td style="white-space:nowrap">DNR<a name="no-kodeverk-8327.codesystem-DNR"> </a></td><td>D-nummer</td></tr><tr><td style="white-space:nowrap">FHN<a name="no-kodeverk-8327.codesystem-FHN"> </a></td><td>Felles hjelpenummer (FH-nummer)</td></tr><tr><td style="white-space:nowrap">FNR<a name="no-kodeverk-8327.codesystem-FNR"> </a></td><td>Fødselsnummer</td></tr><tr><td style="white-space:nowrap">HNR<a name="no-kodeverk-8327.codesystem-HNR"> </a></td><td>Virksomhetsinternt hjelpenummer</td></tr></table></div>
  </text>
  <url value="http://helsenorge.no/fhir/CodeSystem/no-kodeverk-8327.codesystem"/>
  <identifier>
    <system value="urn:ietf:rfc:3986"/>
    <value value="urn:oid:2.16.578.1.12.4.1.1.8327"/>
  </identifier>
  <version value="0.2.0"/>
  <name value="NoKodeverk8327"/>
  <title value="8327 Offisiell personidentifikasjon"/>
  <status value="active"/>
  <experimental value="false"/>
  <date value="2023-11-15T22:57:05+01:00"/>
  <publisher value="Direktoratet for e-helse"/>
  <description value="Angir type identifikator for person"/>
  <jurisdiction>
    <coding>
      <system value="urn:iso:std:iso:3166"/>
      <code value="NO"/>
      <display value="Norway"/>
    </coding>
  </jurisdiction>
  <caseSensitive value="true"/>
  <content value="complete"/>
  <count value="4"/>
  <concept>
    <code value="DNR"/>
    <display value="D-nummer"/>
  </concept>
  <concept>
    <code value="FHN"/>
    <display value="Felles hjelpenummer (FH-nummer)"/>
  </concept>
  <concept>
    <code value="FNR"/>
    <display value="Fødselsnummer"/>
  </concept>
  <concept>
    <code value="HNR"/>
    <display value="Virksomhetsinternt hjelpenummer"/>
  </concept>
</CodeSystem>