{
  "resourceType" : "CodeSystem",
  "id" : "no-kodeverk-9033.codesystem",
  "text" : {
    "status" : "generated",
    "div" : "<div xmlns=\"http://www.w3.org/1999/xhtml\"><p class=\"res-header-id\"><b>Generated Narrative: CodeSystem no-kodeverk-9033.codesystem</b></p><a name=\"no-kodeverk-9033.codesystem\"> </a><a name=\"hcno-kodeverk-9033.codesystem\"> </a><a name=\"no-kodeverk-9033.codesystem-no-NO\"> </a><p>This case-sensitive code system <code>http://helsenorge.no/fhir/CodeSystem/no-kodeverk-9033.codesystem</code> defines the following codes:</p><table class=\"codes\"><tr><td style=\"white-space:nowrap\"><b>Code</b></td><td><b>Display</b></td><td><b>Definition</b></td></tr><tr><td style=\"white-space:nowrap\">MO<a name=\"no-kodeverk-9033.codesystem-MO\"> </a></td><td>Mor</td><td>Biologisk eller juridisk (ved adopsjon) mor til person. Gyldig fra 27. september 2010</td></tr><tr><td style=\"white-space:nowrap\">FA<a name=\"no-kodeverk-9033.codesystem-FA\"> </a></td><td>Far</td><td>Biologisk eller juridisk (ved adopsjon) far til person. Gyldig fra 27. september 2010</td></tr><tr><td style=\"white-space:nowrap\">SM<a name=\"no-kodeverk-9033.codesystem-SM\"> </a></td><td>Stemor</td><td>Sosial morsrelasjon som f. eks ekteskap eller samboerskap med pasientens biologiske far eller adoptivfar</td></tr><tr><td style=\"white-space:nowrap\">SF<a name=\"no-kodeverk-9033.codesystem-SF\"> </a></td><td>Stefar</td><td>Sosial farsrelasjon som f. eks ekteskap eller samboerskap med pasientens biologiske mor eller adoptivmor</td></tr><tr><td style=\"white-space:nowrap\">FM<a name=\"no-kodeverk-9033.codesystem-FM\"> </a></td><td>Fostermor</td><td>Midlertidig foreldrerelasjon ved offentlig avtale</td></tr><tr><td style=\"white-space:nowrap\">FF<a name=\"no-kodeverk-9033.codesystem-FF\"> </a></td><td>Fosterfar</td><td>Midlertidig foreldrerelasjon ved offentlig avtale</td></tr><tr><td style=\"white-space:nowrap\">MF<a name=\"no-kodeverk-9033.codesystem-MF\"> </a></td><td>Medfar</td><td>Medfar har blitt et begrep på lik linje med medmor (se dette). Juridisk sett finnes ikke en slik betegnelse, siden den mannlige partner til biologisk far ikke kan være far fra fødselen av. For at to menn skal bli fedre sammen må den ikke-biologiske faren stebarnsadoptere. Det er slik to menn kan bli fedre gjennom surrogati.</td></tr><tr><td style=\"white-space:nowrap\">MM<a name=\"no-kodeverk-9033.codesystem-MM\"> </a></td><td>Medmor</td><td>Kvinne som gis juridisk foreldrestatus for hennes kvinnelige ektefelle eller samboers biologiske barn født etter assistert befruktning.</td></tr><tr><td style=\"white-space:nowrap\">EF<a name=\"no-kodeverk-9033.codesystem-EF\"> </a></td><td>Ektefelle</td><td>Ektefelle ved juridisk inngått ekteskap eller partnerskap</td></tr><tr><td style=\"white-space:nowrap\">SA<a name=\"no-kodeverk-9033.codesystem-SA\"> </a></td><td>Samboer</td><td>Lever sammen med pasient og har felles adresse i folkeregistrert</td></tr><tr><td style=\"white-space:nowrap\">SI<a name=\"no-kodeverk-9033.codesystem-SI\"> </a></td><td>Søster</td><td>Relasjon der kvinnen har minst en felles forelder (juridisk og/eller biologisk) med personen.</td></tr><tr><td style=\"white-space:nowrap\">HS<a name=\"no-kodeverk-9033.codesystem-HS\"> </a></td><td>Halvsøster</td><td>Relasjon der kvinnen kun har én felles forelder (juridisk og/eller biologisk) med personen.</td></tr><tr><td style=\"white-space:nowrap\">SS<a name=\"no-kodeverk-9033.codesystem-SS\"> </a></td><td>Stesøster</td><td>Relasjon der man har samme sosiale relasjon som personen til minst en forelder. Stebror eller stesøster.</td></tr><tr><td style=\"white-space:nowrap\">BR<a name=\"no-kodeverk-9033.codesystem-BR\"> </a></td><td>Bror</td><td>Relasjon der mannen har minst en felles forelder (juridisk og/eller biologisk) med personen</td></tr><tr><td style=\"white-space:nowrap\">HB<a name=\"no-kodeverk-9033.codesystem-HB\"> </a></td><td>Halvbror</td><td>Relasjon der mannen kun har én felles forelder (juridisk og/eller biologisk) med personen</td></tr><tr><td style=\"white-space:nowrap\">SB<a name=\"no-kodeverk-9033.codesystem-SB\"> </a></td><td>Stebror</td><td>Relasjon der man har samme sosiale relasjon som personen til minst en forelder. Stebror eller stesøster.</td></tr><tr><td style=\"white-space:nowrap\">DA<a name=\"no-kodeverk-9033.codesystem-DA\"> </a></td><td>Datter</td><td>Biologisk eller juridisk (ved adopsjon) datter av person.</td></tr><tr><td style=\"white-space:nowrap\">SO<a name=\"no-kodeverk-9033.codesystem-SO\"> </a></td><td>Sønn</td><td>Biologisk eller juridisk (ved adopsjon) sønn av person.</td></tr><tr><td style=\"white-space:nowrap\">SD<a name=\"no-kodeverk-9033.codesystem-SD\"> </a></td><td>Stedatter</td><td>Biologisk eller juridisk barn (ved adopsjon) av ektefelle eller samboer.</td></tr><tr><td style=\"white-space:nowrap\">SN<a name=\"no-kodeverk-9033.codesystem-SN\"> </a></td><td>Stesønn</td><td>Biologisk eller juridisk sønn (ved adopsjon) av ektefelle eller samboer.</td></tr><tr><td style=\"white-space:nowrap\">GM<a name=\"no-kodeverk-9033.codesystem-GM\"> </a></td><td>Bestemor</td><td>Biologisk eller juridisk forhold som bestemor.</td></tr><tr><td style=\"white-space:nowrap\">GF<a name=\"no-kodeverk-9033.codesystem-GF\"> </a></td><td>Bestefar</td><td>Biologisk eller juridisk forhold som bestefar.</td></tr><tr><td style=\"white-space:nowrap\">BB<a name=\"no-kodeverk-9033.codesystem-BB\"> </a></td><td>Barnebarn</td><td>Biologisk, juridisk eller sosialt barn av pasientens barn</td></tr><tr><td style=\"white-space:nowrap\">TO<a name=\"no-kodeverk-9033.codesystem-TO\"> </a></td><td>Foreldres søsken</td><td>Biologisk, juridisk eller sosialt søskenforhold til pasientens mor eller far. Onkel eller tante.</td></tr><tr><td style=\"white-space:nowrap\">AS<a name=\"no-kodeverk-9033.codesystem-AS\"> </a></td><td>Annen slektning</td><td>Annen familierelasjon f. eks oldebarn, søskenbarn.</td></tr><tr><td style=\"white-space:nowrap\">AN<a name=\"no-kodeverk-9033.codesystem-AN\"> </a></td><td>Annen foresatt</td><td/></tr><tr><td style=\"white-space:nowrap\">AP<a name=\"no-kodeverk-9033.codesystem-AP\"> </a></td><td>Annen personlig relasjon</td><td>Nær relasjon til pasient ikke basert på biologisk eller juridisk slektskap. Eks: kjæreste, venn, nabo, kollega.</td></tr><tr><td style=\"white-space:nowrap\">BM<a name=\"no-kodeverk-9033.codesystem-BM\"> </a></td><td>Biologisk mor</td><td>Genetisk foreldrerelasjon. Utgått fra 27. september 2010</td></tr><tr><td style=\"white-space:nowrap\">BF<a name=\"no-kodeverk-9033.codesystem-BF\"> </a></td><td>Biologisk far</td><td>Genetisk foreldrerelasjon Utgått fra 27. september 2010</td></tr><tr><td style=\"white-space:nowrap\">AM<a name=\"no-kodeverk-9033.codesystem-AM\"> </a></td><td>Adoptivmor</td><td>Juridisk inngått foreldrerelasjon ved adopsjon. Utgått fra 27. september 2010</td></tr><tr><td style=\"white-space:nowrap\">AF<a name=\"no-kodeverk-9033.codesystem-AF\"> </a></td><td>Adoptivfar</td><td>Juridisk inngått foreldrerelasjon ved adopsjon. Utgått fra 27. september 2010</td></tr></table></div>"
  },
  "url" : "http://helsenorge.no/fhir/CodeSystem/no-kodeverk-9033.codesystem",
  "identifier" : [{
    "system" : "urn:ietf:rfc:3986",
    "value" : "urn:oid:2.16.578.1.12.4.1.1.9033"
  }],
  "version" : "1.2.0",
  "name" : "NoKodeverk9033",
  "title" : "9033 Slektskap mv. til pasient",
  "status" : "active",
  "experimental" : false,
  "date" : "2022-11-11",
  "description" : "Dette kodeverket inneholder koder som benyttes for å angi hvilket slektskap eller annet forhold , det er mellom pasienten og den pårørende.",
  "jurisdiction" : [{
    "coding" : [{
      "system" : "urn:iso:std:iso:3166",
      "code" : "NO",
      "display" : "Norway"
    }]
  }],
  "caseSensitive" : true,
  "content" : "complete",
  "count" : 31,
  "concept" : [{
    "code" : "MO",
    "display" : "Mor",
    "definition" : "Biologisk eller juridisk (ved adopsjon) mor til person. Gyldig fra 27. september 2010"
  },
  {
    "code" : "FA",
    "display" : "Far",
    "definition" : "Biologisk eller juridisk (ved adopsjon) far til person. Gyldig fra 27. september 2010"
  },
  {
    "code" : "SM",
    "display" : "Stemor",
    "definition" : "Sosial morsrelasjon som f. eks ekteskap eller samboerskap med pasientens biologiske far eller adoptivfar"
  },
  {
    "code" : "SF",
    "display" : "Stefar",
    "definition" : "Sosial farsrelasjon som f. eks ekteskap eller samboerskap med pasientens biologiske mor eller adoptivmor"
  },
  {
    "code" : "FM",
    "display" : "Fostermor",
    "definition" : "Midlertidig foreldrerelasjon ved offentlig avtale"
  },
  {
    "code" : "FF",
    "display" : "Fosterfar",
    "definition" : "Midlertidig foreldrerelasjon ved offentlig avtale"
  },
  {
    "code" : "MF",
    "display" : "Medfar",
    "definition" : "Medfar har blitt et begrep på lik linje med medmor (se dette). Juridisk sett finnes ikke en slik betegnelse, siden den mannlige partner til biologisk far ikke kan være far fra fødselen av. For at to menn skal bli fedre sammen må den ikke-biologiske faren stebarnsadoptere. Det er slik to menn kan bli fedre gjennom surrogati."
  },
  {
    "code" : "MM",
    "display" : "Medmor",
    "definition" : "Kvinne som gis juridisk foreldrestatus for hennes kvinnelige ektefelle eller samboers biologiske barn født etter assistert befruktning."
  },
  {
    "code" : "EF",
    "display" : "Ektefelle",
    "definition" : "Ektefelle ved juridisk inngått ekteskap eller partnerskap"
  },
  {
    "code" : "SA",
    "display" : "Samboer",
    "definition" : "Lever sammen med pasient og har felles adresse i folkeregistrert"
  },
  {
    "code" : "SI",
    "display" : "Søster",
    "definition" : "Relasjon der kvinnen har minst en felles forelder (juridisk og/eller biologisk) med personen."
  },
  {
    "code" : "HS",
    "display" : "Halvsøster",
    "definition" : "Relasjon der kvinnen kun har én felles forelder (juridisk og/eller biologisk) med personen."
  },
  {
    "code" : "SS",
    "display" : "Stesøster",
    "definition" : "Relasjon der man har samme sosiale relasjon som personen til minst en forelder. Stebror eller stesøster."
  },
  {
    "code" : "BR",
    "display" : "Bror",
    "definition" : "Relasjon der mannen har minst en felles forelder (juridisk og/eller biologisk) med personen"
  },
  {
    "code" : "HB",
    "display" : "Halvbror",
    "definition" : "Relasjon der mannen kun har én felles forelder (juridisk og/eller biologisk) med personen"
  },
  {
    "code" : "SB",
    "display" : "Stebror",
    "definition" : "Relasjon der man har samme sosiale relasjon som personen til minst en forelder. Stebror eller stesøster."
  },
  {
    "code" : "DA",
    "display" : "Datter",
    "definition" : "Biologisk eller juridisk (ved adopsjon) datter av person."
  },
  {
    "code" : "SO",
    "display" : "Sønn",
    "definition" : "Biologisk eller juridisk (ved adopsjon) sønn av person."
  },
  {
    "code" : "SD",
    "display" : "Stedatter",
    "definition" : "Biologisk eller juridisk barn (ved adopsjon) av ektefelle eller samboer."
  },
  {
    "code" : "SN",
    "display" : "Stesønn",
    "definition" : "Biologisk eller juridisk sønn (ved adopsjon) av ektefelle eller samboer."
  },
  {
    "code" : "GM",
    "display" : "Bestemor",
    "definition" : "Biologisk eller juridisk forhold som bestemor."
  },
  {
    "code" : "GF",
    "display" : "Bestefar",
    "definition" : "Biologisk eller juridisk forhold som bestefar."
  },
  {
    "code" : "BB",
    "display" : "Barnebarn",
    "definition" : "Biologisk, juridisk eller sosialt barn av pasientens barn"
  },
  {
    "code" : "TO",
    "display" : "Foreldres søsken",
    "definition" : "Biologisk, juridisk eller sosialt søskenforhold til pasientens mor eller far. Onkel eller tante."
  },
  {
    "code" : "AS",
    "display" : "Annen slektning",
    "definition" : "Annen familierelasjon f. eks oldebarn, søskenbarn."
  },
  {
    "code" : "AN",
    "display" : "Annen foresatt"
  },
  {
    "code" : "AP",
    "display" : "Annen personlig relasjon",
    "definition" : "Nær relasjon til pasient ikke basert på biologisk eller juridisk slektskap. Eks: kjæreste, venn, nabo, kollega."
  },
  {
    "code" : "BM",
    "display" : "Biologisk mor",
    "definition" : "Genetisk foreldrerelasjon. Utgått fra 27. september 2010"
  },
  {
    "code" : "BF",
    "display" : "Biologisk far",
    "definition" : "Genetisk foreldrerelasjon Utgått fra 27. september 2010"
  },
  {
    "code" : "AM",
    "display" : "Adoptivmor",
    "definition" : "Juridisk inngått foreldrerelasjon ved adopsjon. Utgått fra 27. september 2010"
  },
  {
    "code" : "AF",
    "display" : "Adoptivfar",
    "definition" : "Juridisk inngått foreldrerelasjon ved adopsjon. Utgått fra 27. september 2010"
  }]
}