{
  "resourceType" : "CodeSystem",
  "id" : "no-kodeverk-8446.codesystem",
  "text" : {
    "status" : "generated",
    "div" : "<div xmlns=\"http://www.w3.org/1999/xhtml\"><p class=\"res-header-id\"><b>Generated Narrative: CodeSystem no-kodeverk-8446.codesystem</b></p><a name=\"no-kodeverk-8446.codesystem\"> </a><a name=\"hcno-kodeverk-8446.codesystem\"> </a><a name=\"no-kodeverk-8446.codesystem-no-NO\"> </a><p>This case-sensitive code system <code>http://helsenorge.no/fhir/CodeSystem/no-kodeverk-8446.codesystem</code> defines the following codes:</p><table class=\"codes\"><tr><td style=\"white-space:nowrap\"><b>Code</b></td><td><b>Display</b></td></tr><tr><td style=\"white-space:nowrap\">1<a name=\"no-kodeverk-8446.codesystem-1\"> </a></td><td>Institusjonen/sykehuset har bestemt utsettelsen av kapasitetsgrunner</td></tr><tr><td style=\"white-space:nowrap\">21<a name=\"no-kodeverk-8446.codesystem-21\"> </a></td><td>Pasienten har ikke møtt opp</td></tr><tr><td style=\"white-space:nowrap\">22<a name=\"no-kodeverk-8446.codesystem-22\"> </a></td><td>Pasienten har selv bestemt utsettelsen av velferdsgrunner</td></tr><tr><td style=\"white-space:nowrap\">3<a name=\"no-kodeverk-8446.codesystem-3\"> </a></td><td>Medisinske årsaker hos pasienten til utsettelsen</td></tr><tr><td style=\"white-space:nowrap\">4<a name=\"no-kodeverk-8446.codesystem-4\"> </a></td><td>Oppstart av helsehjelp er utsatt grunnet manglende kapasitet ved påfølgende behandlingssted</td></tr><tr><td style=\"white-space:nowrap\">5<a name=\"no-kodeverk-8446.codesystem-5\"> </a></td><td>Pasienten har takket nei til tilbud fra HF om helsehjelp ved annet behandlingssted enn sitt primære ønske</td></tr><tr><td style=\"white-space:nowrap\">6<a name=\"no-kodeverk-8446.codesystem-6\"> </a></td><td>Pasienten har takket nei til tilbud fra Helfo om helsehjelp ved annet behandlingssted enn sitt primære ønske</td></tr></table></div>"
  },
  "url" : "http://helsenorge.no/fhir/CodeSystem/no-kodeverk-8446.codesystem",
  "identifier" : [{
    "system" : "urn:ietf:rfc:3986",
    "value" : "urn:oid:2.16.578.1.12.4.1.1.8446"
  }],
  "version" : "1.1.0",
  "name" : "NoKodeverk8446",
  "title" : "8446 Utsettelseskode",
  "status" : "active",
  "experimental" : false,
  "date" : "2018-10-01",
  "description" : "Dette kodeverket inneholder koder som beskriver grunner for utsettelse.",
  "jurisdiction" : [{
    "coding" : [{
      "system" : "urn:iso:std:iso:3166",
      "code" : "NO",
      "display" : "Norway"
    }]
  }],
  "caseSensitive" : true,
  "content" : "complete",
  "count" : 7,
  "concept" : [{
    "code" : "1",
    "display" : "Institusjonen/sykehuset har bestemt utsettelsen av kapasitetsgrunner"
  },
  {
    "code" : "21",
    "display" : "Pasienten har ikke møtt opp"
  },
  {
    "code" : "22",
    "display" : "Pasienten har selv bestemt utsettelsen av velferdsgrunner"
  },
  {
    "code" : "3",
    "display" : "Medisinske årsaker hos pasienten til utsettelsen"
  },
  {
    "code" : "4",
    "display" : "Oppstart av helsehjelp er utsatt grunnet manglende kapasitet ved påfølgende behandlingssted"
  },
  {
    "code" : "5",
    "display" : "Pasienten har takket nei til tilbud fra HF om helsehjelp ved annet behandlingssted enn sitt primære ønske"
  },
  {
    "code" : "6",
    "display" : "Pasienten har takket nei til tilbud fra Helfo om helsehjelp ved annet behandlingssted enn sitt primære ønske"
  }]
}