<?xml version="1.0" encoding="UTF-8"?>

<CodeSystem xmlns="http://hl7.org/fhir">
  <id value="no-kodeverk-8271.codesystem"/>
  <text>
    <status value="generated"/><div xmlns="http://www.w3.org/1999/xhtml"><p>This case-sensitive code system <code>http://helsenorge.no/fhir/CodeSystem/no-kodeverk-8271.codesystem</code> defines the following codes:</p><table class="codes"><tr><td style="white-space:nowrap"><b>Code</b></td><td><b>Display</b></td></tr><tr><td style="white-space:nowrap">S<a name="no-kodeverk-8271.codesystem-S"> </a></td><td>Sensitiv, standarddose</td></tr><tr><td style="white-space:nowrap">I<a name="no-kodeverk-8271.codesystem-I"> </a></td><td>Sensitiv, økt eksponering</td></tr><tr><td style="white-space:nowrap">R<a name="no-kodeverk-8271.codesystem-R"> </a></td><td>Resistent</td></tr></table></div>
  </text>
  <url value="http://helsenorge.no/fhir/CodeSystem/no-kodeverk-8271.codesystem"/>
  <identifier>
    <system value="urn:ietf:rfc:3986"/>
    <value value="urn:oid:2.16.578.1.12.4.1.1.8271"/>
  </identifier>
  <version value="0.2.0"/>
  <name value="NoKodeverk8271"/>
  <title value="8271 Resistens"/>
  <status value="active"/>
  <experimental value="false"/>
  <date value="2023-12-12T23:44:27+01:00"/>
  <publisher value="Helsedirektoratet"/>
  <description value="Svarverdier til bruk i resistensbestemmelser (SIR)"/>
  <jurisdiction>
    <coding>
      <system value="urn:iso:std:iso:3166"/>
      <code value="NO"/>
      <display value="Norway"/>
    </coding>
  </jurisdiction>
  <caseSensitive value="true"/>
  <content value="complete"/>
  <count value="3"/>
  <concept>
    <code value="S"/>
    <display value="Sensitiv, standarddose"/>
  </concept>
  <concept>
    <code value="I"/>
    <display value="Sensitiv, økt eksponering"/>
  </concept>
  <concept>
    <code value="R"/>
    <display value="Resistent"/>
  </concept>
</CodeSystem>