<?xml version="1.0" encoding="UTF-8"?>

<CodeSystem xmlns="http://hl7.org/fhir">
  <id value="hn-henvisningsstatus"/>
  <text>
    <status value="generated"/><div xmlns="http://www.w3.org/1999/xhtml"><p class="res-header-id"><b>Generated Narrative: CodeSystem hn-henvisningsstatus</b></p><a name="hn-henvisningsstatus"> </a><a name="hchn-henvisningsstatus"> </a><a name="hn-henvisningsstatus-no-NO"> </a><p>This case-sensitive code system <code>http://helsenorge.no/fhir/CodeSystem/henvisningsstatus</code> defines the following codes:</p><table class="codes"><tr><td style="white-space:nowrap"><b>Code</b></td><td><b>Display</b></td><td><b>Definition</b></td></tr><tr><td style="white-space:nowrap">mottatt<a name="hn-henvisningsstatus-mottatt"> </a></td><td>Mottatt</td><td>Henvisningen er mottatt av mottaker.</td></tr><tr><td style="white-space:nowrap">vurdert-behov<a name="hn-henvisningsstatus-vurdert-behov"> </a></td><td>Vurdert – behov for helsehjelp</td><td>Henvisningen er vurdert, og det er behov for helsehjelp.</td></tr><tr><td style="white-space:nowrap">vurdert-ikke-behov<a name="hn-henvisningsstatus-vurdert-ikke-behov"> </a></td><td>Vurdert – ikke behov for helsehjelp</td><td>Henvisningen er vurdert, men det er ikke behov for helsehjelp.</td></tr><tr><td style="white-space:nowrap">avvist-mangelfull<a name="hn-henvisningsstatus-avvist-mangelfull"> </a></td><td>Avvist – mangelfull informasjon</td><td>Henvisningen er avvist på grunn av manglende eller feil informasjon.</td></tr><tr><td style="white-space:nowrap">planlagt<a name="hn-henvisningsstatus-planlagt"> </a></td><td>Planlagt</td><td>Henvisningen er planlagt for videre oppfølging eller tiltak.</td></tr><tr><td style="white-space:nowrap">avsluttet<a name="hn-henvisningsstatus-avsluttet"> </a></td><td>Avsluttet</td><td>Henvisningen er ferdig behandlet og avsluttet.</td></tr></table></div>
  </text>
  <url value="http://helsenorge.no/fhir/CodeSystem/henvisningsstatus"/>
  <version value="1.2.0"/>
  <name value="HnHenvisningsstatus"/>
  <title value="Henvisningsstatus (HIS 1206)"/>
  <status value="active"/>
  <date value="2025-05-28T02:05:36+02:00"/>
  <description value="Koder som angir status for henvisning i henhold til HIS 1206:2018."/>
  <jurisdiction>
    <coding>
      <system value="urn:iso:std:iso:3166"/>
      <code value="NO"/>
      <display value="Norway"/>
    </coding>
  </jurisdiction>
  <caseSensitive value="true"/>
  <content value="complete"/>
  <count value="6"/>
  <concept>
    <code value="mottatt"/>
    <display value="Mottatt"/>
    <definition value="Henvisningen er mottatt av mottaker."/>
  </concept>
  <concept>
    <code value="vurdert-behov"/>
    <display value="Vurdert – behov for helsehjelp"/>
    <definition value="Henvisningen er vurdert, og det er behov for helsehjelp."/>
  </concept>
  <concept>
    <code value="vurdert-ikke-behov"/>
    <display value="Vurdert – ikke behov for helsehjelp"/>
    <definition value="Henvisningen er vurdert, men det er ikke behov for helsehjelp."/>
  </concept>
  <concept>
    <code value="avvist-mangelfull"/>
    <display value="Avvist – mangelfull informasjon"/>
    <definition value="Henvisningen er avvist på grunn av manglende eller feil informasjon."/>
  </concept>
  <concept>
    <code value="planlagt"/>
    <display value="Planlagt"/>
    <definition value="Henvisningen er planlagt for videre oppfølging eller tiltak."/>
  </concept>
  <concept>
    <code value="avsluttet"/>
    <display value="Avsluttet"/>
    <definition value="Henvisningen er ferdig behandlet og avsluttet."/>
  </concept>
</CodeSystem>