<?xml version="1.0" encoding="UTF-8"?>

<CodeSystem xmlns="http://hl7.org/fhir">
  <id value="no-kodeverk-8202.codesystem"/>
  <text>
    <status value="generated"/><div xmlns="http://www.w3.org/1999/xhtml"><p>This case-sensitive code system <code>http://helsenorge.no/fhir/CodeSystem/no-kodeverk-8202.codesystem</code> defines the following codes:</p><table class="codes"><tr><td style="white-space:nowrap"><b>Code</b></td><td><b>Display</b></td></tr><tr><td style="white-space:nowrap">BLD<a name="no-kodeverk-8202.codesystem-BLD"> </a></td><td>Bildediagnostikk</td></tr><tr><td style="white-space:nowrap">CLIN<a name="no-kodeverk-8202.codesystem-CLIN"> </a></td><td>Medisinsk biokjemi</td></tr><tr><td style="white-space:nowrap">CT<a name="no-kodeverk-8202.codesystem-CT"> </a></td><td>Computertomografi</td></tr><tr><td style="white-space:nowrap">CYTO<a name="no-kodeverk-8202.codesystem-CYTO"> </a></td><td>Cytologi</td></tr><tr><td style="white-space:nowrap">FARM<a name="no-kodeverk-8202.codesystem-FARM"> </a></td><td>Klinisk farmakologi</td></tr><tr><td style="white-space:nowrap">HIST<a name="no-kodeverk-8202.codesystem-HIST"> </a></td><td>Histologi</td></tr><tr><td style="white-space:nowrap">IMTR<a name="no-kodeverk-8202.codesystem-IMTR"> </a></td><td>Immunologi og transfusjonsmedisin</td></tr><tr><td style="white-space:nowrap">LAB<a name="no-kodeverk-8202.codesystem-LAB"> </a></td><td>Laboratoriemedisin</td></tr><tr><td style="white-space:nowrap">MA<a name="no-kodeverk-8202.codesystem-MA"> </a></td><td>Mammografi</td></tr><tr><td style="white-space:nowrap">MBIO<a name="no-kodeverk-8202.codesystem-MBIO"> </a></td><td>Medisinsk mikrobiologi</td></tr><tr><td style="white-space:nowrap">MGEN<a name="no-kodeverk-8202.codesystem-MGEN"> </a></td><td>Medisinsk genetikk</td></tr><tr><td style="white-space:nowrap">MORS<a name="no-kodeverk-8202.codesystem-MORS"> </a></td><td>Mors</td></tr><tr><td style="white-space:nowrap">MPAT<a name="no-kodeverk-8202.codesystem-MPAT"> </a></td><td>Molekylærpatologi</td></tr><tr><td style="white-space:nowrap">MR<a name="no-kodeverk-8202.codesystem-MR"> </a></td><td>Magnettomografi</td></tr><tr><td style="white-space:nowrap">NUK<a name="no-kodeverk-8202.codesystem-NUK"> </a></td><td>Nukleærmedisin</td></tr><tr><td style="white-space:nowrap">OBD<a name="no-kodeverk-8202.codesystem-OBD"> </a></td><td>Obduksjon</td></tr><tr><td style="white-space:nowrap">PAT<a name="no-kodeverk-8202.codesystem-PAT"> </a></td><td>Patologi</td></tr><tr><td style="white-space:nowrap">RAD<a name="no-kodeverk-8202.codesystem-RAD"> </a></td><td>Radiologi</td></tr><tr><td style="white-space:nowrap">RTG<a name="no-kodeverk-8202.codesystem-RTG"> </a></td><td>Røntgen</td></tr><tr><td style="white-space:nowrap">SCI<a name="no-kodeverk-8202.codesystem-SCI"> </a></td><td>Scintigrafi</td></tr><tr><td style="white-space:nowrap">UL<a name="no-kodeverk-8202.codesystem-UL"> </a></td><td>Ultralyd</td></tr><tr><td style="white-space:nowrap">AN<a name="no-kodeverk-8202.codesystem-AN"> </a></td><td>Annet</td></tr></table></div>
  </text>
  <url value="http://helsenorge.no/fhir/CodeSystem/no-kodeverk-8202.codesystem"/>
  <identifier>
    <system value="urn:ietf:rfc:3986"/>
    <value value="urn:oid:2.16.578.1.12.4.1.1.8202"/>
  </identifier>
  <version value="0.2.0"/>
  <name value="NoKodeverk8202"/>
  <title value="8202 Type laboratoriemelding"/>
  <status value="active"/>
  <experimental value="false"/>
  <date value="2023-12-13T16:14:30+01:00"/>
  <publisher value="Direktoratet for e-helse"/>
  <description value="Fagområde innen laboratoriemedisin og bildediagnstikk. Benyttes for å angi type svarrapport"/>
  <jurisdiction>
    <coding>
      <system value="urn:iso:std:iso:3166"/>
      <code value="NO"/>
      <display value="Norway"/>
    </coding>
  </jurisdiction>
  <caseSensitive value="true"/>
  <content value="complete"/>
  <count value="22"/>
  <concept>
    <code value="BLD"/>
    <display value="Bildediagnostikk"/>
  </concept>
  <concept>
    <code value="CLIN"/>
    <display value="Medisinsk biokjemi"/>
  </concept>
  <concept>
    <code value="CT"/>
    <display value="Computertomografi"/>
  </concept>
  <concept>
    <code value="CYTO"/>
    <display value="Cytologi"/>
  </concept>
  <concept>
    <code value="FARM"/>
    <display value="Klinisk farmakologi"/>
  </concept>
  <concept>
    <code value="HIST"/>
    <display value="Histologi"/>
  </concept>
  <concept>
    <code value="IMTR"/>
    <display value="Immunologi og transfusjonsmedisin"/>
  </concept>
  <concept>
    <code value="LAB"/>
    <display value="Laboratoriemedisin"/>
  </concept>
  <concept>
    <code value="MA"/>
    <display value="Mammografi"/>
  </concept>
  <concept>
    <code value="MBIO"/>
    <display value="Medisinsk mikrobiologi"/>
  </concept>
  <concept>
    <code value="MGEN"/>
    <display value="Medisinsk genetikk"/>
  </concept>
  <concept>
    <code value="MORS"/>
    <display value="Mors"/>
  </concept>
  <concept>
    <code value="MPAT"/>
    <display value="Molekylærpatologi"/>
  </concept>
  <concept>
    <code value="MR"/>
    <display value="Magnettomografi"/>
  </concept>
  <concept>
    <code value="NUK"/>
    <display value="Nukleærmedisin"/>
  </concept>
  <concept>
    <code value="OBD"/>
    <display value="Obduksjon"/>
  </concept>
  <concept>
    <code value="PAT"/>
    <display value="Patologi"/>
  </concept>
  <concept>
    <code value="RAD"/>
    <display value="Radiologi"/>
  </concept>
  <concept>
    <code value="RTG"/>
    <display value="Røntgen"/>
  </concept>
  <concept>
    <code value="SCI"/>
    <display value="Scintigrafi"/>
  </concept>
  <concept>
    <code value="UL"/>
    <display value="Ultralyd"/>
  </concept>
  <concept>
    <code value="AN"/>
    <display value="Annet"/>
  </concept>
</CodeSystem>