{
  "resourceType" : "CodeSystem",
  "id" : "no-kodeverk-8445.codesystem",
  "text" : {
    "status" : "generated",
    "div" : "<div xmlns=\"http://www.w3.org/1999/xhtml\"><p class=\"res-header-id\"><b>Generated Narrative: CodeSystem no-kodeverk-8445.codesystem</b></p><a name=\"no-kodeverk-8445.codesystem\"> </a><a name=\"hcno-kodeverk-8445.codesystem\"> </a><a name=\"no-kodeverk-8445.codesystem-no-NO\"> </a><p>This case-sensitive code system <code>http://helsenorge.no/fhir/CodeSystem/no-kodeverk-8445.codesystem</code> defines the following codes:</p><table class=\"codes\"><tr><td style=\"white-space:nowrap\"><b>Code</b></td><td><b>Display</b></td></tr><tr><td style=\"white-space:nowrap\">1<a name=\"no-kodeverk-8445.codesystem-1\"> </a></td><td>Helsehjelp er påbegynt</td></tr><tr><td style=\"white-space:nowrap\">2<a name=\"no-kodeverk-8445.codesystem-2\"> </a></td><td>Pasienten ønsker ikke helsehjelp</td></tr><tr><td style=\"white-space:nowrap\">3<a name=\"no-kodeverk-8445.codesystem-3\"> </a></td><td>Pasienten er henvist til et annet sykehus/institusjon (unntatt fritt behandlingsvalg)</td></tr><tr><td style=\"white-space:nowrap\">4<a name=\"no-kodeverk-8445.codesystem-4\"> </a></td><td>Pasienten har valgt annet sykehus/institusjon</td></tr><tr><td style=\"white-space:nowrap\">5<a name=\"no-kodeverk-8445.codesystem-5\"> </a></td><td>Pasienten mottar helsehjelp ved annet sykehus/institusjon rekvirert av HELFO</td></tr><tr><td style=\"white-space:nowrap\">7<a name=\"no-kodeverk-8445.codesystem-7\"> </a></td><td>Pasienten er henvist til avtalespesialist</td></tr><tr><td style=\"white-space:nowrap\">9<a name=\"no-kodeverk-8445.codesystem-9\"> </a></td><td>Annen årsak til ventetid slutt/helsehjelp uaktuelt</td></tr></table></div>"
  },
  "url" : "http://helsenorge.no/fhir/CodeSystem/no-kodeverk-8445.codesystem",
  "identifier" : [{
    "system" : "urn:ietf:rfc:3986",
    "value" : "urn:oid:2.16.578.1.12.4.1.1.8445"
  }],
  "version" : "1.3.1",
  "name" : "NoKodeverk8445",
  "title" : "8445 Ventetid sluttkode",
  "status" : "active",
  "experimental" : false,
  "date" : "2022-03-17",
  "description" : "Dette kodeverket inneholder koder for avvikling.",
  "jurisdiction" : [{
    "coding" : [{
      "system" : "urn:iso:std:iso:3166",
      "code" : "NO",
      "display" : "Norway"
    }]
  }],
  "caseSensitive" : true,
  "content" : "complete",
  "count" : 7,
  "concept" : [{
    "code" : "1",
    "display" : "Helsehjelp er påbegynt"
  },
  {
    "code" : "2",
    "display" : "Pasienten ønsker ikke helsehjelp"
  },
  {
    "code" : "3",
    "display" : "Pasienten er henvist til et annet sykehus/institusjon (unntatt fritt behandlingsvalg)"
  },
  {
    "code" : "4",
    "display" : "Pasienten har valgt annet sykehus/institusjon"
  },
  {
    "code" : "5",
    "display" : "Pasienten mottar helsehjelp ved annet sykehus/institusjon rekvirert av HELFO"
  },
  {
    "code" : "7",
    "display" : "Pasienten er henvist til avtalespesialist"
  },
  {
    "code" : "9",
    "display" : "Annen årsak til ventetid slutt/helsehjelp uaktuelt"
  }]
}