{
  "resourceType" : "CodeSystem",
  "id" : "no-kodeverk-7611.codesystem",
  "text" : {
    "status" : "generated",
    "div" : "<div xmlns=\"http://www.w3.org/1999/xhtml\"><p>This case-sensitive code system <code>http://helsenorge.no/fhir/CodeSystem/no-kodeverk-7611.codesystem</code> defines the following codes:</p><table class=\"codes\"><tr><td style=\"white-space:nowrap\"><b>Code</b></td><td><b>Display</b></td><td><b>Definition</b></td></tr><tr><td style=\"white-space:nowrap\">FO<a name=\"no-kodeverk-7611.codesystem-FO\"> </a></td><td>Foreldreansvar</td><td>Registrert med foreldreansvar (i FREG). I tillegg må en av foreldrene være registrert med samme bostedsadresse som barnet.</td></tr><tr><td style=\"white-space:nowrap\">VE<a name=\"no-kodeverk-7611.codesystem-VE\"> </a></td><td>Vergemål</td><td>Person som representerer Innbygger basert på  vergemålsvedtak</td></tr><tr><td style=\"white-space:nowrap\">FU<a name=\"no-kodeverk-7611.codesystem-FU\"> </a></td><td>Fullmakt</td><td>Fullmektig basert på fullmakt fra innbygger med full samtykkekompetanse. Hvem som helst kan bli opprettet som fullmektig, relasjon mellom fullmaktsgiver og fullmektig er ikke ytterligere spesifisert.</td></tr><tr><td style=\"white-space:nowrap\">TD<a name=\"no-kodeverk-7611.codesystem-TD\"> </a></td><td>Tildelt fullmakt</td><td>Innbyggers nærmeste pårørende kan, etter bekreftelse fra fastlegen, registreres som fullmektig for innbygger som mangler helserettslig samtykkekompetanse.</td></tr></table></div>"
  },
  "url" : "http://helsenorge.no/fhir/CodeSystem/no-kodeverk-7611.codesystem",
  "identifier" : [{
    "system" : "urn:ietf:rfc:3986",
    "value" : "urn:oid:2.16.578.1.12.4.1.1.7611"
  }],
  "version" : "1.0.0",
  "name" : "NoKodeverk7611",
  "title" : "7611 Representasjonsrolle.",
  "status" : "active",
  "experimental" : false,
  "date" : "2023-03-29",
  "publisher" : "Direktoratet for e-helse",
  "description" : "Dersom en innbygger benytter dialogtjenester på vegne av pasient fra helsenorge.no så skal informasjon om hvem som benytter tjeneste oppgis vha. objektet Pasientrelasjon. Pasienten oppgis som vanlig under patient-tagen i Hodemeldingen, mens personen som benytter en dialogtjeneste på vegne av pasienten skal oppgis i objektet Pasientrelasjon. Relasjon angir her representasjonsolle person som benytter tjeneste har til pasient.",
  "jurisdiction" : [{
    "coding" : [{
      "system" : "urn:iso:std:iso:3166",
      "code" : "NO",
      "display" : "Norway"
    }]
  }],
  "caseSensitive" : true,
  "content" : "complete",
  "count" : 4,
  "concept" : [{
    "code" : "FO",
    "display" : "Foreldreansvar",
    "definition" : "Registrert med foreldreansvar (i FREG). I tillegg må en av foreldrene være registrert med samme bostedsadresse som barnet."
  },
  {
    "code" : "VE",
    "display" : "Vergemål",
    "definition" : "Person som representerer Innbygger basert på  vergemålsvedtak"
  },
  {
    "code" : "FU",
    "display" : "Fullmakt",
    "definition" : "Fullmektig basert på fullmakt fra innbygger med full samtykkekompetanse. Hvem som helst kan bli opprettet som fullmektig, relasjon mellom fullmaktsgiver og fullmektig er ikke ytterligere spesifisert."
  },
  {
    "code" : "TD",
    "display" : "Tildelt fullmakt",
    "definition" : "Innbyggers nærmeste pårørende kan, etter bekreftelse fra fastlegen, registreres som fullmektig for innbygger som mangler helserettslig samtykkekompetanse."
  }]
}