<?xml version="1.0" encoding="UTF-8"?>

<CodeSystem xmlns="http://hl7.org/fhir">
  <id value="no-kodeverk-7280-nlk.codesystem"/>
  <text>
    <status value="generated"/><div xmlns="http://www.w3.org/1999/xhtml"><p>This case-sensitive code system <code>http://helsenorge.no/fhir/CodeSystem/no-kodeverk-7280-nlk.codesystem</code> defines codes, but no codes are represented here</p></div>
  </text>
  <url value="http://helsenorge.no/fhir/CodeSystem/no-kodeverk-7280-nlk.codesystem"/>
  <identifier>
    <system value="urn:ietf:rfc:3986"/>
    <value value="urn:oid:2.16.578.1.12.4.1.1.7280"/>
  </identifier>
  <version value="0.2.0"/>
  <name value="NoKodeverk7280NLK"/>
  <title value="Norsk laboratoriekodeverk"/>
  <status value="active"/>
  <experimental value="false"/>
  <date value="2023-11-15T23:05:14+01:00"/>
  <publisher value="Direktoratet for e-helse"/>
  <description value="Norsk laboratoriekodverk er et felles kodeverk for laboratorieanalyser utarbeidet i samarbeid med de laboratoriefaglige miljøene fordelt på 6 spesialiteter: Immunologi og transfusjonsmedisin, Klinisk farmakologi, Medisinsk biokjemi, Medisinsk genetikk, Medisinsk mikrobiologi og Patologi."/>
  <jurisdiction>
    <coding>
      <system value="urn:iso:std:iso:3166"/>
      <code value="NO"/>
      <display value="Norway"/>
    </coding>
  </jurisdiction>
  <caseSensitive value="true"/>
  <content value="not-present"/>
</CodeSystem>