<?xml version="1.0" encoding="UTF-8"?>

<CodeSystem xmlns="http://hl7.org/fhir">
  <id value="no-kodeverk-8232.codesystem"/>
  <text>
    <status value="generated"/><div xmlns="http://www.w3.org/1999/xhtml"><p>This case-sensitive code system <code>http://helsenorge.no/fhir/CodeSystem/no-kodeverk-8232.codesystem</code> defines the following codes:</p><table class="codes"><tr><td style="white-space:nowrap"><b>Code</b></td><td><b>Display</b></td></tr><tr><td style="white-space:nowrap">PFP<a name="no-kodeverk-8232.codesystem-PFP"> </a></td><td>Profylaktisk prosedyre</td></tr><tr><td style="white-space:nowrap">DI<a name="no-kodeverk-8232.codesystem-DI"> </a></td><td>Diett</td></tr><tr><td style="white-space:nowrap">FA<a name="no-kodeverk-8232.codesystem-FA"> </a></td><td>Faste</td></tr><tr><td style="white-space:nowrap">MEDB<a name="no-kodeverk-8232.codesystem-MEDB"> </a></td><td>Medikamentell behandling</td></tr></table></div>
  </text>
  <url value="http://helsenorge.no/fhir/CodeSystem/no-kodeverk-8232.codesystem"/>
  <identifier>
    <system value="urn:ietf:rfc:3986"/>
    <value value="urn:oid:2.16.578.1.12.4.1.1.8232"/>
  </identifier>
  <version value="0.1.0"/>
  <name value="NoKodeverk8232"/>
  <title value="8232 Forbehandling"/>
  <status value="active"/>
  <experimental value="false"/>
  <date value="2023-11-05T18:57:51+01:00"/>
  <publisher value="Direktoratet for e-helse"/>
  <description value="Forberedelse før undersøkelse"/>
  <jurisdiction>
    <coding>
      <system value="urn:iso:std:iso:3166"/>
      <code value="NO"/>
      <display value="Norway"/>
    </coding>
  </jurisdiction>
  <caseSensitive value="true"/>
  <content value="complete"/>
  <count value="4"/>
  <concept>
    <code value="PFP"/>
    <display value="Profylaktisk prosedyre"/>
  </concept>
  <concept>
    <code value="DI"/>
    <display value="Diett"/>
  </concept>
  <concept>
    <code value="FA"/>
    <display value="Faste"/>
  </concept>
  <concept>
    <code value="MEDB"/>
    <display value="Medikamentell behandling"/>
  </concept>
</CodeSystem>