<?xml version="1.0" encoding="UTF-8"?>

<CodeSystem xmlns="http://hl7.org/fhir">
  <id value="hn-kodeverk-varsling.codesystem"/>
  <text>
    <status value="generated"/><div xmlns="http://www.w3.org/1999/xhtml"><p>This case-sensitive code system <code>http://helsenorge.no/fhir/CodeSystem/hn-kodeverk-varsling.codesystem</code> defines the following codes:</p><table class="codes"><tr><td style="white-space:nowrap"><b>Code</b></td><td><b>Display</b></td></tr><tr><td style="white-space:nowrap">1<a name="hn-kodeverk-varsling.codesystem-1"> </a></td><td>Innbygger skal ikke varsles</td></tr><tr><td style="white-space:nowrap">9<a name="hn-kodeverk-varsling.codesystem-9"> </a></td><td>Benytt angitt navn som avsender i varsel til innbygger</td></tr></table></div>
  </text>
  <url value="http://helsenorge.no/fhir/CodeSystem/hn-kodeverk-varsling.codesystem"/>
  <identifier>
    <value value="http://helsenorge.no/fhir/varsling"/>
  </identifier>
  <version value="0.2.0"/>
  <name value="HnKodeverkVarsling"/>
  <title value="Varsling"/>
  <status value="active"/>
  <experimental value="false"/>
  <date value="2023-11-13T19:18:44+01:00"/>
  <publisher value="Helsenorge"/>
  <description value="Angir om innbygger skal varsles når en ekstern aktør lagrer eller endrer en ressurs på Helsenorge. I tillegg hvordan avsender organisasjonen skal framstå (navn) i SMS- og e-post varsler til innbygger."/>
  <jurisdiction>
    <coding>
      <system value="urn:iso:std:iso:3166"/>
      <code value="NO"/>
      <display value="Norway"/>
    </coding>
  </jurisdiction>
  <caseSensitive value="true"/>
  <content value="complete"/>
  <count value="2"/>
  <concept>
    <code value="1"/>
    <display value="Innbygger skal ikke varsles"/>
  </concept>
  <concept>
    <code value="9"/>
    <display value="Benytt angitt navn som avsender i varsel til innbygger"/>
  </concept>
</CodeSystem>