{
  "resourceType" : "Bundle",
  "id" : "f0912357-407b-45c1-a680-7470bc954fd9",
  "meta" : {
    "lastUpdated" : "2025-09-29T13:11:32.062+02:00"
  },
  "type" : "collection",
  "entry" : [{
    "fullUrl" : "http://helsenorge.no/fhir/ValueSet/hn-schedule-type-vs",
    "resource" : {
      "resourceType" : "ValueSet",
      "text" : {
        "status" : "generated",
        "div" : "<div xmlns=\"http://www.w3.org/1999/xhtml\"><p class=\"res-header-id\"><b>Generated Narrative: ValueSet </b></p><p style=\"border: black 1px dotted; background-color: #EEEEEE; padding: 8px; margin-bottom: 8px\">Expansion done internally based on <a href=\"CodeSystem-hn-schedule-type-cs.html\">codesystem Codes that should be used for schedule type v1.2.1 (CodeSystem)</a></p><p>This value set contains 7 concepts</p><table class=\"codes\"><tr><td style=\"white-space:nowrap\"><b>Code</b></td><td><b>System</b></td><td><b>Display</b></td></tr><tr><td style=\"white-space:nowrap\"><a name=\"x-http://helsenorge.no/fhir/CodeSystem/hn-schedule-type-cs-Lab\"> </a>\u00a0\u00a0<a href=\"CodeSystem-hn-schedule-type-cs.html#hn-schedule-type-cs-Lab\">Lab</a></td><td>http://helsenorge.no/fhir/CodeSystem/hn-schedule-type-cs</td><td>Lab</td></tr><tr><td style=\"white-space:nowrap\"><a name=\"x-http://helsenorge.no/fhir/CodeSystem/hn-schedule-type-cs-Vaksine\"> </a>\u00a0\u00a0<a href=\"CodeSystem-hn-schedule-type-cs.html#hn-schedule-type-cs-Vaksine\">Vaksine</a></td><td>http://helsenorge.no/fhir/CodeSystem/hn-schedule-type-cs</td><td>Vaksine</td></tr><tr><td style=\"white-space:nowrap\"><a name=\"x-http://helsenorge.no/fhir/CodeSystem/hn-schedule-type-cs-Koronavaksine\"> </a>\u00a0\u00a0<a href=\"CodeSystem-hn-schedule-type-cs.html#hn-schedule-type-cs-Koronavaksine\">Koronavaksine</a></td><td>http://helsenorge.no/fhir/CodeSystem/hn-schedule-type-cs</td><td>Koronavaksine</td></tr><tr><td style=\"white-space:nowrap\"><a name=\"x-http://helsenorge.no/fhir/CodeSystem/hn-schedule-type-cs-Koronatest\"> </a>\u00a0\u00a0<a href=\"CodeSystem-hn-schedule-type-cs.html#hn-schedule-type-cs-Koronatest\">Koronatest</a></td><td>http://helsenorge.no/fhir/CodeSystem/hn-schedule-type-cs</td><td>Koronatest</td></tr><tr><td style=\"white-space:nowrap\"><a name=\"x-http://helsenorge.no/fhir/CodeSystem/hn-schedule-type-cs-Behandlertimebok\"> </a>\u00a0\u00a0<a href=\"CodeSystem-hn-schedule-type-cs.html#hn-schedule-type-cs-Behandlertimebok\">Behandlertimebok</a></td><td>http://helsenorge.no/fhir/CodeSystem/hn-schedule-type-cs</td><td>Behandlertimebok</td></tr><tr><td style=\"white-space:nowrap\"><a name=\"x-http://helsenorge.no/fhir/CodeSystem/hn-schedule-type-cs-Annen\"> </a>\u00a0\u00a0<a href=\"CodeSystem-hn-schedule-type-cs.html#hn-schedule-type-cs-Annen\">Annen</a></td><td>http://helsenorge.no/fhir/CodeSystem/hn-schedule-type-cs</td><td>Annen</td></tr><tr><td style=\"white-space:nowrap\"><a name=\"x-http://helsenorge.no/fhir/CodeSystem/hn-schedule-type-cs-Blodbank\"> </a>\u00a0\u00a0<a href=\"CodeSystem-hn-schedule-type-cs.html#hn-schedule-type-cs-Blodbank\">Blodbank</a></td><td>http://helsenorge.no/fhir/CodeSystem/hn-schedule-type-cs</td><td>Blodbank</td></tr></table></div>"
      },
      "url" : "http://helsenorge.no/fhir/ValueSet/hn-schedule-type-vs",
      "version" : "1.2.1",
      "name" : "HnScheduleTypeVS",
      "title" : "hn-schedule-type-vs",
      "status" : "draft",
      "experimental" : true,
      "date" : "2025-09-29T13:11:32+02:00",
      "jurisdiction" : [{
        "coding" : [{
          "system" : "urn:iso:std:iso:3166",
          "code" : "NO",
          "display" : "Norway"
        }]
      }],
      "expansion" : {
        "identifier" : "urn:uuid:8ced5185-a31d-4ce0-817e-783234010765",
        "timestamp" : "2025-09-29T13:12:16+02:00",
        "total" : 7,
        "offset" : 0,
        "parameter" : [{
          "name" : "count",
          "valueInteger" : 1000
        },
        {
          "name" : "offset",
          "valueInteger" : 0
        },
        {
          "name" : "excludeNested",
          "valueBoolean" : false
        },
        {
          "name" : "used-codesystem",
          "valueUri" : "http://helsenorge.no/fhir/CodeSystem/hn-schedule-type-cs|1.2.1"
        }],
        "contains" : [{
          "system" : "http://helsenorge.no/fhir/CodeSystem/hn-schedule-type-cs",
          "code" : "Lab",
          "display" : "Lab"
        },
        {
          "system" : "http://helsenorge.no/fhir/CodeSystem/hn-schedule-type-cs",
          "code" : "Vaksine",
          "display" : "Vaksine"
        },
        {
          "system" : "http://helsenorge.no/fhir/CodeSystem/hn-schedule-type-cs",
          "code" : "Koronavaksine",
          "display" : "Koronavaksine"
        },
        {
          "system" : "http://helsenorge.no/fhir/CodeSystem/hn-schedule-type-cs",
          "code" : "Koronatest",
          "display" : "Koronatest"
        },
        {
          "system" : "http://helsenorge.no/fhir/CodeSystem/hn-schedule-type-cs",
          "code" : "Behandlertimebok",
          "display" : "Behandlertimebok"
        },
        {
          "system" : "http://helsenorge.no/fhir/CodeSystem/hn-schedule-type-cs",
          "code" : "Annen",
          "display" : "Annen"
        },
        {
          "system" : "http://helsenorge.no/fhir/CodeSystem/hn-schedule-type-cs",
          "code" : "Blodbank",
          "display" : "Blodbank"
        }]
      }
    }
  },
  {
    "fullUrl" : "http://helsenorge.no/fhir/ValueSet/serviceRequest-category-vs",
    "resource" : {
      "resourceType" : "ValueSet",
      "text" : {
        "status" : "generated",
        "div" : "<div xmlns=\"http://www.w3.org/1999/xhtml\"><p class=\"res-header-id\"><b>Generated Narrative: ValueSet </b></p><p style=\"border: black 1px dotted; background-color: #EEEEEE; padding: 8px; margin-bottom: 8px\">Expansion from tx.fhir.org based on SNOMED CT 900000000000207008 edition 01-feb. 2025</p><p>This value set contains 3 concepts</p><table class=\"codes\"><tr><td style=\"white-space:nowrap\"><b>Code</b></td><td><b>System</b></td><td><b>Display</b></td></tr><tr><td style=\"white-space:nowrap\"><a name=\"x-http://snomed.info/sct-1269515004\"> </a>\u00a0\u00a0<a href=\"http://snomed.info/id/1269515004\">1269515004</a></td><td>http://snomed.info/sct</td><td>Face to face consultation with patient (procedure)</td></tr><tr><td style=\"white-space:nowrap\"><a name=\"x-http://snomed.info/sct-719410009\"> </a>\u00a0\u00a0<a href=\"http://snomed.info/id/719410009\">719410009</a></td><td>http://snomed.info/sct</td><td>Consultation via video conference (procedure)</td></tr><tr><td style=\"white-space:nowrap\"><a name=\"x-http://snomed.info/sct-3457005\"> </a>\u00a0\u00a0<a href=\"http://snomed.info/id/3457005\">3457005</a></td><td>http://snomed.info/sct</td><td>Patient referral</td></tr></table></div>"
      },
      "url" : "http://helsenorge.no/fhir/ValueSet/serviceRequest-category-vs",
      "version" : "1.2.1",
      "name" : "ServiceRequestCategoryVS",
      "title" : "ServiceRequest Category Value Set",
      "status" : "active",
      "experimental" : true,
      "date" : "2025-09-29T13:11:32+02:00",
      "jurisdiction" : [{
        "coding" : [{
          "system" : "urn:iso:std:iso:3166",
          "code" : "NO",
          "display" : "Norway"
        }]
      }],
      "expansion" : {
        "identifier" : "urn:uuid:6011f1a6-56f1-400d-bd76-aa21cca07cd1",
        "timestamp" : "2025-09-29T13:12:16+02:00",
        "total" : 3,
        "offset" : 0,
        "parameter" : [{
          "name" : "count",
          "valueInteger" : 1000
        },
        {
          "name" : "offset",
          "valueInteger" : 0
        },
        {
          "name" : "excludeNested",
          "valueBoolean" : false
        },
        {
          "name" : "used-valueset",
          "valueUri" : "null"
        },
        {
          "name" : "used-codesystem",
          "valueUri" : "http://snomed.info/sct|http://snomed.info/sct/900000000000207008/version/20250201"
        },
        {
          "name" : "version",
          "valueUri" : "http://snomed.info/sct|http://snomed.info/sct/900000000000207008/version/20250201"
        }],
        "contains" : [{
          "system" : "http://snomed.info/sct",
          "code" : "1269515004",
          "display" : "Face to face consultation with patient (procedure)"
        },
        {
          "system" : "http://snomed.info/sct",
          "code" : "719410009",
          "display" : "Consultation via video conference (procedure)"
        },
        {
          "system" : "http://snomed.info/sct",
          "code" : "3457005",
          "display" : "Patient referral"
        }]
      }
    }
  }]
}