<?xml version="1.0" encoding="UTF-8"?>

<Bundle xmlns="http://hl7.org/fhir">
  <id value="bed68806-33e0-494c-82be-9d516eaa1c8c"/>
  <meta>
    <lastUpdated value="2025-05-29T20:33:03.084+02:00"/>
  </meta>
  <type value="collection"/>
  <entry>
    <fullUrl value="http://helsenorge.no/fhir/ValueSet/henvisningsstatus-vs"/>
    <resource>
      <ValueSet>
        <text>
          <status value="generated"/>
          <div xmlns="http://www.w3.org/1999/xhtml">
            <p class="res-header-id">
              <b>Generated Narrative: ValueSet </b>
            </p>
            <p style="border: black 1px dotted; background-color: #EEEEEE; padding: 8px; margin-bottom: 8px">Expansion done internally based on 
              <a href="CodeSystem-hn-henvisningsstatus.html">codesystem Henvisningsstatus (HIS 1206) v1.2.0 (CodeSystem)</a>
            </p>
            <p>This value set contains 6 concepts</p>
            <table class="codes">
              <tr>
                <td style="white-space:nowrap">
                  <b>Code</b>
                </td>
                <td>
                  <b>System</b>
                </td>
                <td>
                  <b>Display</b>
                </td>
                <td>
                  <b>Definition</b>
                </td>
              </tr>
              <tr>
                <td style="white-space:nowrap">
                  <a name="x-http://helsenorge.no/fhir/CodeSystem/henvisningsstatus-mottatt"> </a>  
                  <a href="CodeSystem-hn-henvisningsstatus.html#hn-henvisningsstatus-mottatt">mottatt</a>
                </td>
                <td>http://helsenorge.no/fhir/CodeSystem/henvisningsstatus</td>
                <td>Mottatt</td>
                <td>
                  <div>
                    <p>Henvisningen er mottatt av mottaker.</p>

                  </div>
                </td>
              </tr>
              <tr>
                <td style="white-space:nowrap">
                  <a name="x-http://helsenorge.no/fhir/CodeSystem/henvisningsstatus-vurdert-behov"> </a>  
                  <a href="CodeSystem-hn-henvisningsstatus.html#hn-henvisningsstatus-vurdert-behov">vurdert-behov</a>
                </td>
                <td>http://helsenorge.no/fhir/CodeSystem/henvisningsstatus</td>
                <td>Vurdert – behov for helsehjelp</td>
                <td>
                  <div>
                    <p>Henvisningen er vurdert, og det er behov for helsehjelp.</p>

                  </div>
                </td>
              </tr>
              <tr>
                <td style="white-space:nowrap">
                  <a name="x-http://helsenorge.no/fhir/CodeSystem/henvisningsstatus-vurdert-ikke-behov"> </a>  
                  <a href="CodeSystem-hn-henvisningsstatus.html#hn-henvisningsstatus-vurdert-ikke-behov">vurdert-ikke-behov</a>
                </td>
                <td>http://helsenorge.no/fhir/CodeSystem/henvisningsstatus</td>
                <td>Vurdert – ikke behov for helsehjelp</td>
                <td>
                  <div>
                    <p>Henvisningen er vurdert, men det er ikke behov for helsehjelp.</p>

                  </div>
                </td>
              </tr>
              <tr>
                <td style="white-space:nowrap">
                  <a name="x-http://helsenorge.no/fhir/CodeSystem/henvisningsstatus-avvist-mangelfull"> </a>  
                  <a href="CodeSystem-hn-henvisningsstatus.html#hn-henvisningsstatus-avvist-mangelfull">avvist-mangelfull</a>
                </td>
                <td>http://helsenorge.no/fhir/CodeSystem/henvisningsstatus</td>
                <td>Avvist – mangelfull informasjon</td>
                <td>
                  <div>
                    <p>Henvisningen er avvist på grunn av manglende eller feil informasjon.</p>

                  </div>
                </td>
              </tr>
              <tr>
                <td style="white-space:nowrap">
                  <a name="x-http://helsenorge.no/fhir/CodeSystem/henvisningsstatus-planlagt"> </a>  
                  <a href="CodeSystem-hn-henvisningsstatus.html#hn-henvisningsstatus-planlagt">planlagt</a>
                </td>
                <td>http://helsenorge.no/fhir/CodeSystem/henvisningsstatus</td>
                <td>Planlagt</td>
                <td>
                  <div>
                    <p>Henvisningen er planlagt for videre oppfølging eller tiltak.</p>

                  </div>
                </td>
              </tr>
              <tr>
                <td style="white-space:nowrap">
                  <a name="x-http://helsenorge.no/fhir/CodeSystem/henvisningsstatus-avsluttet"> </a>  
                  <a href="CodeSystem-hn-henvisningsstatus.html#hn-henvisningsstatus-avsluttet">avsluttet</a>
                </td>
                <td>http://helsenorge.no/fhir/CodeSystem/henvisningsstatus</td>
                <td>Avsluttet</td>
                <td>
                  <div>
                    <p>Henvisningen er ferdig behandlet og avsluttet.</p>

                  </div>
                </td>
              </tr>
            </table>
          </div>
        </text>
        <url value="http://helsenorge.no/fhir/ValueSet/henvisningsstatus-vs"/>
        <version value="1.2.0"/>
        <name value="HenvisningsstatusVS"/>
        <title value="Henvisningsstatus ValueSet"/>
        <status value="active"/>
        <experimental value="true"/>
        <date value="2025-05-29T20:33:03+02:00"/>
        <jurisdiction>
          <coding>
            <system value="urn:iso:std:iso:3166"/>
            <code value="NO"/>
            <display value="Norway"/>
          </coding>
        </jurisdiction>
        <expansion>
          <identifier value="urn:uuid:d3de99b6-5d83-47d3-8851-eed8490b7240"/>
          <timestamp value="2025-05-29T20:33:39+02:00"/>
          <total value="6"/>
          <offset value="0"/>
          <parameter>
            <name value="count"/>
            <valueInteger value="1000"/>
          </parameter>
          <parameter>
            <name value="offset"/>
            <valueInteger value="0"/>
          </parameter>
          <parameter>
            <name value="excludeNested"/>
            <valueBoolean value="false"/>
          </parameter>
          <parameter>
            <name value="used-codesystem"/>
            <valueUri value="http://helsenorge.no/fhir/CodeSystem/henvisningsstatus|1.2.0"/>
          </parameter>
          <contains>
            <system value="http://helsenorge.no/fhir/CodeSystem/henvisningsstatus"/>
            <code value="mottatt"/>
            <display value="Mottatt"/>
          </contains>
          <contains>
            <system value="http://helsenorge.no/fhir/CodeSystem/henvisningsstatus"/>
            <code value="vurdert-behov"/>
            <display value="Vurdert – behov for helsehjelp"/>
          </contains>
          <contains>
            <system value="http://helsenorge.no/fhir/CodeSystem/henvisningsstatus"/>
            <code value="vurdert-ikke-behov"/>
            <display value="Vurdert – ikke behov for helsehjelp"/>
          </contains>
          <contains>
            <system value="http://helsenorge.no/fhir/CodeSystem/henvisningsstatus"/>
            <code value="avvist-mangelfull"/>
            <display value="Avvist – mangelfull informasjon"/>
          </contains>
          <contains>
            <system value="http://helsenorge.no/fhir/CodeSystem/henvisningsstatus"/>
            <code value="planlagt"/>
            <display value="Planlagt"/>
          </contains>
          <contains>
            <system value="http://helsenorge.no/fhir/CodeSystem/henvisningsstatus"/>
            <code value="avsluttet"/>
            <display value="Avsluttet"/>
          </contains>
        </expansion>
      </ValueSet>
    </resource>
  </entry>
  <entry>
    <fullUrl value="http://helsenorge.no/fhir/ValueSet/hn-extended-servicerequest-status"/>
    <resource>
      <ValueSet>
        <text>
          <status value="generated"/>
          <div xmlns="http://www.w3.org/1999/xhtml">
            <p class="res-header-id">
              <b>Generated Narrative: ValueSet </b>
            </p>
            <div style="border: black 1px dotted; background-color: #EEEEEE; padding: 8px; margin-bottom: 8px">
              <p>Expansion done internally based on:</p>
              <ul>
                <li>
                  <a href="CodeSystem-no-kodeverk-9148.codesystem.html">codesystem 9148 Henvisning (elektronisk melding) v1.2.0 (CodeSystem)</a>
                </li>
                <li>
                  <a href="http://hl7.org/fhir/R4/codesystem-request-status.html">codesystem RequestStatus v4.0.1 (CodeSystem)</a>
                </li>
              </ul>
            </div>
            <p>This value set contains 12 concepts</p>
            <table class="codes">
              <tr>
                <td style="white-space:nowrap">
                  <b>Code</b>
                </td>
                <td>
                  <b>System</b>
                </td>
                <td>
                  <b>Display</b>
                </td>
                <td>
                  <b>Definition</b>
                </td>
              </tr>
              <tr>
                <td style="white-space:nowrap">
                  <a name="x-http://hl7.org/fhir/request-status-draft"> </a>  
                  <a href="http://hl7.org/fhir/R4/codesystem-request-status.html#request-status-draft">draft</a>
                </td>
                <td>http://hl7.org/fhir/request-status</td>
                <td>Draft</td>
                <td>
                  <div>
                    <p>The request has been created but is not yet complete or ready for action.</p>

                  </div>
                </td>
              </tr>
              <tr>
                <td style="white-space:nowrap">
                  <a name="x-http://hl7.org/fhir/request-status-active"> </a>  
                  <a href="http://hl7.org/fhir/R4/codesystem-request-status.html#request-status-active">active</a>
                </td>
                <td>http://hl7.org/fhir/request-status</td>
                <td>Active</td>
                <td>
                  <div>
                    <p>The request is in force and ready to be acted upon.</p>

                  </div>
                </td>
              </tr>
              <tr>
                <td style="white-space:nowrap">
                  <a name="x-http://hl7.org/fhir/request-status-on-hold"> </a>  
                  <a href="http://hl7.org/fhir/R4/codesystem-request-status.html#request-status-on-hold">on-hold</a>
                </td>
                <td>http://hl7.org/fhir/request-status</td>
                <td>On Hold</td>
                <td>
                  <div>
                    <p>The request (and any implicit authorization to act) has been temporarily withdrawn but is expected to resume in the future.</p>

                  </div>
                </td>
              </tr>
              <tr>
                <td style="white-space:nowrap">
                  <a name="x-http://hl7.org/fhir/request-status-revoked"> </a>  
                  <a href="http://hl7.org/fhir/R4/codesystem-request-status.html#request-status-revoked">revoked</a>
                </td>
                <td>http://hl7.org/fhir/request-status</td>
                <td>Revoked</td>
                <td>
                  <div>
                    <p>The request (and any implicit authorization to act) has been terminated prior to the known full completion of the intended actions.  No further activity should occur.</p>

                  </div>
                </td>
              </tr>
              <tr>
                <td style="white-space:nowrap">
                  <a name="x-http://hl7.org/fhir/request-status-completed"> </a>  
                  <a href="http://hl7.org/fhir/R4/codesystem-request-status.html#request-status-completed">completed</a>
                </td>
                <td>http://hl7.org/fhir/request-status</td>
                <td>Completed</td>
                <td>
                  <div>
                    <p>The activity described by the request has been fully performed.  No further activity will occur.</p>

                  </div>
                </td>
              </tr>
              <tr>
                <td style="white-space:nowrap">
                  <a name="x-http://hl7.org/fhir/request-status-entered-in-error"> </a>  
                  <a href="http://hl7.org/fhir/R4/codesystem-request-status.html#request-status-entered-in-error">entered-in-error</a>
                </td>
                <td>http://hl7.org/fhir/request-status</td>
                <td>Entered in Error</td>
                <td>
                  <div>
                    <p>This request should never have existed and should be considered 'void'.  (It is possible that real-world decisions were based on it.  If real-world activity has occurred, the status should be &quot;revoked&quot; rather than &quot;entered-in-error&quot;.).</p>

                  </div>
                </td>
              </tr>
              <tr>
                <td style="white-space:nowrap">
                  <a name="x-http://hl7.org/fhir/request-status-unknown"> </a>  
                  <a href="http://hl7.org/fhir/R4/codesystem-request-status.html#request-status-unknown">unknown</a>
                </td>
                <td>http://hl7.org/fhir/request-status</td>
                <td>Unknown</td>
                <td>
                  <div>
                    <p>The authoring/source system does not know which of the status values currently applies for this request.  Note: This concept is not to be used for &quot;other&quot; - one of the listed statuses is presumed to apply,  but the authoring/source system does not know which.</p>

                  </div>
                </td>
              </tr>
              <tr>
                <td style="white-space:nowrap">
                  <a name="x-http://helsenorge.no/fhir/CodeSystem/no-kodeverk-9148.codesystem-1"> </a>  
                  <a href="CodeSystem-no-kodeverk-9148.codesystem.html#no-kodeverk-9148.codesystem-1">1</a>
                </td>
                <td>http://helsenorge.no/fhir/CodeSystem/no-kodeverk-9148.codesystem</td>
                <td>Innkalles til helsehjelp</td>
                <td>
                  <div/>
                </td>
              </tr>
              <tr>
                <td style="white-space:nowrap">
                  <a name="x-http://helsenorge.no/fhir/CodeSystem/no-kodeverk-9148.codesystem-2"> </a>  
                  <a href="CodeSystem-no-kodeverk-9148.codesystem.html#no-kodeverk-9148.codesystem-2">2</a>
                </td>
                <td>http://helsenorge.no/fhir/CodeSystem/no-kodeverk-9148.codesystem</td>
                <td>Rett til helsehjelp, tidspunkt kommer</td>
                <td>
                  <div/>
                </td>
              </tr>
              <tr>
                <td style="white-space:nowrap">
                  <a name="x-http://helsenorge.no/fhir/CodeSystem/no-kodeverk-9148.codesystem-3"> </a>  
                  <a href="CodeSystem-no-kodeverk-9148.codesystem.html#no-kodeverk-9148.codesystem-3">3</a>
                </td>
                <td>http://helsenorge.no/fhir/CodeSystem/no-kodeverk-9148.codesystem</td>
                <td>Henvisningen er videresendt</td>
                <td>
                  <div/>
                </td>
              </tr>
              <tr>
                <td style="white-space:nowrap">
                  <a name="x-http://helsenorge.no/fhir/CodeSystem/no-kodeverk-9148.codesystem-4"> </a>  
                  <a href="CodeSystem-no-kodeverk-9148.codesystem.html#no-kodeverk-9148.codesystem-4">4</a>
                </td>
                <td>http://helsenorge.no/fhir/CodeSystem/no-kodeverk-9148.codesystem</td>
                <td>Henvisningen er avvist</td>
                <td>
                  <div/>
                </td>
              </tr>
              <tr>
                <td style="white-space:nowrap">
                  <a name="x-http://helsenorge.no/fhir/CodeSystem/no-kodeverk-9148.codesystem-11"> </a>  
                  <a href="CodeSystem-no-kodeverk-9148.codesystem.html#no-kodeverk-9148.codesystem-11">11</a>
                </td>
                <td>http://helsenorge.no/fhir/CodeSystem/no-kodeverk-9148.codesystem</td>
                <td>Råd til henviser</td>
                <td>
                  <div/>
                </td>
              </tr>
            </table>
          </div>
        </text>
        <url value="http://helsenorge.no/fhir/ValueSet/hn-extended-servicerequest-status"/>
        <version value="1.2.0"/>
        <name value="HnExtendedServiceRequestStatus"/>
        <title value="Extended ServiceRequest Status"/>
        <status value="active"/>
        <date value="2025-05-29T20:33:03+02:00"/>
        <jurisdiction>
          <coding>
            <system value="urn:iso:std:iso:3166"/>
            <code value="NO"/>
            <display value="Norway"/>
          </coding>
        </jurisdiction>
        <expansion>
          <identifier value="urn:uuid:2d55c66f-60b3-4c9d-a3e9-50ccc2ee58c6"/>
          <timestamp value="2025-05-29T20:33:39+02:00"/>
          <total value="12"/>
          <offset value="0"/>
          <parameter>
            <name value="count"/>
            <valueInteger value="1000"/>
          </parameter>
          <parameter>
            <name value="offset"/>
            <valueInteger value="0"/>
          </parameter>
          <parameter>
            <name value="excludeNested"/>
            <valueBoolean value="false"/>
          </parameter>
          <parameter>
            <name value="warning-draft"/>
            <valueUri value="http://hl7.org/fhir/request-status|4.0.1"/>
          </parameter>
          <parameter>
            <name value="used-codesystem"/>
            <valueUri value="http://hl7.org/fhir/request-status|4.0.1"/>
          </parameter>
          <parameter>
            <name value="used-codesystem"/>
            <valueUri value="http://helsenorge.no/fhir/CodeSystem/no-kodeverk-9148.codesystem|1.2.0"/>
          </parameter>
          <contains>
            <system value="http://hl7.org/fhir/request-status"/>
            <code value="draft"/>
            <display value="Draft"/>
          </contains>
          <contains>
            <system value="http://hl7.org/fhir/request-status"/>
            <code value="active"/>
            <display value="Active"/>
          </contains>
          <contains>
            <system value="http://hl7.org/fhir/request-status"/>
            <code value="on-hold"/>
            <display value="On Hold"/>
          </contains>
          <contains>
            <system value="http://hl7.org/fhir/request-status"/>
            <code value="revoked"/>
            <display value="Revoked"/>
          </contains>
          <contains>
            <system value="http://hl7.org/fhir/request-status"/>
            <code value="completed"/>
            <display value="Completed"/>
          </contains>
          <contains>
            <system value="http://hl7.org/fhir/request-status"/>
            <code value="entered-in-error"/>
            <display value="Entered in Error"/>
          </contains>
          <contains>
            <system value="http://hl7.org/fhir/request-status"/>
            <code value="unknown"/>
            <display value="Unknown"/>
          </contains>
          <contains>
            <system value="http://helsenorge.no/fhir/CodeSystem/no-kodeverk-9148.codesystem"/>
            <code value="1"/>
            <display value="Innkalles til helsehjelp"/>
          </contains>
          <contains>
            <system value="http://helsenorge.no/fhir/CodeSystem/no-kodeverk-9148.codesystem"/>
            <code value="2"/>
            <display value="Rett til helsehjelp, tidspunkt kommer"/>
          </contains>
          <contains>
            <system value="http://helsenorge.no/fhir/CodeSystem/no-kodeverk-9148.codesystem"/>
            <code value="3"/>
            <display value="Henvisningen er videresendt"/>
          </contains>
          <contains>
            <system value="http://helsenorge.no/fhir/CodeSystem/no-kodeverk-9148.codesystem"/>
            <code value="4"/>
            <display value="Henvisningen er avvist"/>
          </contains>
          <contains>
            <system value="http://helsenorge.no/fhir/CodeSystem/no-kodeverk-9148.codesystem"/>
            <code value="11"/>
            <display value="Råd til henviser"/>
          </contains>
        </expansion>
      </ValueSet>
    </resource>
  </entry>
  <entry>
    <fullUrl value="http://helsenorge.no/fhir/ValueSet/hn-schedule-type-vs"/>
    <resource>
      <ValueSet>
        <text>
          <status value="generated"/>
          <div xmlns="http://www.w3.org/1999/xhtml">
            <p class="res-header-id">
              <b>Generated Narrative: ValueSet </b>
            </p>
            <p style="border: black 1px dotted; background-color: #EEEEEE; padding: 8px; margin-bottom: 8px">Expansion done internally based on 
              <a href="CodeSystem-hn-schedule-type-cs.html">codesystem Codes that should be used for schedule type v1.2.0 (CodeSystem)</a>
            </p>
            <p>This value set contains 7 concepts</p>
            <table class="codes">
              <tr>
                <td style="white-space:nowrap">
                  <b>Code</b>
                </td>
                <td>
                  <b>System</b>
                </td>
                <td>
                  <b>Display</b>
                </td>
              </tr>
              <tr>
                <td style="white-space:nowrap">
                  <a name="x-http://helsenorge.no/fhir/CodeSystem/hn-schedule-type-cs-Lab"> </a>  
                  <a href="CodeSystem-hn-schedule-type-cs.html#hn-schedule-type-cs-Lab">Lab</a>
                </td>
                <td>http://helsenorge.no/fhir/CodeSystem/hn-schedule-type-cs</td>
                <td>Lab</td>
              </tr>
              <tr>
                <td style="white-space:nowrap">
                  <a name="x-http://helsenorge.no/fhir/CodeSystem/hn-schedule-type-cs-Vaksine"> </a>  
                  <a href="CodeSystem-hn-schedule-type-cs.html#hn-schedule-type-cs-Vaksine">Vaksine</a>
                </td>
                <td>http://helsenorge.no/fhir/CodeSystem/hn-schedule-type-cs</td>
                <td>Vaksine</td>
              </tr>
              <tr>
                <td style="white-space:nowrap">
                  <a name="x-http://helsenorge.no/fhir/CodeSystem/hn-schedule-type-cs-Koronavaksine"> </a>  
                  <a href="CodeSystem-hn-schedule-type-cs.html#hn-schedule-type-cs-Koronavaksine">Koronavaksine</a>
                </td>
                <td>http://helsenorge.no/fhir/CodeSystem/hn-schedule-type-cs</td>
                <td>Koronavaksine</td>
              </tr>
              <tr>
                <td style="white-space:nowrap">
                  <a name="x-http://helsenorge.no/fhir/CodeSystem/hn-schedule-type-cs-Koronatest"> </a>  
                  <a href="CodeSystem-hn-schedule-type-cs.html#hn-schedule-type-cs-Koronatest">Koronatest</a>
                </td>
                <td>http://helsenorge.no/fhir/CodeSystem/hn-schedule-type-cs</td>
                <td>Koronatest</td>
              </tr>
              <tr>
                <td style="white-space:nowrap">
                  <a name="x-http://helsenorge.no/fhir/CodeSystem/hn-schedule-type-cs-Behandlertimebok"> </a>  
                  <a href="CodeSystem-hn-schedule-type-cs.html#hn-schedule-type-cs-Behandlertimebok">Behandlertimebok</a>
                </td>
                <td>http://helsenorge.no/fhir/CodeSystem/hn-schedule-type-cs</td>
                <td>Behandlertimebok</td>
              </tr>
              <tr>
                <td style="white-space:nowrap">
                  <a name="x-http://helsenorge.no/fhir/CodeSystem/hn-schedule-type-cs-Annen"> </a>  
                  <a href="CodeSystem-hn-schedule-type-cs.html#hn-schedule-type-cs-Annen">Annen</a>
                </td>
                <td>http://helsenorge.no/fhir/CodeSystem/hn-schedule-type-cs</td>
                <td>Annen</td>
              </tr>
              <tr>
                <td style="white-space:nowrap">
                  <a name="x-http://helsenorge.no/fhir/CodeSystem/hn-schedule-type-cs-Blodbank"> </a>  
                  <a href="CodeSystem-hn-schedule-type-cs.html#hn-schedule-type-cs-Blodbank">Blodbank</a>
                </td>
                <td>http://helsenorge.no/fhir/CodeSystem/hn-schedule-type-cs</td>
                <td>Blodbank</td>
              </tr>
            </table>
          </div>
        </text>
        <url value="http://helsenorge.no/fhir/ValueSet/hn-schedule-type-vs"/>
        <version value="1.2.0"/>
        <name value="HnScheduleTypeVS"/>
        <title value="hn-schedule-type-vs"/>
        <status value="draft"/>
        <experimental value="true"/>
        <date value="2025-05-29T20:33:03+02:00"/>
        <jurisdiction>
          <coding>
            <system value="urn:iso:std:iso:3166"/>
            <code value="NO"/>
            <display value="Norway"/>
          </coding>
        </jurisdiction>
        <expansion>
          <identifier value="urn:uuid:ff3ff24d-a8e2-4640-b96f-4d499b763313"/>
          <timestamp value="2025-05-29T20:33:40+02:00"/>
          <total value="7"/>
          <offset value="0"/>
          <parameter>
            <name value="count"/>
            <valueInteger value="1000"/>
          </parameter>
          <parameter>
            <name value="offset"/>
            <valueInteger value="0"/>
          </parameter>
          <parameter>
            <name value="excludeNested"/>
            <valueBoolean value="false"/>
          </parameter>
          <parameter>
            <name value="used-codesystem"/>
            <valueUri value="http://helsenorge.no/fhir/CodeSystem/hn-schedule-type-cs|1.2.0"/>
          </parameter>
          <contains>
            <system value="http://helsenorge.no/fhir/CodeSystem/hn-schedule-type-cs"/>
            <code value="Lab"/>
            <display value="Lab"/>
          </contains>
          <contains>
            <system value="http://helsenorge.no/fhir/CodeSystem/hn-schedule-type-cs"/>
            <code value="Vaksine"/>
            <display value="Vaksine"/>
          </contains>
          <contains>
            <system value="http://helsenorge.no/fhir/CodeSystem/hn-schedule-type-cs"/>
            <code value="Koronavaksine"/>
            <display value="Koronavaksine"/>
          </contains>
          <contains>
            <system value="http://helsenorge.no/fhir/CodeSystem/hn-schedule-type-cs"/>
            <code value="Koronatest"/>
            <display value="Koronatest"/>
          </contains>
          <contains>
            <system value="http://helsenorge.no/fhir/CodeSystem/hn-schedule-type-cs"/>
            <code value="Behandlertimebok"/>
            <display value="Behandlertimebok"/>
          </contains>
          <contains>
            <system value="http://helsenorge.no/fhir/CodeSystem/hn-schedule-type-cs"/>
            <code value="Annen"/>
            <display value="Annen"/>
          </contains>
          <contains>
            <system value="http://helsenorge.no/fhir/CodeSystem/hn-schedule-type-cs"/>
            <code value="Blodbank"/>
            <display value="Blodbank"/>
          </contains>
        </expansion>
      </ValueSet>
    </resource>
  </entry>
  <entry>
    <fullUrl value="http://helsenorge.no/fhir/ValueSet/serviceRequest-category-vs"/>
    <resource>
      <ValueSet>
        <text>
          <status value="generated"/>
          <div xmlns="http://www.w3.org/1999/xhtml">
            <p class="res-header-id">
              <b>Generated Narrative: ValueSet </b>
            </p>
            <p style="border: black 1px dotted; background-color: #EEEEEE; padding: 8px; margin-bottom: 8px">Expansion from tx.fhir.org based on SNOMED CT 900000000000207008 edition 01-feb. 2025</p>
            <p>This value set contains 3 concepts</p>
            <table class="codes">
              <tr>
                <td style="white-space:nowrap">
                  <b>Code</b>
                </td>
                <td>
                  <b>System</b>
                </td>
                <td>
                  <b>Display</b>
                </td>
              </tr>
              <tr>
                <td style="white-space:nowrap">
                  <a name="x-http://snomed.info/sct-1269515004"> </a>  
                  <a href="http://snomed.info/id/1269515004">1269515004</a>
                </td>
                <td>http://snomed.info/sct</td>
                <td>Face to face consultation with patient (procedure)</td>
              </tr>
              <tr>
                <td style="white-space:nowrap">
                  <a name="x-http://snomed.info/sct-719410009"> </a>  
                  <a href="http://snomed.info/id/719410009">719410009</a>
                </td>
                <td>http://snomed.info/sct</td>
                <td>Consultation via video conference (procedure)</td>
              </tr>
              <tr>
                <td style="white-space:nowrap">
                  <a name="x-http://snomed.info/sct-3457005"> </a>  
                  <a href="http://snomed.info/id/3457005">3457005</a>
                </td>
                <td>http://snomed.info/sct</td>
                <td>Patient referral</td>
              </tr>
            </table>
          </div>
        </text>
        <url value="http://helsenorge.no/fhir/ValueSet/serviceRequest-category-vs"/>
        <version value="1.2.0"/>
        <name value="ServiceRequestCategoryVS"/>
        <title value="ServiceRequest Category Value Set"/>
        <status value="active"/>
        <experimental value="true"/>
        <date value="2025-05-29T20:33:03+02:00"/>
        <jurisdiction>
          <coding>
            <system value="urn:iso:std:iso:3166"/>
            <code value="NO"/>
            <display value="Norway"/>
          </coding>
        </jurisdiction>
        <expansion>
          <identifier value="urn:uuid:fe73b2ea-8b21-4a77-bf38-791fb0422a06"/>
          <timestamp value="2025-05-29T20:33:40+02:00"/>
          <total value="3"/>
          <offset value="0"/>
          <parameter>
            <name value="count"/>
            <valueInteger value="1000"/>
          </parameter>
          <parameter>
            <name value="offset"/>
            <valueInteger value="0"/>
          </parameter>
          <parameter>
            <name value="excludeNested"/>
            <valueBoolean value="false"/>
          </parameter>
          <parameter>
            <name value="used-valueset"/>
            <valueUri value="null"/>
          </parameter>
          <parameter>
            <name value="used-codesystem"/>
            <valueUri value="http://snomed.info/sct|http://snomed.info/sct/900000000000207008/version/20250201"/>
          </parameter>
          <parameter>
            <name value="version"/>
            <valueUri value="http://snomed.info/sct|http://snomed.info/sct/900000000000207008/version/20250201"/>
          </parameter>
          <contains>
            <system value="http://snomed.info/sct"/>
            <code value="1269515004"/>
            <display value="Face to face consultation with patient (procedure)"/>
          </contains>
          <contains>
            <system value="http://snomed.info/sct"/>
            <code value="719410009"/>
            <display value="Consultation via video conference (procedure)"/>
          </contains>
          <contains>
            <system value="http://snomed.info/sct"/>
            <code value="3457005"/>
            <display value="Patient referral"/>
          </contains>
        </expansion>
      </ValueSet>
    </resource>
  </entry>
</Bundle>