<?xml version="1.0" encoding="UTF-8"?>

<Bundle xmlns="http://hl7.org/fhir">
  <id value="e5b47812-23d9-42ff-af07-d2588421561d"/>
  <meta>
    <lastUpdated value="2023-12-13T17:36:01.721+01:00"/>
  </meta>
  <type value="collection"/>
  <entry>
    <fullUrl value="http://helsenorge.no/fhir/ValueSet/serviceRequest-category-vs"/>
    <resource>
      <ValueSet>
        <text>
          <status value="generated"/>
          <div xmlns="http://www.w3.org/1999/xhtml">
            <p>This value set contains 2 concepts</p>
            <div style="border: black 1px dotted; background-color: #EEEEEE; padding: 8px; margin-bottom: 8px">
              <p>Expansion based on: </p>
              <ul>
                <li>SNOMED CT International edition 01-sep. 2023</li>
                <li>SNOMED CT International edition 01-sep. 2023</li>
              </ul>
            </div>
            <table class="codes">
              <tr>
                <td style="white-space:nowrap">
                  <b>Code</b>
                </td>
                <td>
                  <b>System</b>
                </td>
                <td>
                  <b>Display</b>
                </td>
              </tr>
              <tr>
                <td style="white-space:nowrap">
                  <a name="http---snomed.info-sct-1269515004"> </a>  
                  <a href="http://snomed.info/id/1269515004">1269515004</a>
                </td>
                <td>http://snomed.info/sct</td>
                <td>Face to face consultation with patient</td>
              </tr>
              <tr>
                <td style="white-space:nowrap">
                  <a name="http---snomed.info-sct-719410009"> </a>  
                  <a href="http://snomed.info/id/719410009">719410009</a>
                </td>
                <td>http://snomed.info/sct</td>
                <td>Consultation via video conference</td>
              </tr>
            </table>
          </div>
        </text>
        <url value="http://helsenorge.no/fhir/ValueSet/serviceRequest-category-vs"/>
        <version value="0.2.0"/>
        <name value="ServiceRequestCategoryVS"/>
        <title value="ServiceRequest Category Value Set"/>
        <status value="draft"/>
        <experimental value="true"/>
        <date value="2023-12-13T17:36:01+01:00"/>
        <jurisdiction>
          <coding>
            <system value="urn:iso:std:iso:3166"/>
            <code value="NO"/>
            <display value="Norway"/>
          </coding>
        </jurisdiction>
        <expansion>
          <identifier value="urn:uuid:39ab39aa-cc5f-4ab6-a303-0dcaca8a8435"/>
          <timestamp value="2023-12-13T17:36:33+01:00"/>
          <total value="2"/>
          <parameter>
            <name value="excludeNested"/>
            <valueBoolean value="false"/>
          </parameter>
          <parameter>
            <name value="used-valueset"/>
            <valueUri value="null"/>
          </parameter>
          <parameter>
            <name value="limitedExpansion"/>
            <valueBoolean value="true"/>
          </parameter>
          <parameter>
            <name value="used-codesystem"/>
            <valueUri value="http://snomed.info/sct|http://snomed.info/sct/900000000000207008/version/20230901"/>
          </parameter>
          <parameter>
            <name value="version"/>
            <valueUri value="http://snomed.info/sct|http://snomed.info/sct/900000000000207008/version/20230901"/>
          </parameter>
          <contains>
            <system value="http://snomed.info/sct"/>
            <code value="1269515004"/>
            <display value="Face to face consultation with patient"/>
          </contains>
          <contains>
            <system value="http://snomed.info/sct"/>
            <code value="719410009"/>
            <display value="Consultation via video conference"/>
          </contains>
        </expansion>
      </ValueSet>
    </resource>
  </entry>
</Bundle>