<?xml version="1.0" encoding="UTF-8"?>

<Bundle xmlns="http://hl7.org/fhir">
  <id value="78afc34c-d012-4547-9a7a-5031313f599b"/>
  <meta>
    <lastUpdated value="2025-07-07T00:32:38.568+02:00"/>
  </meta>
  <type value="collection"/>
  <entry>
    <fullUrl value="http://helsenorge.no/fhir/ValueSet/hn-schedule-type-vs"/>
    <resource>
      <ValueSet>
        <text>
          <status value="generated"/>
          <div xmlns="http://www.w3.org/1999/xhtml">
            <p class="res-header-id">
              <b>Generated Narrative: ValueSet </b>
            </p>
            <p style="border: black 1px dotted; background-color: #EEEEEE; padding: 8px; margin-bottom: 8px">Expansion done internally based on 
              <a href="CodeSystem-hn-schedule-type-cs.html">codesystem Codes that should be used for schedule type v1.2.1 (CodeSystem)</a>
            </p>
            <p>This value set contains 7 concepts</p>
            <table class="codes">
              <tr>
                <td style="white-space:nowrap">
                  <b>Code</b>
                </td>
                <td>
                  <b>System</b>
                </td>
                <td>
                  <b>Display</b>
                </td>
              </tr>
              <tr>
                <td style="white-space:nowrap">
                  <a name="x-http://helsenorge.no/fhir/CodeSystem/hn-schedule-type-cs-Lab"> </a>  
                  <a href="CodeSystem-hn-schedule-type-cs.html#hn-schedule-type-cs-Lab">Lab</a>
                </td>
                <td>http://helsenorge.no/fhir/CodeSystem/hn-schedule-type-cs</td>
                <td>Lab</td>
              </tr>
              <tr>
                <td style="white-space:nowrap">
                  <a name="x-http://helsenorge.no/fhir/CodeSystem/hn-schedule-type-cs-Vaksine"> </a>  
                  <a href="CodeSystem-hn-schedule-type-cs.html#hn-schedule-type-cs-Vaksine">Vaksine</a>
                </td>
                <td>http://helsenorge.no/fhir/CodeSystem/hn-schedule-type-cs</td>
                <td>Vaksine</td>
              </tr>
              <tr>
                <td style="white-space:nowrap">
                  <a name="x-http://helsenorge.no/fhir/CodeSystem/hn-schedule-type-cs-Koronavaksine"> </a>  
                  <a href="CodeSystem-hn-schedule-type-cs.html#hn-schedule-type-cs-Koronavaksine">Koronavaksine</a>
                </td>
                <td>http://helsenorge.no/fhir/CodeSystem/hn-schedule-type-cs</td>
                <td>Koronavaksine</td>
              </tr>
              <tr>
                <td style="white-space:nowrap">
                  <a name="x-http://helsenorge.no/fhir/CodeSystem/hn-schedule-type-cs-Koronatest"> </a>  
                  <a href="CodeSystem-hn-schedule-type-cs.html#hn-schedule-type-cs-Koronatest">Koronatest</a>
                </td>
                <td>http://helsenorge.no/fhir/CodeSystem/hn-schedule-type-cs</td>
                <td>Koronatest</td>
              </tr>
              <tr>
                <td style="white-space:nowrap">
                  <a name="x-http://helsenorge.no/fhir/CodeSystem/hn-schedule-type-cs-Behandlertimebok"> </a>  
                  <a href="CodeSystem-hn-schedule-type-cs.html#hn-schedule-type-cs-Behandlertimebok">Behandlertimebok</a>
                </td>
                <td>http://helsenorge.no/fhir/CodeSystem/hn-schedule-type-cs</td>
                <td>Behandlertimebok</td>
              </tr>
              <tr>
                <td style="white-space:nowrap">
                  <a name="x-http://helsenorge.no/fhir/CodeSystem/hn-schedule-type-cs-Annen"> </a>  
                  <a href="CodeSystem-hn-schedule-type-cs.html#hn-schedule-type-cs-Annen">Annen</a>
                </td>
                <td>http://helsenorge.no/fhir/CodeSystem/hn-schedule-type-cs</td>
                <td>Annen</td>
              </tr>
              <tr>
                <td style="white-space:nowrap">
                  <a name="x-http://helsenorge.no/fhir/CodeSystem/hn-schedule-type-cs-Blodbank"> </a>  
                  <a href="CodeSystem-hn-schedule-type-cs.html#hn-schedule-type-cs-Blodbank">Blodbank</a>
                </td>
                <td>http://helsenorge.no/fhir/CodeSystem/hn-schedule-type-cs</td>
                <td>Blodbank</td>
              </tr>
            </table>
          </div>
        </text>
        <url value="http://helsenorge.no/fhir/ValueSet/hn-schedule-type-vs"/>
        <version value="1.2.1"/>
        <name value="HnScheduleTypeVS"/>
        <title value="hn-schedule-type-vs"/>
        <status value="draft"/>
        <experimental value="true"/>
        <date value="2025-07-07T00:32:38+02:00"/>
        <jurisdiction>
          <coding>
            <system value="urn:iso:std:iso:3166"/>
            <code value="NO"/>
            <display value="Norway"/>
          </coding>
        </jurisdiction>
        <expansion>
          <identifier value="urn:uuid:01bdaba2-fc00-4d3f-8c49-86d507087e39"/>
          <timestamp value="2025-07-07T00:33:26+02:00"/>
          <total value="7"/>
          <offset value="0"/>
          <parameter>
            <name value="count"/>
            <valueInteger value="1000"/>
          </parameter>
          <parameter>
            <name value="offset"/>
            <valueInteger value="0"/>
          </parameter>
          <parameter>
            <name value="excludeNested"/>
            <valueBoolean value="false"/>
          </parameter>
          <parameter>
            <name value="used-codesystem"/>
            <valueUri value="http://helsenorge.no/fhir/CodeSystem/hn-schedule-type-cs|1.2.1"/>
          </parameter>
          <contains>
            <system value="http://helsenorge.no/fhir/CodeSystem/hn-schedule-type-cs"/>
            <code value="Lab"/>
            <display value="Lab"/>
          </contains>
          <contains>
            <system value="http://helsenorge.no/fhir/CodeSystem/hn-schedule-type-cs"/>
            <code value="Vaksine"/>
            <display value="Vaksine"/>
          </contains>
          <contains>
            <system value="http://helsenorge.no/fhir/CodeSystem/hn-schedule-type-cs"/>
            <code value="Koronavaksine"/>
            <display value="Koronavaksine"/>
          </contains>
          <contains>
            <system value="http://helsenorge.no/fhir/CodeSystem/hn-schedule-type-cs"/>
            <code value="Koronatest"/>
            <display value="Koronatest"/>
          </contains>
          <contains>
            <system value="http://helsenorge.no/fhir/CodeSystem/hn-schedule-type-cs"/>
            <code value="Behandlertimebok"/>
            <display value="Behandlertimebok"/>
          </contains>
          <contains>
            <system value="http://helsenorge.no/fhir/CodeSystem/hn-schedule-type-cs"/>
            <code value="Annen"/>
            <display value="Annen"/>
          </contains>
          <contains>
            <system value="http://helsenorge.no/fhir/CodeSystem/hn-schedule-type-cs"/>
            <code value="Blodbank"/>
            <display value="Blodbank"/>
          </contains>
        </expansion>
      </ValueSet>
    </resource>
  </entry>
  <entry>
    <fullUrl value="http://helsenorge.no/fhir/ValueSet/serviceRequest-category-vs"/>
    <resource>
      <ValueSet>
        <text>
          <status value="generated"/>
          <div xmlns="http://www.w3.org/1999/xhtml">
            <p class="res-header-id">
              <b>Generated Narrative: ValueSet </b>
            </p>
            <p style="border: black 1px dotted; background-color: #EEEEEE; padding: 8px; margin-bottom: 8px">Expansion from tx.fhir.org based on SNOMED CT 900000000000207008 edition 01-feb. 2025</p>
            <p>This value set contains 3 concepts</p>
            <table class="codes">
              <tr>
                <td style="white-space:nowrap">
                  <b>Code</b>
                </td>
                <td>
                  <b>System</b>
                </td>
                <td>
                  <b>Display</b>
                </td>
              </tr>
              <tr>
                <td style="white-space:nowrap">
                  <a name="x-http://snomed.info/sct-1269515004"> </a>  
                  <a href="http://snomed.info/id/1269515004">1269515004</a>
                </td>
                <td>http://snomed.info/sct</td>
                <td>Face to face consultation with patient (procedure)</td>
              </tr>
              <tr>
                <td style="white-space:nowrap">
                  <a name="x-http://snomed.info/sct-719410009"> </a>  
                  <a href="http://snomed.info/id/719410009">719410009</a>
                </td>
                <td>http://snomed.info/sct</td>
                <td>Consultation via video conference (procedure)</td>
              </tr>
              <tr>
                <td style="white-space:nowrap">
                  <a name="x-http://snomed.info/sct-3457005"> </a>  
                  <a href="http://snomed.info/id/3457005">3457005</a>
                </td>
                <td>http://snomed.info/sct</td>
                <td>Patient referral</td>
              </tr>
            </table>
          </div>
        </text>
        <url value="http://helsenorge.no/fhir/ValueSet/serviceRequest-category-vs"/>
        <version value="1.2.1"/>
        <name value="ServiceRequestCategoryVS"/>
        <title value="ServiceRequest Category Value Set"/>
        <status value="active"/>
        <experimental value="true"/>
        <date value="2025-07-07T00:32:38+02:00"/>
        <jurisdiction>
          <coding>
            <system value="urn:iso:std:iso:3166"/>
            <code value="NO"/>
            <display value="Norway"/>
          </coding>
        </jurisdiction>
        <expansion>
          <identifier value="urn:uuid:3aee2a01-6f61-48ad-a17b-b540e57fc260"/>
          <timestamp value="2025-07-07T00:33:26+02:00"/>
          <total value="3"/>
          <offset value="0"/>
          <parameter>
            <name value="count"/>
            <valueInteger value="1000"/>
          </parameter>
          <parameter>
            <name value="offset"/>
            <valueInteger value="0"/>
          </parameter>
          <parameter>
            <name value="excludeNested"/>
            <valueBoolean value="false"/>
          </parameter>
          <parameter>
            <name value="used-valueset"/>
            <valueUri value="null"/>
          </parameter>
          <parameter>
            <name value="used-codesystem"/>
            <valueUri value="http://snomed.info/sct|http://snomed.info/sct/900000000000207008/version/20250201"/>
          </parameter>
          <parameter>
            <name value="version"/>
            <valueUri value="http://snomed.info/sct|http://snomed.info/sct/900000000000207008/version/20250201"/>
          </parameter>
          <contains>
            <system value="http://snomed.info/sct"/>
            <code value="1269515004"/>
            <display value="Face to face consultation with patient (procedure)"/>
          </contains>
          <contains>
            <system value="http://snomed.info/sct"/>
            <code value="719410009"/>
            <display value="Consultation via video conference (procedure)"/>
          </contains>
          <contains>
            <system value="http://snomed.info/sct"/>
            <code value="3457005"/>
            <display value="Patient referral"/>
          </contains>
        </expansion>
      </ValueSet>
    </resource>
  </entry>
</Bundle>