<?xml version="1.0" encoding="UTF-8"?>

<NamingSystem xmlns="http://hl7.org/fhir">
  <id value="no-basis-orgnr"/>
  <text>
    <status value="generated"/><div xmlns="http://www.w3.org/1999/xhtml"><p class="res-header-id"><b>Generated Narrative: NamingSystem no-basis-orgnr</b></p><a name="no-basis-orgnr"> </a><a name="hcno-basis-orgnr"> </a><a name="no-basis-orgnr-no-NO"> </a><h3>Summary</h3><table class="grid"><tr><td>Defining URL</td><td>http://helsenorge.no/fhir/NamingSystem/no-basis-orgnr</td></tr><tr><td>Version</td><td>1.0.0</td></tr><tr><td>Name</td><td>Organisasjonsnummer</td></tr><tr><td>Status</td><td>active</td></tr><tr><td>Definition</td><td><div><p>Nisifret, informasjonsløst nummer som entydig identifiserer virksomheter i Enhetsregisteret</p>
</div></td></tr></table><h3>Identifiers</h3><table class="grid"><tr><td><b>Type</b></td><td><b>Value</b></td><td><b>Preferred</b></td></tr><tr><td>URI</td><td>http://data.brreg.no/begrep/28155</td><td>false</td></tr><tr><td>OID</td><td>2.16.578.1.12.4.1.4.101</td><td>true</td></tr></table></div>
  </text>
  <extension url="http://hl7.org/fhir/5.0/StructureDefinition/extension-NamingSystem.url">
    <valueUri value="http://helsenorge.no/fhir/NamingSystem/no-basis-orgnr"/>
  </extension>
  <extension url="http://hl7.org/fhir/5.0/StructureDefinition/extension-NamingSystem.version">
    <valueString value="1.0.0"/>
  </extension>
  <name value="Organisasjonsnummer"/>
  <status value="active"/>
  <kind value="identifier"/>
  <date value="2022-02-10"/>
  <responsible value="Brønnøysundregistrene"/>
  <description value="Nisifret, informasjonsløst nummer som entydig identifiserer virksomheter i Enhetsregisteret"/>
  <jurisdiction>
    <coding>
      <system value="urn:iso:std:iso:3166"/>
      <code value="NO"/>
      <display value="Norway"/>
    </coding>
  </jurisdiction>
  <usage value="Er bygd opp i henhold til modulus 11. Organisasjonsnummeret inneholder ingen informasjon om enhetens organisasjonsform, eierforhold, adresser og lignende."/>
  <uniqueId>
    <type value="uri"/>
    <value value="http://data.brreg.no/begrep/28155"/>
    <preferred value="false"/>
  </uniqueId>
  <uniqueId>
    <type value="oid"/>
    <value value="2.16.578.1.12.4.1.4.101"/>
    <preferred value="true"/>
  </uniqueId>
</NamingSystem>