{
  "resourceType" : "NamingSystem",
  "id" : "no-basis-dnummer",
  "meta" : {
    "versionId" : "1.0"
  },
  "text" : {
    "status" : "generated",
    "div" : "<div xmlns=\"http://www.w3.org/1999/xhtml\"><h3>Summary</h3><table class=\"grid\"><tr><td>Defining URL</td><td>http://helsenorge.no/fhir/NamingSystem/no-basis-dnummer</td></tr><tr><td>Version</td><td>0.2.0</td></tr><tr><td>Name</td><td>Dnummer</td></tr><tr><td>Status</td><td>active</td></tr><tr><td>Definition</td><td><div><p>Personidentifikator for personer som ikke har fødselsnummer og som ikke skal registreres som bosatt i Norge. The D-nummer of the patient. (assigned by the norwegian Skatteetaten)</p>\n</div></td></tr><tr><td>Publisher</td><td>Direktoratet for e-helse</td></tr></table><h3>Identifiers</h3><table class=\"grid\"><tr><td><b>Type</b></td><td><b>Value</b></td><td><b>Preferred</b></td></tr><tr><td>URI</td><td>http://hl7.no/fhir/NamingSystem/DNR</td><td>false</td></tr><tr><td>OID</td><td>2.16.578.1.12.4.1.4.2</td><td>true</td></tr></table></div>"
  },
  "extension" : [{
    "url" : "http://hl7.org/fhir/5.0/StructureDefinition/extension-NamingSystem.url",
    "valueUri" : "http://helsenorge.no/fhir/NamingSystem/no-basis-dnummer"
  },
  {
    "url" : "http://hl7.org/fhir/5.0/StructureDefinition/extension-NamingSystem.version",
    "valueString" : "0.2.0"
  }],
  "name" : "Dnummer",
  "status" : "active",
  "kind" : "identifier",
  "date" : "2018-10-26",
  "publisher" : "Direktoratet for e-helse",
  "responsible" : "Skatteetaten",
  "description" : "Personidentifikator for personer som ikke har fødselsnummer og som ikke skal registreres som bosatt i Norge. The D-nummer of the patient. (assigned by the norwegian Skatteetaten)",
  "jurisdiction" : [{
    "coding" : [{
      "system" : "urn:iso:std:iso:3166",
      "code" : "NO",
      "display" : "Norway"
    }]
  }],
  "uniqueId" : [{
    "type" : "uri",
    "value" : "http://hl7.no/fhir/NamingSystem/DNR",
    "preferred" : false
  },
  {
    "type" : "oid",
    "value" : "2.16.578.1.12.4.1.4.2",
    "preferred" : true
  }]
}