<?xml version="1.0" encoding="UTF-8"?>

<Observation xmlns="http://hl7.org/fhir">
  <id value="Eksempel-representasjon-i-meta-security"/>
  <meta>
    <security>
      <extension url="http://helsenorge.no/fhir/StructureDefinition/hn-extension-representant">
        <extension url="name">
          <valueHumanName>
            <family value="Danser"/>
            <given value="Line"/>
          </valueHumanName>
        </extension>
        <extension url="ident">
          <valueIdentifier>
            <type>
              <coding>
                <system value="urn:oid:2.16.578.1.12.4.1.1.8116"/>
                <code value="FNR"/>
                <display value="Fødselsnummer"/>
              </coding>
            </type>
            <value value="12345678901"/>
          </valueIdentifier>
        </extension>
      </extension>
      <system value="urn:oid:2.16.578.1.12.4.1.1.7611"/>
      <code value="FO"/>
      <display value="Foreldreansvar"/>
    </security>
  </meta>
  <text>
    <status value="generated"/><div xmlns="http://www.w3.org/1999/xhtml"><p><b>Generated Narrative: Observation</b><a name="Eksempel-representasjon-i-meta-security"> </a></p><div style="display: inline-block; background-color: #d9e0e7; padding: 6px; margin: 4px; border: 1px solid #8da1b4; border-radius: 5px; line-height: 60%"><p style="margin-bottom: 0px">Resource Observation &quot;Eksempel-representasjon-i-meta-security&quot; </p><p style="margin-bottom: 0px">Security Labels: <span title="{urn:oid:2.16.578.1.12.4.1.1.7611 urn:oid:2.16.578.1.12.4.1.1.7611}">urn:oid:2.16.578.1.12.4.1.1.7611</span></p></div><p><b>status</b>: final</p><p><b>category</b>: Survey <span style="background: LightGoldenRodYellow; margin: 4px; border: 1px solid khaki"> (<a href="http://terminology.hl7.org/5.3.0/CodeSystem-observation-category.html">Observation Category Codes</a>#survey)</span></p><p><b>code</b>: Foreldres observasjon av barnets symptomer <span style="background: LightGoldenRodYellow; margin: 4px; border: 1px solid khaki"> ()</span></p><p><b>subject</b>: <a href="Patient-example-girl.html">Patient/example-girl</a> &quot; DANSER&quot;</p><p><b>effective</b>: 2023-11-02 10:30:00+0000</p><p><b>performer</b>: <a href="RelatedPerson-line-danser.html">RelatedPerson/line-danser</a> &quot; DANSER&quot;</p><p><b>note</b>: Barnet har klaget over øresmerter og har vært mer irritabelt enn vanlig. Periodisk gnissing av øret er observert.</p></div>
  </text>
  <status value="final"/>
  <category>
    <coding>
      <system value="http://terminology.hl7.org/CodeSystem/observation-category"/>
      <code value="survey"/>
      <display value="Survey"/>
    </coding>
  </category>
  <code>
    <text value="Foreldres observasjon av barnets symptomer"/>
  </code>
  <subject>
    <reference value="Patient/example-girl"/>
  </subject>
  <effectiveDateTime value="2023-11-02T10:30:00Z"/>
  <performer>
    <reference value="RelatedPerson/line-danser"/>
  </performer>
  <note>
    <text value="Barnet har klaget over øresmerter og har vært mer irritabelt enn vanlig. Periodisk gnissing av øret er observert."/>
  </note>
</Observation>