<?xml version="1.0" encoding="UTF-8"?>

<Patient xmlns="http://hl7.org/fhir">
  <id value="example-girl"/>
  <text>
    <status value="generated"/><div xmlns="http://www.w3.org/1999/xhtml"><p class="res-header-id"><b>Generated Narrative: Patient example-girl</b></p><a name="example-girl"> </a><a name="hcexample-girl"> </a><a name="example-girl-no-NO"> </a><p style="border: 1px #661aff solid; background-color: #e6e6ff; padding: 10px;">Jane Danser  Female, DoB: 2015-11-02</p><hr/></div>
  </text>
  <name>
    <family value="Danser"/>
    <given value="Jane"/>
  </name>
  <gender value="female"/>
  <birthDate value="2015-11-02"/>
</Patient>