<?xml version="1.0" encoding="UTF-8"?>

<Schedule xmlns="http://hl7.org/fhir">
  <id value="Eksempel-schedule-vaksine"/>
  <meta>
    <profile value="http://helsenorge.no/fhir/StructureDefinition/hn-basis-schedule"/>
  </meta>
  <text>
    <status value="extensions"/><div xmlns="http://www.w3.org/1999/xhtml"><p><b>Generated Narrative: Schedule</b><a name="Eksempel-schedule-vaksine"> </a></p><div style="display: inline-block; background-color: #d9e0e7; padding: 6px; margin: 4px; border: 1px solid #8da1b4; border-radius: 5px; line-height: 60%"><p style="margin-bottom: 0px">Resource Schedule &quot;Eksempel-schedule-vaksine&quot; </p><p style="margin-bottom: 0px">Profile: <a href="StructureDefinition-hn-basis-schedule.html">HnBasisSchedule</a></p></div><blockquote><p><b>Periode for første og siste ledige slot i timebok</b></p><blockquote><p><b>url</b></p><code>freePlanningHorizon</code></blockquote><p><b>value</b>: 2023-12-18 12:10:00+0000 --&gt; 2023-12-19 14:30:00+0000</p></blockquote><p><b>identifier</b>: id: bf3de63e-0a21-4712-ae2c-0b5d44b4e0af</p><p><b>active</b>: true</p><p><b>serviceCategory</b>: General Practice <span style="background: LightGoldenRodYellow; margin: 4px; border: 1px solid khaki"> (<a href="http://terminology.hl7.org/5.3.0/CodeSystem-service-category.html">Service category</a>#17)</span></p><p><b>serviceType</b>: Vaksine time <span style="background: LightGoldenRodYellow; margin: 4px; border: 1px solid khaki"> (unknown#Vaksine)</span></p><p><b>actor</b>: <span>: Sørbygda legevakt</span></p><p><b>planningHorizon</b>: 2023-12-01 09:15:00+0000 --&gt; 2023-12-22 17:00:00+0000</p><p><b>comment</b>: Schedule influense vaksinering i desember 2023</p></div>
  </text>
  <extension url="http://helsenorge.no/fhir/StructureDefinition/hn-extension-free-slot-planningHorizon">
    <extension url="freePlanningHorizon">
      <valuePeriod>
        <start value="2023-12-18T12:10:00Z"/>
        <end value="2023-12-19T14:30:00Z"/>
      </valuePeriod>
    </extension>
  </extension>
  <identifier>
    <system value="http://example.org/schedule-identifiers"/>
    <value value="bf3de63e-0a21-4712-ae2c-0b5d44b4e0af"/>
  </identifier>
  <active value="true"/>
  <serviceCategory>
    <coding>
      <system value="http://terminology.hl7.org/CodeSystem/service-category"/>
      <code value="17"/>
      <display value="General Practice"/>
    </coding>
  </serviceCategory>
  <serviceType>
    <coding>
      <system value="urn:oid:2.16.578.1.12.4.1.1.7617"/>
      <code value="Vaksine"/>
      <display value="Vaksine time"/>
    </coding>
  </serviceType>
  <actor>
    <type value="HealthcareService"/>
    <identifier>
      <system value="urn:oid:2.16.578.1.12.4.1.4.101"/>
      <value value="orgnr11112233344"/>
    </identifier>
    <display value="Sørbygda legevakt"/>
  </actor>
  <planningHorizon>
    <start value="2023-12-01T09:15:00Z"/>
    <end value="2023-12-22T17:00:00Z"/>
  </planningHorizon>
  <comment value="Schedule influense vaksinering i desember 2023"/>
</Schedule>