{
  "resourceType" : "Schedule",
  "id" : "Eksempel-schedule-vaksine",
  "meta" : {
    "profile" : ["http://helsenorge.no/fhir/StructureDefinition/hn-basis-schedule"]
  },
  "text" : {
    "status" : "extensions",
    "div" : "<div xmlns=\"http://www.w3.org/1999/xhtml\"><p><b>Generated Narrative: Schedule</b><a name=\"Eksempel-schedule-vaksine\"> </a></p><div style=\"display: inline-block; background-color: #d9e0e7; padding: 6px; margin: 4px; border: 1px solid #8da1b4; border-radius: 5px; line-height: 60%\"><p style=\"margin-bottom: 0px\">Resource Schedule &quot;Eksempel-schedule-vaksine&quot; </p><p style=\"margin-bottom: 0px\">Profile: <a href=\"StructureDefinition-hn-basis-schedule.html\">HnBasisSchedule</a></p></div><blockquote><p><b>Periode for første og siste ledige slot i timebok</b></p><blockquote><p><b>url</b></p><code>freePlanningHorizon</code></blockquote><p><b>value</b>: 2023-12-18 12:10:00+0000 --&gt; 2023-12-19 14:30:00+0000</p></blockquote><p><b>identifier</b>: id:\u00a0urn:uuid:bf3de63e-0a21-4712-ae2c-0b5d44b4e0af</p><p><b>active</b>: true</p><p><b>serviceCategory</b>: General Practice <span style=\"background: LightGoldenRodYellow; margin: 4px; border: 1px solid khaki\"> (<a href=\"http://terminology.hl7.org/5.3.0/CodeSystem-service-category.html\">Service category</a>#17)</span></p><p><b>serviceType</b>: Vaksine time <span style=\"background: LightGoldenRodYellow; margin: 4px; border: 1px solid khaki\"> (unknown#Vaksine)</span></p><p><b>actor</b>: <span>: Sørbygda legevakt</span></p><p><b>planningHorizon</b>: 2023-12-01 09:15:00+0000 --&gt; 2023-12-22 17:00:00+0000</p><p><b>comment</b>: Schedule influense vaksinering i desember 2023</p></div>"
  },
  "extension" : [{
    "extension" : [{
      "url" : "freePlanningHorizon",
      "valuePeriod" : {
        "start" : "2023-12-18T12:10:00Z",
        "end" : "2023-12-19T14:30:00Z"
      }
    }],
    "url" : "http://helsenorge.no/fhir/StructureDefinition/hn-extension-free-slot-planningHorizon"
  }],
  "identifier" : [{
    "system" : "urn:ietf:rfc:3986",
    "value" : "urn:uuid:bf3de63e-0a21-4712-ae2c-0b5d44b4e0af"
  }],
  "active" : true,
  "serviceCategory" : [{
    "coding" : [{
      "system" : "http://terminology.hl7.org/CodeSystem/service-category",
      "code" : "17",
      "display" : "General Practice"
    }]
  }],
  "serviceType" : [{
    "coding" : [{
      "system" : "urn:oid:2.16.578.1.12.4.1.1.7617",
      "code" : "Vaksine",
      "display" : "Vaksine time"
    }]
  }],
  "actor" : [{
    "type" : "HealthcareService",
    "identifier" : {
      "system" : "urn:oid:2.16.578.1.12.4.1.4.101",
      "value" : "orgnr11112233344"
    },
    "display" : "Sørbygda legevakt"
  }],
  "planningHorizon" : {
    "start" : "2023-12-01T09:15:00Z",
    "end" : "2023-12-22T17:00:00Z"
  },
  "comment" : "Schedule influense vaksinering i desember 2023"
}